사고번호,사고일시,요일,시군구,사고내용,사망자수,중상자수,경상자수,부상신고자수,사고유형,법규위반,노면상태,기상상태,도로형태,가해운전자 차종,가해운전자 성별,가해운전자 연령,가해운전자 상해정도,피해운전자 차종,피해운전자 성별,피해운전자 연령,피해운전자 상해정도
2013011200100492,2013년 1월 12일 19시,토요일,충청북도 청주시 흥덕구 봉명동,경상사고,0,0,1,0,차대차 - 추돌 - 진행중,안전운전불이행,건조,맑음,교차로 - 교차로부근,승용,남,26세,상해없음,승용,남,36세,경상
2013011200100521,2013년 1월 12일 20시,토요일,충청북도 청주시 상당구 서문동,경상사고,0,0,1,0,차대사람 - 기타,안전운전불이행,결빙,맑음,교차로 - 교차로안,기타불명,기타불명,기타불명,기타불명,보행자,남,45세,경상
2013011200100522,2013년 1월 12일 20시,토요일,충청북도 제천시 신월동,중상사고,0,1,0,0,차대차 - 측면직각충돌,안전운전불이행,습기,맑음,단일로 - 기타,화물,남,53세,상해없음,화물,남,50세,중상
2013011200100545,2013년 1월 12일 21시,토요일,충청북도 청주시 흥덕구 복대동,중상사고,0,1,0,0,차대차 - 측면직각충돌,신호위반,건조,맑음,교차로 - 교차로안,승용,남,47세,상해없음,승용,남,39세,중상
2013011200100572,2013년 1월 12일 22시,토요일,충청북도 청주시 흥덕구 복대동,경상사고,0,0,1,0,차대차 - 측면직각충돌,교차로운행방법위반,건조,맑음,단일로 - 기타,승용,남,53세,상해없음,이륜,남,16세,경상
2013011300100055,2013년 1월 13일 02시,일요일,충청북도 보은군 장안면,경상사고,0,0,1,0,차량단독 - 전도전복,안전운전불이행,건조,기타,단일로 - 기타,승용,남,57세,경상,,,,
2013011300100079,2013년 1월 13일 04시,일요일,충청북도 청주시 흥덕구 분평동,경상사고,0,0,2,0,차대차 - 측면직각충돌,신호위반,건조,맑음,교차로 - 교차로안,승용,남,33세,경상,승용,남,59세,경상
2013011300100102,2013년 1월 13일 06시,일요일,충청북도 제천시 송학면,경상사고,0,0,1,0,차량단독 - 전도전복,안전운전불이행,결빙,흐림,단일로 - 기타,승용,남,32세,경상,,,,
2013011300100117,2013년 1월 13일 07시,일요일,충청북도 충주시 풍동,경상사고,0,0,2,0,차대차 - 추돌 - 진행중,안전운전불이행,습기,안개,단일로 - 기타,승용,남,27세,상해없음,승용,남,75세,경상
2013011300100139,2013년 1월 13일 09시,일요일,충청북도 충주시 주덕읍,중상사고,0,3,1,0,차대차 - 추돌 - 주정차중,안전운전불이행,기타,안개,교차로 - 교차로부근,화물,남,44세,경상,승합,남,37세,중상
2013011300100190,2013년 1월 13일 12시,일요일,충청북도 청원군 현도면,중상사고,0,2,0,0,차량단독 - 공작물충돌,안전운전불이행,습기,흐림,단일로 - 기타,승용,남,38세,중상,,,,
2013011300100201,2013년 1월 13일 13시,일요일,충청북도 괴산군 괴산읍,중상사고,0,1,0,0,차대차 - 측면직각충돌,교차로운행방법위반,건조,흐림,교차로 - 교차로안,승용,여,37세,상해없음,이륜,남,16세,중상
2013011300100218,2013년 1월 13일 14시,일요일,충청북도 청원군 내수읍,사망사고,1,0,4,0,차대차 - 기타,안전운전불이행,습기,흐림,단일로 - 기타,화물,남,62세,상해없음,승용,여,58세,경상
2013011300100240,2013년 1월 13일 15시,일요일,충청북도 충주시 봉방동,중상사고,0,2,5,0,차대차 - 추돌 - 주정차중,안전운전불이행,건조,맑음,단일로 - 기타,승합,남,45세,상해없음,승합,남,35세,경상
2013011300100274,2013년 1월 13일 17시,일요일,충청북도 청주시 흥덕구 운천동,경상사고,0,0,1,0,차대사람 - 횡단중,보행자보호의무위반,건조,맑음,단일로 - 기타,승용,남,42세,상해없음,보행자,여,35세,경상
2013011300100275,2013년 1월 13일 17시,일요일,충청북도 청원군 오송읍,사망사고,1,0,0,0,차량단독 - 전도전복,안전운전불이행,결빙,맑음,단일로 - 기타,농기계,남,59세,사망,,,,
2013011300100305,2013년 1월 13일 18시,일요일,충청북도 청원군 북이면,중상사고,0,1,0,0,차대차 - 추돌 - 진행중,안전운전불이행,건조,맑음,단일로 - 기타,화물,남,49세,상해없음,원동기,남,39세,중상
2013011300100370,2013년 1월 13일 20시,일요일,충청북도 충주시 금릉동,경상사고,0,0,2,0,차대차 - 측면직각충돌,안전운전불이행,건조,맑음,단일로 - 기타,승용,여,44세,상해없음,승용,남,30세,경상
2013011300100401,2013년 1월 13일 21시,일요일,충청북도 충주시 교현동,경상사고,0,0,2,0,차대차 - 측면직각충돌,신호위반,건조,맑음,교차로 - 교차로안,원동기,남,16세,상해없음,승용,남,26세,경상
2013011300100402,2013년 1월 13일 21시,일요일,충청북도 청주시 흥덕구 복대동,중상사고,0,1,0,0,차대차 - 측면직각충돌,안전운전불이행,건조,맑음,기타 - 기타,승용,남,29세,상해없음,승용,남,28세,중상
2013011300100429,2013년 1월 13일 22시,일요일,충청북도 청주시 흥덕구 봉명동,중상사고,0,1,2,0,차대차 - 추돌 - 진행중,차로위반,습기,맑음,단일로 - 기타,승용,남,26세,상해없음,승용,남,49세,경상
2013011300100430,2013년 1월 13일 22시,일요일,충청북도 청주시 흥덕구 수곡동,경상사고,0,0,2,0,차대차 - 추돌 - 주정차중,안전운전불이행,건조,맑음,교차로 - 교차로안,승용,남,57세,상해없음,승용,남,34세,경상
2013011400100042,2013년 1월 14일 04시,월요일,충청북도 음성군 대소면,사망사고,1,1,0,0,차대차 - 추돌 - 진행중,안전운전불이행,습기,안개,단일로 - 기타,승용,남,49세,상해없음,화물,남,53세,사망
2013011400100043,2013년 1월 14일 04시,월요일,충청북도 음성군 대소면,중상사고,0,5,6,0,차대차 - 기타,안전운전불이행,기타,안개,단일로 - 기타,특수,남,57세,경상,화물,남,49세,중상
2013011400100105,2013년 1월 14일 08시,월요일,충청북도 진천군 진천읍,경상사고,0,0,2,0,차대차 - 측면직각충돌,직진우회전진행방해,습기,안개,교차로 - 교차로안,승용,여,33세,경상,승용,여,44세,경상
2013011400100106,2013년 1월 14일 08시,월요일,충청북도 청주시 흥덕구 봉명동,중상사고,0,1,1,0,차대차 - 측면직각충돌,안전운전불이행,건조,맑음,교차로 - 교차로안,승용,남,29세,경상,승용,남,53세,중상
2013011400100131,2013년 1월 14일 09시,월요일,충청북도 증평군 증평읍,사망사고,1,0,0,0,차대사람 - 횡단중,안전운전불이행,건조,흐림,단일로 - 기타,승합,남,66세,상해없음,보행자,여,73세,사망
2013011400100158,2013년 1월 14일 10시,월요일,충청북도 제천시 고암동,중상사고,0,1,0,0,차대차 - 측면직각충돌,중앙선침범,건조,맑음,교차로 - 교차로부근,화물,남,59세,상해없음,건설기계,남,46세,중상
2013011400100159,2013년 1월 14일 10시,월요일,충청북도 청주시 상당구 영운동,경상사고,0,0,1,0,차대사람 - 횡단중,안전운전불이행,건조,맑음,교차로 - 교차로안,화물,남,55세,상해없음,보행자,남,18세,경상
2013011400100179,2013년 1월 14일 11시,월요일,충청북도 청주시 흥덕구 가경동,경상사고,0,0,1,0,차대차 - 측면직각충돌,안전운전불이행,건조,맑음,단일로 - 기타,승용,남,70세,상해없음,이륜,남,39세,경상
2013011400100241,2013년 1월 14일 14시,월요일,충청북도 음성군 원남면,경상사고,0,0,4,0,차대차 - 정면충돌,중앙선침범,건조,맑음,단일로 - 기타,승용,남,57세,경상,화물,남,73세,경상
2013011400100262,2013년 1월 14일 15시,월요일,충청북도 충주시 교현동,중상사고,0,3,0,0,차대차 - 추돌 - 진행중,안전운전불이행,습기,맑음,단일로 - 기타,특수,남,59세,상해없음,승용,여,50세,중상
2013011400100263,2013년 1월 14일 15시,월요일,충청북도 청주시 흥덕구 사직동,중상사고,0,1,0,0,차대사람 - 보도통행중,보행자보호의무위반,건조,맑음,교차로 - 교차로안,승용,여,55세,상해없음,보행자,여,71세,중상
2013011400100264,2013년 1월 14일 15시,월요일,충청북도 청주시 흥덕구 복대동,경상사고,0,0,1,0,차대차 - 측면직각충돌,안전운전불이행,건조,맑음,교차로 - 교차로안,승용,남,68세,상해없음,승합,남,47세,상해없음
2013011400100352,2013년 1월 14일 18시,월요일,충청북도 충주시 용산동,경상사고,0,0,2,0,차대차 - 기타,기타,건조,맑음,단일로 - 기타,승용,여,41세,상해없음,승용,남,45세,경상
2013011400100394,2013년 1월 14일 19시,월요일,충청북도 진천군 덕산면,중상사고,0,1,0,0,차대차 - 측면직각충돌,안전운전불이행,건조,맑음,교차로 - 교차로부근,승용,남,53세,상해없음,화물,남,59세,중상
2013011400100454,2013년 1월 14일 21시,월요일,충청북도 충주시 성내동,경상사고,0,0,1,0,차대차 - 추돌 - 진행중,안전운전불이행,건조,맑음,단일로 - 기타,승용,남,65세,상해없음,승용,남,37세,경상
2013011400100455,2013년 1월 14일 21시,월요일,충청북도 음성군 대소면,중상사고,0,1,0,0,차대차 - 기타,안전운전불이행,건조,맑음,단일로 - 터널,화물,남,58세,상해없음,화물,남,32세,중상
2013011400100482,2013년 1월 14일 22시,월요일,충청북도 청주시 상당구 문화동,경상사고,0,0,2,0,차대차 - 기타,중앙선침범,건조,맑음,단일로 - 기타,승용,남,57세,상해없음,승용,남,54세,경상
2013011400100504,2013년 1월 14일 23시,월요일,충청북도 청주시 흥덕구 사직동,중상사고,0,1,1,0,차대차 - 측면직각충돌,안전거리미확보,건조,맑음,교차로 - 교차로부근,승용,남,30세,상해없음,승용,여,57세,중상
2013011400100505,2013년 1월 14일 23시,월요일,충청북도 청주시 상당구 용암동,경상사고,0,0,1,0,차대사람 - 횡단중,안전운전불이행,건조,맑음,교차로 - 교차로안,승용,남,36세,상해없음,보행자,여,26세,경상
2013011500100034,2013년 1월 15일 01시,화요일,충청북도 진천군 진천읍,중상사고,0,1,0,0,차량단독 - 공작물충돌,안전운전불이행,건조,맑음,교차로 - 교차로부근,승용,남,45세,중상,,,,
2013011500100046,2013년 1월 15일 02시,화요일,충청북도 제천시 중앙로2가,중상사고,0,1,0,0,차대차 - 기타,불법유턴,습기,맑음,단일로 - 기타,승용,남,25세,상해없음,승용,여,50세,중상
2013011500100047,2013년 1월 15일 02시,화요일,충청북도 청주시 흥덕구 복대동,경상사고,0,0,1,0,차대사람 - 기타,안전운전불이행,건조,맑음,단일로 - 기타,승용,남,52세,상해없음,보행자,남,53세,경상
2013011500100048,2013년 1월 15일 02시,화요일,충청북도 청원군 옥산면,중상사고,0,1,1,0,차량단독 - 공작물충돌,안전운전불이행,결빙,눈,단일로 - 기타,승용,남,35세,중상,,,,
2013011500100049,2013년 1월 15일 02시,화요일,충청북도 청주시 흥덕구 성화동,경상사고,0,0,1,0,차대차 - 측면직각충돌,교차로운행방법위반,건조,맑음,교차로 - 교차로안,승용,남,26세,상해없음,승용,남,50세,상해없음
2013011500100078,2013년 1월 15일 05시,화요일,충청북도 청주시 흥덕구 성화동,경상사고,0,0,2,0,차대차 - 측면직각충돌,신호위반,건조,맑음,교차로 - 교차로안,승용,남,18세,상해없음,승용,남,41세,경상
2013011500100130,2013년 1월 15일 08시,화요일,충청북도 충주시 성남동,중상사고,0,1,0,0,차대사람 - 횡단중,안전운전불이행,건조,맑음,단일로 - 기타,화물,남,49세,상해없음,보행자,여,79세,중상
2013011500100154,2013년 1월 15일 09시,화요일,충청북도 충주시 문화동,경상사고,0,0,2,0,차대차 - 추돌 - 진행중,안전운전불이행,건조,맑음,교차로 - 교차로부근,승용,남,53세,상해없음,승용,여,50세,경상
2013011500100155,2013년 1월 15일 09시,화요일,충청북도 단양군 단양읍,중상사고,0,1,1,0,차대차 - 정면충돌,중앙선침범,적설,맑음,단일로 - 기타,화물,남,50세,상해없음,승합,남,33세,중상
2013011500100156,2013년 1월 15일 09시,화요일,충청북도 청주시 흥덕구 사직동,경상사고,0,0,1,0,차대차 - 추돌 - 주정차중,안전거리미확보,건조,맑음,단일로 - 기타,승용,남,64세,상해없음,화물,남,56세,경상
2013011500100181,2013년 1월 15일 10시,화요일,충청북도 충주시 앙성면,사망사고,1,0,0,1,차대차 - 기타,안전운전불이행,건조,맑음,교차로 - 교차로부근,승용,남,27세,부상신고,승용,남,66세,사망
2013011500100202,2013년 1월 15일 11시,화요일,충청북도 청원군 오송읍,중상사고,0,1,0,0,차대사람 - 횡단중,안전운전불이행,건조,맑음,단일로 - 기타,승용,여,51세,상해없음,보행자,여,41세,중상
2013011500100214,2013년 1월 15일 12시,화요일,충청북도 청주시 흥덕구 수곡동,경상사고,0,0,2,0,차대차 - 측면직각충돌,안전운전불이행,건조,맑음,단일로 - 기타,화물,남,41세,경상,승용,여,26세,경상
2013011500100240,2013년 1월 15일 13시,화요일,충청북도 괴산군 장연면,중상사고,0,1,1,0,차대차 - 정면충돌,중앙선침범,건조,맑음,단일로 - 기타,승용,여,28세,상해없음,승용,여,30세,중상
2013011500100278,2013년 1월 15일 15시,화요일,충청북도 제천시 화산동,경상사고,0,0,2,0,차대차 - 기타,직진우회전진행방해,건조,맑음,교차로 - 교차로안,화물,남,56세,상해없음,승합,여,42세,경상
2013011500100279,2013년 1월 15일 15시,화요일,충청북도 청원군 오송읍,중상사고,0,1,0,0,차대차 - 측면직각충돌,불법유턴,건조,맑음,교차로 - 교차로부근,승용,남,38세,상해없음,승용,남,36세,중상
2013011500100349,2013년 1월 15일 18시,화요일,충청북도 청주시 상당구 탑동,중상사고,0,1,0,0,차대사람 - 기타,보행자보호의무위반,건조,맑음,단일로 - 기타,화물,여,47세,상해없음,보행자,여,79세,중상
2013011500100350,2013년 1월 15일 18시,화요일,충청북도 청주시 흥덕구 개신동,경상사고,0,0,1,0,차대차 - 측면직각충돌,안전운전불이행,건조,맑음,교차로 - 교차로안,건설기계,남,41세,상해없음,승용,여,42세,경상
2013011500100386,2013년 1월 15일 19시,화요일,충청북도 충주시 호암동,경상사고,0,0,1,0,차대차 - 측면직각충돌,안전거리미확보,건조,맑음,교차로 - 교차로부근,승용,남,54세,상해없음,화물,여,47세,경상
2013011500100387,2013년 1월 15일 19시,화요일,충청북도 청주시 흥덕구 복대동,경상사고,0,0,1,0,차량단독 - 기타,안전운전불이행,건조,맑음,교차로 - 교차로부근,이륜,남,16세,경상,,,,
2013011500100388,2013년 1월 15일 19시,화요일,충청북도 청주시 흥덕구 가경동,경상사고,0,0,1,0,차대사람 - 횡단중,보행자보호의무위반,건조,맑음,단일로 - 횡단보도상,승용,기타불명,기타불명,기타불명,보행자,여,17세,경상
2013011500100389,2013년 1월 15일 19시,화요일,충청북도 청주시 흥덕구 산남동,중상사고,0,2,0,0,차대차 - 추돌 - 진행중,안전운전불이행,건조,맑음,단일로 - 기타,승용,남,56세,상해없음,승합,남,32세,중상
2013011500100415,2013년 1월 15일 20시,화요일,충청북도 충주시 교현동,중상사고,0,1,0,0,차대차 - 기타,안전운전불이행,건조,맑음,교차로 - 교차로안,승용,여,49세,상해없음,원동기,남,47세,중상
2013011500100416,2013년 1월 15일 20시,화요일,충청북도 청주시 흥덕구 성화동,경상사고,0,0,1,0,차대차 - 측면직각충돌,안전거리미확보,건조,맑음,교차로 - 교차로부근,승용,남,31세,상해없음,승용,남,58세,경상
2013011500100456,2013년 1월 15일 21시,화요일,충청북도 청주시 상당구 주성동,경상사고,0,0,1,0,차대차 - 추돌 - 주정차중,안전운전불이행,건조,맑음,교차로 - 교차로부근,승용,남,37세,상해없음,화물,여,43세,경상
2013011500100490,2013년 1월 15일 22시,화요일,충청북도 청주시 흥덕구 가경동,경상사고,0,0,1,0,차량단독 - 공작물충돌,안전운전불이행,결빙,눈,교차로 - 교차로부근,승용,남,45세,경상,,,,
2013011500100526,2013년 1월 15일 23시,화요일,충청북도 청주시 흥덕구 분평동,중상사고,0,2,0,0,차대차 - 추돌 - 주정차중,안전운전불이행,습기,맑음,교차로 - 교차로부근,승용,남,43세,상해없음,승용,남,46세,중상
2013011600100012,2013년 1월 16일 00시,수요일,충청북도 충주시 엄정면,중상사고,0,1,0,0,차대사람 - 기타,안전운전불이행,결빙,맑음,단일로 - 기타,승용,남,50세,상해없음,보행자,남,61세,중상
2013011600100013,2013년 1월 16일 00시,수요일,충청북도 진천군 문백면,경상사고,0,0,1,0,차대차 - 추돌 - 진행중,안전거리미확보,건조,맑음,단일로 - 기타,승용,남,39세,상해없음,화물,남,49세,경상
2013011600100037,2013년 1월 16일 01시,수요일,충청북도 제천시 천남동,경상사고,0,0,1,0,차대차 - 기타,안전운전불이행,결빙,기타,단일로 - 기타,승용,남,29세,상해없음,승용,남,26세,기타불명
2013011600100070,2013년 1월 16일 05시,수요일,충청북도 진천군 진천읍,경상사고,0,0,3,0,차대차 - 추돌 - 진행중,안전운전불이행,건조,맑음,단일로 - 기타,승용,남,35세,상해없음,승용,남,21세,경상
2013011600100129,2013년 1월 16일 08시,수요일,충청북도 진천군 이월면,경상사고,0,0,2,0,차대차 - 측면직각충돌,교차로운행방법위반,건조,흐림,교차로 - 교차로부근,승합,남,72세,상해없음,승용,남,47세,경상
2013011600100130,2013년 1월 16일 08시,수요일,충청북도 청주시 흥덕구 현암동,중상사고,0,1,2,0,차대차 - 측면직각충돌,교차로운행방법위반,건조,맑음,교차로 - 교차로안,화물,남,42세,상해없음,특수,남,34세,경상
2013011600100169,2013년 1월 16일 10시,수요일,충청북도 증평군 증평읍,중상사고,0,1,0,0,차대차 - 측면직각충돌,안전운전불이행,건조,흐림,단일로 - 기타,승용,남,62세,상해없음,자전거,여,56세,중상
2013011600100192,2013년 1월 16일 11시,수요일,충청북도 보은군 보은읍,중상사고,0,1,0,0,차대사람 - 횡단중,안전운전불이행,건조,맑음,단일로 - 기타,승용,남,24세,상해없음,보행자,여,68세,중상
2013011600100193,2013년 1월 16일 11시,수요일,충청북도 청주시 상당구 영운동,경상사고,0,0,3,0,차대차 - 추돌 - 주정차중,안전운전불이행,건조,맑음,단일로 - 기타,승용,남,56세,상해없음,승용,남,65세,경상
2013011600100212,2013년 1월 16일 12시,수요일,충청북도 음성군 대소면,경상사고,0,0,1,0,차대차 - 기타,안전운전불이행,습기,비,단일로 - 기타,화물,남,43세,상해없음,승용,남,42세,경상
2013011600100232,2013년 1월 16일 13시,수요일,충청북도 제천시 청전동,경상사고,0,0,1,0,차대차 - 측면직각충돌,직진우회전진행방해,건조,맑음,교차로 - 교차로안,승용,남,53세,상해없음,승용,여,59세,경상
2013011600100233,2013년 1월 16일 13시,수요일,충청북도 제천시 대랑동,경상사고,0,0,2,0,차량단독 - 공작물충돌,안전운전불이행,습기,맑음,단일로 - 기타,화물,남,38세,경상,,,,
2013011600100234,2013년 1월 16일 13시,수요일,충청북도 청주시 흥덕구 신촌동,중상사고,0,1,2,0,차대차 - 추돌 - 진행중,교차로운행방법위반,습기,흐림,교차로 - 교차로안,승용,남,51세,경상,승용,남,59세,중상
2013011600100278,2013년 1월 16일 15시,수요일,충청북도 음성군 금왕읍,경상사고,0,0,2,0,차대차 - 기타,중앙선침범,건조,맑음,단일로 - 기타,화물,남,61세,상해없음,승용,남,53세,경상
2013011600100279,2013년 1월 16일 15시,수요일,충청북도 청주시 흥덕구 모충동,경상사고,0,0,3,0,차대차 - 기타,교차로운행방법위반,건조,맑음,교차로 - 교차로안,승합,여,51세,경상,승용,여,62세,경상
2013011600100280,2013년 1월 16일 15시,수요일,충청북도 청주시 상당구 금천동,중상사고,0,1,1,0,차대차 - 추돌 - 진행중,교차로운행방법위반,습기,비,교차로 - 교차로안,승용,남,50세,중상,승용,남,56세,경상
2013011600100315,2013년 1월 16일 17시,수요일,충청북도 청주시 상당구 율량동,경상사고,0,0,2,0,차대차 - 측면직각충돌,안전운전불이행,습기,흐림,단일로 - 기타,승용,남,26세,상해없음,승용,남,55세,경상
2013011600100347,2013년 1월 16일 18시,수요일,충청북도 청주시 상당구 율량동,경상사고,0,0,1,0,차대차 - 추돌 - 주정차중,안전운전불이행,건조,맑음,단일로 - 기타,승합,남,37세,상해없음,승용,남,43세,경상
2013011600100348,2013년 1월 16일 18시,수요일,충청북도 제천시 중앙로1가,중상사고,0,1,0,0,차대차 - 정면충돌,신호위반,건조,맑음,교차로 - 교차로안,승용,남,54세,상해없음,승용,남,59세,상해없음
2013011600100349,2013년 1월 16일 18시,수요일,충청북도 청주시 흥덕구 복대동,경상사고,0,0,1,0,차대사람 - 기타,기타,건조,맑음,단일로 - 기타,승합,남,55세,기타불명,보행자,여,27세,경상
2013011600100350,2013년 1월 16일 18시,수요일,충청북도 청주시 흥덕구 복대동,경상사고,0,0,2,0,차대차 - 추돌 - 진행중,안전운전불이행,습기,비,단일로 - 기타,승용,남,33세,상해없음,승용,남,53세,경상
2013011600100430,2013년 1월 16일 20시,수요일,충청북도 충주시 교현동,경상사고,0,0,1,0,차대차 - 추돌 - 진행중,안전거리미확보,건조,맑음,교차로 - 교차로안,승용,여,39세,상해없음,승용,남,37세,경상
2013011600100463,2013년 1월 16일 21시,수요일,충청북도 충주시 교현동,경상사고,0,0,1,0,차대차 - 기타,안전운전불이행,건조,맑음,단일로 - 기타,승용,남,44세,상해없음,승용,여,49세,경상
2013011600100464,2013년 1월 16일 21시,수요일,충청북도 청주시 흥덕구 봉명동,경상사고,0,0,1,0,차대차 - 추돌 - 주정차중,안전운전불이행,건조,맑음,단일로 - 기타,승용,남,47세,상해없음,승용,남,30세,경상
2013011600100465,2013년 1월 16일 21시,수요일,충청북도 청주시 흥덕구 산남동,중상사고,0,2,1,0,차대차 - 기타,안전운전불이행,건조,맑음,단일로 - 기타,승용,남,30세,상해없음,승용,남,63세,중상
2013011600100495,2013년 1월 16일 22시,수요일,충청북도 청원군 오송읍,중상사고,0,1,0,0,차대사람 - 횡단중,안전운전불이행,건조,맑음,교차로 - 교차로안,승용,남,55세,상해없음,보행자,남,58세,중상
2013011600100525,2013년 1월 16일 23시,수요일,충청북도 청주시 상당구 율량동,경상사고,0,0,1,0,차대차 - 측면직각충돌,교차로운행방법위반,건조,맑음,교차로 - 교차로안,이륜,남,50세,경상,승용,남,35세,상해없음
2013011600100526,2013년 1월 16일 23시,수요일,충청북도 청주시 흥덕구 사창동,경상사고,0,0,3,0,차대차 - 추돌 - 주정차중,안전운전불이행,건조,맑음,교차로 - 교차로안,승용,남,47세,상해없음,승용,남,47세,경상
2013011700100011,2013년 1월 17일 00시,목요일,충청북도 청주시 흥덕구 봉명동,경상사고,0,0,2,0,차대차 - 추돌 - 주정차중,안전운전불이행,건조,맑음,단일로 - 기타,승용,남,43세,상해없음,승용,남,52세,경상
2013011700100012,2013년 1월 17일 00시,목요일,충청북도 청주시 흥덕구 사창동,경상사고,0,0,3,0,차대차 - 추돌 - 주정차중,안전운전불이행,건조,맑음,교차로 - 교차로부근,승용,여,43세,상해없음,승용,남,52세,경상
2013011700100029,2013년 1월 17일 01시,목요일,충청북도 충주시 칠금동,중상사고,0,1,1,0,차대차 - 추돌 - 진행중,직진우회전진행방해,건조,맑음,교차로 - 교차로안,승용,여,55세,경상,승용,남,47세,중상
2013011700100059,2013년 1월 17일 03시,목요일,충청북도 충주시 연수동,경상사고,0,0,4,1,차대차 - 기타,직진우회전진행방해,건조,맑음,교차로 - 교차로안,승용,남,20세,부상신고,승용,남,64세,경상
2013011700100060,2013년 1월 17일 03시,목요일,충청북도 음성군 대소면,경상사고,0,0,1,0,차량단독 - 전도전복,안전운전불이행,건조,맑음,단일로 - 기타,승용,여,42세,경상,,,,
2013011700100081,2013년 1월 17일 05시,목요일,충청북도 충주시 금가면,중상사고,0,2,0,0,차대차 - 측면직각충돌,안전운전불이행,습기,흐림,단일로 - 기타,화물,남,35세,상해없음,승용,남,46세,중상
2013011700100190,2013년 1월 17일 10시,목요일,충청북도 청주시 상당구 수동,경상사고,0,0,1,0,차대차 - 측면직각충돌,교차로운행방법위반,건조,맑음,교차로 - 교차로안,승용,남,65세,상해없음,승용,남,61세,상해없음
2013011700100191,2013년 1월 17일 10시,목요일,충청북도 제천시 남천동,경상사고,0,0,3,0,차대차 - 추돌 - 진행중,안전거리미확보,결빙,맑음,단일로 - 기타,화물,남,21세,상해없음,승용,남,51세,경상
2013011700100215,2013년 1월 17일 11시,목요일,충청북도 청원군 내수읍,경상사고,0,0,2,0,차대차 - 측면직각충돌,안전운전불이행,결빙,흐림,단일로 - 기타,화물,남,38세,상해없음,승용,남,59세,경상
2013011700100296,2013년 1월 17일 15시,목요일,충청북도 청주시 흥덕구 봉명동,중상사고,0,1,0,0,차대차 - 추돌 - 주정차중,안전운전불이행,건조,맑음,기타 - 기타,승용,남,73세,상해없음,승용,남,54세,상해없음
2013011700100340,2013년 1월 17일 17시,목요일,충청북도 음성군 맹동면,경상사고,0,0,1,0,차대차 - 측면직각충돌,교차로운행방법위반,건조,맑음,교차로 - 교차로안,승합,남,52세,경상,승용,남,47세,상해없음
2013011700100385,2013년 1월 17일 18시,목요일,충청북도 제천시 장락동,경상사고,0,0,5,0,차대차 - 측면직각충돌,기타,건조,맑음,교차로 - 교차로안,승용,남,33세,상해없음,승용,여,29세,경상
2013011700100428,2013년 1월 17일 19시,목요일,충청북도 청주시 흥덕구 복대동,경상사고,0,0,2,0,차대차 - 측면직각충돌,안전운전불이행,건조,맑음,단일로 - 기타,승용,남,36세,상해없음,승용,남,42세,상해없음
2013011700100429,2013년 1월 17일 19시,목요일,충청북도 청주시 흥덕구 분평동,경상사고,0,0,1,0,차대차 - 추돌 - 주정차중,안전운전불이행,건조,맑음,단일로 - 기타,승용,남,44세,경상,화물,남,50세,상해없음
2013011700100461,2013년 1월 17일 20시,목요일,충청북도 청주시 흥덕구 죽림동,경상사고,0,0,2,0,차대차 - 기타,신호위반,건조,맑음,교차로 - 교차로안,승용,남,41세,상해없음,승용,남,46세,경상
2013011700100462,2013년 1월 17일 20시,목요일,충청북도 청주시 흥덕구 가경동,중상사고,0,1,0,0,차대사람 - 기타,안전운전불이행,건조,맑음,교차로 - 교차로부근,승용,남,35세,상해없음,보행자,남,50세,중상
2013011700100491,2013년 1월 17일 21시,목요일,충청북도 청원군 내수읍,중상사고,0,2,0,0,차량단독 - 전도전복,과속,습기,맑음,단일로 - 기타,승용,남,19세,중상,,,,
2013011700100492,2013년 1월 17일 21시,목요일,충청북도 청주시 흥덕구 가경동,경상사고,0,0,1,0,차대차 - 추돌 - 주정차중,안전운전불이행,건조,맑음,교차로 - 교차로부근,승용,남,59세,상해없음,승용,여,32세,경상
2013011700100512,2013년 1월 17일 22시,목요일,충청북도 청주시 상당구 내덕동,경상사고,0,0,1,0,차대차 - 기타,안전운전불이행,건조,맑음,단일로 - 기타,승용,남,32세,상해없음,승합,남,45세,경상
2013011700100513,2013년 1월 17일 22시,목요일,충청북도 청주시 흥덕구 분평동,경상사고,0,0,1,0,차대차 - 추돌 - 주정차중,안전운전불이행,건조,맑음,단일로 - 기타,화물,남,44세,경상,승합,남,59세,상해없음
2013011800100014,2013년 1월 18일 00시,금요일,충청북도 충주시 교현동,경상사고,0,0,2,0,차대차 - 측면직각충돌,안전거리미확보,건조,맑음,단일로 - 기타,승용,남,58세,상해없음,승용,남,49세,경상
2013011800100034,2013년 1월 18일 01시,금요일,충청북도 청원군 오창읍,경상사고,0,0,1,0,차대사람 - 횡단중,안전운전불이행,건조,맑음,교차로 - 교차로부근,승용,남,33세,상해없음,보행자,남,35세,경상
2013011800100035,2013년 1월 18일 01시,금요일,충청북도 청주시 상당구 용암동,경상사고,0,0,3,0,차대차 - 기타,안전운전불이행,건조,맑음,단일로 - 기타,승용,남,31세,상해없음,승용,남,32세,경상