사고번호,사고일시,요일,시군구,사고내용,사망자수,중상자수,경상자수,부상신고자수,사고유형,법규위반,노면상태,기상상태,도로형태,가해운전자 차종,가해운전자 성별,가해운전자 연령,가해운전자 상해정도,피해운전자 차종,피해운전자 성별,피해운전자 연령,피해운전자 상해정도
2013011800100044,2013년 1월 18일 02시,금요일,충청북도 청주시 흥덕구 가경동,중상사고,0,1,0,0,차대차 - 추돌 - 주정차중,안전운전불이행,건조,맑음,교차로 - 교차로부근,승용,남,38세,상해없음,승용,남,36세,중상
2013011800100100,2013년 1월 18일 07시,금요일,충청북도 청원군 오창읍,경상사고,0,0,2,0,차대차 - 측면직각충돌,안전거리미확보,건조,맑음,단일로 - 기타,승용,여,41세,경상,승용,남,35세,경상
2013011800100101,2013년 1월 18일 07시,금요일,충청북도 청주시 흥덕구 복대동,중상사고,0,1,0,0,차대사람 - 횡단중,안전운전불이행,건조,맑음,단일로 - 기타,승합,남,42세,상해없음,보행자,남,59세,중상
2013011800100102,2013년 1월 18일 07시,금요일,충청북도 청주시 흥덕구 사창동,경상사고,0,0,1,0,차대차 - 추돌 - 주정차중,안전운전불이행,건조,맑음,교차로 - 교차로부근,화물,남,54세,상해없음,승용,남,34세,경상
2013011800100103,2013년 1월 18일 07시,금요일,충청북도 청주시 흥덕구 분평동,경상사고,0,0,1,0,차대차 - 측면직각충돌,안전운전불이행,건조,맑음,교차로 - 교차로부근,승용,남,55세,상해없음,승용,남,30세,경상
2013011800100134,2013년 1월 18일 08시,금요일,충청북도 청원군 낭성면,중상사고,0,1,0,0,차대차 - 기타,안전운전불이행,기타,맑음,단일로 - 기타,승용,남,53세,중상,승용,남,43세,상해없음
2013011800100135,2013년 1월 18일 08시,금요일,충청북도 청주시 흥덕구 분평동,중상사고,0,2,0,0,차대차 - 추돌 - 진행중,안전운전불이행,건조,맑음,단일로 - 기타,승용,여,29세,상해없음,승용,남,43세,중상
2013011800100166,2013년 1월 18일 09시,금요일,충청북도 청주시 흥덕구 복대동,경상사고,0,0,1,0,차대차 - 측면직각충돌,안전운전불이행,건조,맑음,교차로 - 교차로안,승용,남,38세,상해없음,자전거,남,29세,경상
2013011800100193,2013년 1월 18일 10시,금요일,충청북도 청원군 오창읍,경상사고,0,0,1,0,차대차 - 측면직각충돌,신호위반,건조,맑음,교차로 - 교차로안,이륜,남,71세,경상,승합,남,42세,상해없음
2013011800100194,2013년 1월 18일 10시,금요일,충청북도 괴산군 연풍면,경상사고,0,0,2,0,차대차 - 측면직각충돌,안전거리미확보,건조,맑음,단일로 - 기타,화물,남,70세,상해없음,화물,남,58세,경상
2013011800100246,2013년 1월 18일 12시,금요일,충청북도 괴산군 괴산읍,경상사고,0,0,1,0,차대사람 - 길가장자리구역통행중,안전운전불이행,건조,맑음,단일로 - 기타,승용,남,46세,상해없음,보행자,여,69세,경상
2013011800100247,2013년 1월 18일 12시,금요일,충청북도 청주시 흥덕구 지동동,경상사고,0,0,3,0,차대차 - 측면직각충돌,안전거리미확보,건조,맑음,단일로 - 기타,승용,남,44세,상해없음,승용,여,72세,경상
2013011800100287,2013년 1월 18일 14시,금요일,충청북도 청주시 흥덕구 복대동,경상사고,0,0,1,0,차대차 - 추돌 - 주정차중,안전운전불이행,건조,맑음,기타 - 기타,승용,남,53세,상해없음,승용,남,28세,상해없음
2013011800100342,2013년 1월 18일 16시,금요일,충청북도 청주시 상당구 용암동,경상사고,0,0,1,0,차대사람 - 횡단중,신호위반,건조,맑음,교차로 - 교차로안,화물,남,43세,상해없음,보행자,남,9세,경상
2013011800100379,2013년 1월 18일 17시,금요일,충청북도 충주시 호암동,경상사고,0,0,2,0,차대차 - 추돌 - 진행중,안전운전불이행,건조,맑음,단일로 - 기타,화물,남,41세,상해없음,승용,여,57세,경상
2013011800100380,2013년 1월 18일 17시,금요일,충청북도 괴산군 괴산읍,경상사고,0,0,4,0,차대차 - 측면직각충돌,직진우회전진행방해,건조,맑음,교차로 - 교차로안,승합,남,57세,경상,화물,남,60세,상해없음
2013011800100381,2013년 1월 18일 17시,금요일,충청북도 단양군 매포읍,중상사고,0,2,0,0,차대차 - 기타,신호위반,건조,맑음,교차로 - 교차로부근,승용,여,53세,중상,건설기계,남,36세,상해없음
2013011800100382,2013년 1월 18일 17시,금요일,충청북도 청주시 흥덕구 가경동,경상사고,0,0,1,0,차량단독 - 기타,기타,건조,맑음,단일로 - 기타,승합,남,50세,상해없음,,,,
2013011800100383,2013년 1월 18일 17시,금요일,충청북도 청주시 흥덕구 복대동,경상사고,0,0,2,0,차대차 - 추돌 - 주정차중,안전운전불이행,건조,맑음,단일로 - 기타,승용,여,20세,상해없음,승용,남,44세,경상
2013011800100427,2013년 1월 18일 18시,금요일,충청북도 청주시 흥덕구 송정동,중상사고,0,1,3,0,차대차 - 측면직각충돌,교차로운행방법위반,건조,맑음,교차로 - 교차로안,승용,남,34세,중상,승용,여,29세,경상
2013011800100428,2013년 1월 18일 18시,금요일,충청북도 청주시 흥덕구 사창동,경상사고,0,0,1,0,차대차 - 추돌 - 진행중,안전운전불이행,건조,맑음,단일로 - 기타,승용,남,66세,상해없음,화물,남,43세,경상
2013011800100429,2013년 1월 18일 18시,금요일,충청북도 청주시 흥덕구 봉명동,경상사고,0,0,3,0,차대차 - 측면직각충돌,안전운전불이행,건조,맑음,단일로 - 기타,승용,여,45세,경상,승용,남,39세,상해없음
2013011800100589,2013년 1월 18일 22시,금요일,충청북도 제천시 명지동,부상신고사고,0,0,0,1,차량단독 - 공작물충돌,안전운전불이행,습기,맑음,단일로 - 기타,승용,남,46세,부상신고,,,,
2013011800100628,2013년 1월 18일 23시,금요일,충청북도 청원군 오창읍,중상사고,0,1,0,0,차대차 - 추돌 - 주정차중,기타,건조,맑음,교차로 - 교차로부근,화물,남,44세,중상,화물,남,48세,상해없음
2013011800100629,2013년 1월 18일 23시,금요일,충청북도 청주시 상당구 용암동,중상사고,0,1,0,0,차대차 - 측면직각충돌,안전운전불이행,건조,맑음,교차로 - 교차로안,승용,남,39세,상해없음,원동기,남,32세,중상
2013011900100013,2013년 1월 19일 00시,토요일,충청북도 청주시 상당구 용정동,경상사고,0,0,1,0,차대차 - 기타,안전운전불이행,건조,맑음,교차로 - 교차로부근,원동기,남,35세,경상,승용,남,39세,상해없음
2013011900100078,2013년 1월 19일 02시,토요일,충청북도 제천시 청전동,경상사고,0,0,4,0,차대차 - 측면직각충돌,직진우회전진행방해,건조,맑음,교차로 - 교차로안,승용,남,32세,상해없음,승용,남,27세,경상
2013011900100105,2013년 1월 19일 03시,토요일,충청북도 청주시 흥덕구 수의동,사망사고,1,2,2,0,차대차 - 추돌 - 진행중,안전운전불이행,건조,맑음,단일로 - 기타,승용,남,27세,중상,화물,남,30세,중상
2013011900100130,2013년 1월 19일 05시,토요일,충청북도 청주시 흥덕구 봉명동,중상사고,0,1,0,0,차대사람 - 횡단중,안전운전불이행,건조,맑음,교차로 - 교차로부근,승용,남,24세,상해없음,보행자,남,51세,중상
2013011900100158,2013년 1월 19일 07시,토요일,충청북도 제천시 강제동,경상사고,0,0,1,0,차대차 - 추돌 - 진행중,안전운전불이행,습기,맑음,단일로 - 기타,승용,남,33세,상해없음,승합,남,36세,경상
2013011900100205,2013년 1월 19일 09시,토요일,충청북도 청주시 흥덕구 봉명동,경상사고,0,0,1,0,차대차 - 측면직각충돌,안전운전불이행,건조,맑음,교차로 - 교차로안,화물,남,60세,상해없음,화물,남,53세,상해없음
2013011900100206,2013년 1월 19일 09시,토요일,충청북도 청주시 흥덕구 비하동,경상사고,0,0,2,0,차대차 - 측면직각충돌,안전거리미확보,건조,맑음,단일로 - 기타,승용,여,40세,상해없음,승용,남,38세,경상
2013011900100234,2013년 1월 19일 10시,토요일,충청북도 충주시 목행동,중상사고,0,2,0,1,차대차 - 측면직각충돌,직진우회전진행방해,건조,맑음,교차로 - 교차로안,승용,여,59세,부상신고,승용,남,64세,중상
2013011900100252,2013년 1월 19일 11시,토요일,충청북도 제천시 청전동,경상사고,0,0,1,0,차대차 - 기타,안전거리미확보,건조,맑음,단일로 - 기타,원동기,남,73세,상해없음,승용,남,53세,상해없음
2013011900100273,2013년 1월 19일 12시,토요일,충청북도 청주시 상당구 북문로2가동,중상사고,0,1,0,0,차대사람 - 횡단중,신호위반,건조,맑음,단일로 - 횡단보도상,승용,여,35세,상해없음,보행자,여,22세,중상
2013011900100274,2013년 1월 19일 12시,토요일,충청북도 영동군 양산면,경상사고,0,0,1,0,차대차 - 기타,중앙선침범,기타,맑음,기타 - 기타,승용,여,53세,상해없음,화물,남,49세,경상
2013011900100297,2013년 1월 19일 13시,토요일,충청북도 청주시 상당구 우암동,경상사고,0,0,2,0,차대차 - 추돌 - 주정차중,안전운전불이행,건조,맑음,교차로 - 교차로부근,승용,여,53세,기타불명,승용,여,51세,경상
2013011900100298,2013년 1월 19일 13시,토요일,충청북도 제천시 신월동,경상사고,0,0,1,0,차량단독 - 공작물충돌,안전운전불이행,건조,맑음,단일로 - 기타,승용,남,26세,경상,,,,
2013011900100356,2013년 1월 19일 16시,토요일,충청북도 청주시 흥덕구 사직동,경상사고,0,0,1,0,차대차 - 측면직각충돌,안전운전불이행,건조,맑음,교차로 - 교차로부근,이륜,남,54세,경상,승용,남,41세,상해없음
2013011900100376,2013년 1월 19일 17시,토요일,충청북도 제천시 모산동,중상사고,0,1,8,0,차대차 - 정면충돌,중앙선침범,건조,맑음,단일로 - 기타,승용,남,55세,상해없음,승용,여,44세,중상
2013011900100410,2013년 1월 19일 18시,토요일,충청북도 충주시 가금면,경상사고,0,0,1,0,차대차 - 기타,직진우회전진행방해,건조,맑음,교차로 - 교차로안,승용,여,39세,상해없음,승합,남,39세,상해없음
2013011900100456,2013년 1월 19일 19시,토요일,충청북도 충주시 봉방동,중상사고,0,1,1,0,차대사람 - 기타,안전운전불이행,건조,맑음,단일로 - 기타,승용,여,30세,상해없음,보행자,여,63세,중상
2013011900100457,2013년 1월 19일 19시,토요일,충청북도 청주시 흥덕구 봉명동,경상사고,0,0,1,0,차대차 - 추돌 - 진행중,차로위반,건조,맑음,단일로 - 기타,승용,남,59세,상해없음,승용,남,37세,경상
2013011900100492,2013년 1월 19일 20시,토요일,충청북도 충주시 달천동,중상사고,0,1,1,0,차량단독 - 공작물충돌,안전운전불이행,습기,맑음,단일로 - 기타,승용,남,18세,상해없음,,,,
2013011900100493,2013년 1월 19일 20시,토요일,충청북도 청주시 흥덕구 가경동,경상사고,0,0,1,0,차대차 - 측면직각충돌,안전운전불이행,결빙,맑음,단일로 - 기타,이륜,남,46세,경상,승용,여,30세,상해없음
2013011900100533,2013년 1월 19일 21시,토요일,충청북도 충주시 연수동,중상사고,0,1,1,0,차대차 - 기타,안전운전불이행,습기,흐림,교차로 - 교차로안,승용,남,44세,상해없음,승용,여,35세,중상
2013011900100534,2013년 1월 19일 21시,토요일,충청북도 영동군 황간면,경상사고,0,0,1,0,차량단독 - 전도전복,안전운전불이행,결빙,맑음,단일로 - 기타,승용,남,55세,경상,,,,
2013011900100535,2013년 1월 19일 21시,토요일,충청북도 청주시 흥덕구 죽림동,경상사고,0,0,1,0,차대차 - 추돌 - 주정차중,중앙선침범,기타,기타,단일로 - 기타,승용,남,53세,상해없음,승용,남,24세,경상
2013011900100567,2013년 1월 19일 22시,토요일,충청북도 청주시 상당구 사천동,경상사고,0,0,1,0,차대차 - 추돌 - 주정차중,안전운전불이행,건조,맑음,교차로 - 교차로부근,승용,남,54세,상해없음,승용,남,38세,경상
2013011900100568,2013년 1월 19일 22시,토요일,충청북도 청원군 남이면,중상사고,0,2,0,0,차대차 - 측면직각충돌,안전거리미확보,습기,맑음,기타 - 기타,화물,여,29세,중상,승용,여,21세,중상
2013011900100600,2013년 1월 19일 23시,토요일,충청북도 충주시 연수동,경상사고,0,0,2,0,차대차 - 기타,직진우회전진행방해,건조,맑음,교차로 - 교차로안,승용,남,29세,상해없음,승용,남,45세,경상
2013011900100601,2013년 1월 19일 23시,토요일,충청북도 충주시 연수동,경상사고,0,0,1,0,차대사람 - 기타,안전운전불이행,건조,맑음,단일로 - 기타,승용,남,44세,상해없음,보행자,남,23세,경상
2013011900100602,2013년 1월 19일 23시,토요일,충청북도 청주시 흥덕구 복대동,중상사고,0,1,1,0,차대차 - 측면직각충돌,중앙선침범,건조,맑음,단일로 - 기타,승용,남,27세,상해없음,승용,남,54세,중상
2013012000100015,2013년 1월 20일 00시,일요일,충청북도 제천시 청전동,경상사고,0,0,1,0,차대차 - 측면직각충돌,기타,건조,맑음,교차로 - 교차로안,승용,남,32세,상해없음,원동기,남,51세,경상
2013012000100037,2013년 1월 20일 01시,일요일,충청북도 청원군 현도면,중상사고,0,2,0,0,차대차 - 추돌 - 진행중,안전운전불이행,건조,맑음,단일로 - 기타,승용,남,30세,상해없음,승용,남,73세,중상
2013012000100050,2013년 1월 20일 02시,일요일,충청북도 충주시 달천동,경상사고,0,0,1,0,차량단독 - 전도전복,안전운전불이행,결빙,맑음,단일로 - 기타,승용,남,27세,경상,,,,
2013012000100051,2013년 1월 20일 02시,일요일,충청북도 증평군 증평읍,경상사고,0,0,1,0,차량단독 - 공작물충돌,안전운전불이행,건조,맑음,단일로 - 기타,승용,남,27세,경상,,,,
2013012000100052,2013년 1월 20일 02시,일요일,충청북도 청주시 상당구 용정동,경상사고,0,0,3,0,차대차 - 측면직각충돌,안전운전불이행,건조,맑음,단일로 - 교량,승용,남,55세,상해없음,승용,여,45세,경상
2013012000100069,2013년 1월 20일 03시,일요일,충청북도 충주시 봉방동,경상사고,0,0,1,0,차대차 - 측면직각충돌,안전운전불이행,건조,맑음,단일로 - 기타,승용,남,23세,상해없음,승용,남,44세,경상
2013012000100070,2013년 1월 20일 03시,일요일,충청북도 청주시 흥덕구 복대동,경상사고,0,0,1,0,차대차 - 추돌 - 진행중,안전거리미확보,건조,맑음,단일로 - 기타,승용,남,34세,상해없음,승용,남,31세,경상
2013012000100201,2013년 1월 20일 12시,일요일,충청북도 청주시 흥덕구 비하동,경상사고,0,0,2,0,차대차 - 추돌 - 주정차중,안전운전불이행,건조,맑음,단일로 - 기타,승용,남,48세,상해없음,승용,남,59세,상해없음
2013012000100215,2013년 1월 20일 13시,일요일,충청북도 제천시 하소동,경상사고,0,0,1,0,차대차 - 기타,안전운전불이행,건조,맑음,단일로 - 기타,승합,남,48세,상해없음,원동기,남,75세,경상
2013012000100216,2013년 1월 20일 13시,일요일,충청북도 청주시 흥덕구 봉명동,중상사고,0,1,0,0,차대차 - 기타,교차로운행방법위반,습기,맑음,교차로 - 교차로안,승용,여,53세,상해없음,이륜,남,45세,중상
2013012000100229,2013년 1월 20일 14시,일요일,충청북도 제천시 동현동,경상사고,0,0,2,0,차대차 - 추돌 - 진행중,안전거리미확보,건조,맑음,교차로 - 교차로부근,승용,여,45세,상해없음,승용,남,51세,경상
2013012000100262,2013년 1월 20일 16시,일요일,충청북도 청주시 상당구 용암동,경상사고,0,0,5,0,차대차 - 기타,안전운전불이행,습기,비,단일로 - 기타,승용,여,36세,경상,승용,남,34세,경상
2013012000100311,2013년 1월 20일 18시,일요일,충청북도 진천군 광혜원면,경상사고,0,0,2,0,차대차 - 측면직각충돌,안전운전불이행,건조,맑음,교차로 - 교차로안,승용,남,64세,상해없음,승용,여,48세,경상
2013012000100344,2013년 1월 20일 19시,일요일,충청북도 괴산군 괴산읍,경상사고,0,0,1,0,차대차 - 측면직각충돌,신호위반,건조,맑음,교차로 - 교차로안,화물,남,55세,상해없음,화물,남,47세,경상
2013012000100412,2013년 1월 20일 22시,일요일,충청북도 진천군 진천읍,경상사고,0,0,1,0,차대차 - 측면직각충돌,안전운전불이행,건조,맑음,교차로 - 교차로안,승용,여,28세,상해없음,승용,남,52세,경상
2013012000100413,2013년 1월 20일 22시,일요일,충청북도 청주시 흥덕구 분평동,경상사고,0,0,1,0,차대차 - 기타,안전운전불이행,건조,흐림,단일로 - 기타,승용,남,48세,상해없음,승용,남,33세,경상
2013012100100027,2013년 1월 21일 02시,월요일,충청북도 청주시 흥덕구 성화동,경상사고,0,0,1,0,차대차 - 측면직각충돌,안전운전불이행,건조,맑음,교차로 - 교차로안,승용,남,20세,상해없음,승용,여,34세,경상
2013012100100045,2013년 1월 21일 04시,월요일,충청북도 충주시 달천동,사망사고,1,1,0,0,차량단독 - 공작물충돌,안전운전불이행,습기,비,단일로 - 기타,승용,남,28세,사망,,,,
2013012100100046,2013년 1월 21일 04시,월요일,충청북도 충주시 칠금동,중상사고,0,1,0,0,차량단독 - 공작물충돌,안전운전불이행,습기,비,단일로 - 기타,승용,남,28세,중상,,,,
2013012100100077,2013년 1월 21일 06시,월요일,충청북도 청주시 상당구 우암동,중상사고,0,1,0,0,차대차 - 측면직각충돌,안전운전불이행,건조,맑음,단일로 - 기타,승용,남,33세,상해없음,자전거,남,65세,중상
2013012100100109,2013년 1월 21일 07시,월요일,충청북도 청주시 흥덕구 가경동,중상사고,0,1,0,0,차대사람 - 보도통행중,보행자보호의무위반,건조,맑음,교차로 - 교차로부근,승용,여,34세,상해없음,보행자,남,57세,중상
2013012100100169,2013년 1월 21일 09시,월요일,충청북도 음성군 금왕읍,경상사고,0,0,1,0,차대사람 - 기타,안전운전불이행,적설,비,단일로 - 기타,기타불명,기타불명,기타불명,기타불명,보행자,남,59세,경상
2013012100100190,2013년 1월 21일 10시,월요일,충청북도 청주시 흥덕구 봉명동,경상사고,0,0,1,0,차대차 - 추돌 - 주정차중,안전운전불이행,건조,맑음,기타 - 기타,승용,남,54세,상해없음,승용,남,31세,경상
2013012100100210,2013년 1월 21일 11시,월요일,충청북도 증평군 증평읍,중상사고,0,2,0,0,차대차 - 측면직각충돌,직진우회전진행방해,습기,비,교차로 - 교차로안,화물,남,41세,상해없음,승용,남,54세,중상
2013012100100211,2013년 1월 21일 11시,월요일,충청북도 보은군 보은읍,경상사고,0,0,1,0,차대차 - 기타,안전운전불이행,습기,비,단일로 - 기타,화물,남,69세,상해없음,승용,남,28세,경상
2013012100100230,2013년 1월 21일 12시,월요일,충청북도 충주시 교현동,중상사고,0,1,1,0,차대차 - 추돌 - 진행중,안전운전불이행,습기,비,단일로 - 기타,승용,남,40세,상해없음,화물,남,38세,중상
2013012100100270,2013년 1월 21일 14시,월요일,충청북도 괴산군 청안면,사망사고,1,0,0,0,차량단독 - 공작물충돌,안전운전불이행,습기,비,단일로 - 기타,화물,남,40세,사망,,,,
2013012100100271,2013년 1월 21일 14시,월요일,충청북도 청주시 흥덕구 개신동,중상사고,0,1,0,0,차대사람 - 횡단중,신호위반,건조,맑음,교차로 - 교차로부근,화물,남,48세,상해없음,보행자,여,13세,중상
2013012100100307,2013년 1월 21일 15시,월요일,충청북도 증평군 증평읍,중상사고,0,2,0,0,차대차 - 측면직각충돌,신호위반,습기,비,교차로 - 교차로안,화물,남,57세,상해없음,승용,남,60세,중상
2013012100100331,2013년 1월 21일 16시,월요일,충청북도 청주시 상당구 용암동,경상사고,0,0,1,0,차대사람 - 길가장자리구역통행중,안전운전불이행,건조,맑음,단일로 - 기타,승용,기타불명,기타불명,기타불명,보행자,여,36세,경상
2013012100100358,2013년 1월 21일 17시,월요일,충청북도 진천군 진천읍,중상사고,0,1,1,0,차대차 - 측면직각충돌,교차로운행방법위반,습기,맑음,교차로 - 교차로안,화물,남,41세,상해없음,승용,여,53세,중상
2013012100100401,2013년 1월 21일 18시,월요일,충청북도 괴산군 괴산읍,중상사고,0,1,0,0,차대사람 - 차도통행중,안전운전불이행,습기,비,단일로 - 기타,기타불명,기타불명,기타불명,기타불명,보행자,여,45세,중상
2013012100100402,2013년 1월 21일 18시,월요일,충청북도 진천군 이월면,중상사고,0,1,0,0,차대차 - 추돌 - 주정차중,안전운전불이행,습기,안개,단일로 - 기타,기타불명,기타불명,기타불명,기타불명,승용,여,46세,중상
2013012100100403,2013년 1월 21일 18시,월요일,충청북도 청주시 흥덕구 사창동,경상사고,0,0,1,0,차대사람 - 횡단중,신호위반,건조,맑음,단일로 - 횡단보도상,원동기,남,17세,상해없음,보행자,여,18세,경상
2013012100100404,2013년 1월 21일 18시,월요일,충청북도 청주시 흥덕구 개신동,중상사고,0,1,0,0,차대차 - 추돌 - 주정차중,안전운전불이행,건조,맑음,단일로 - 기타,승용,남,48세,상해없음,승용,여,34세,중상
2013012100100451,2013년 1월 21일 19시,월요일,충청북도 청주시 흥덕구 성화동,중상사고,0,3,1,0,차대차 - 추돌 - 진행중,안전운전불이행,건조,맑음,단일로 - 기타,승용,남,60세,상해없음,승용,여,54세,중상
2013012100100487,2013년 1월 21일 20시,월요일,충청북도 청주시 상당구 주중동,중상사고,0,1,1,0,차대차 - 추돌 - 진행중,안전운전불이행,건조,맑음,단일로 - 기타,승용,남,52세,상해없음,승용,여,46세,중상
2013012100100522,2013년 1월 21일 21시,월요일,충청북도 충주시 연수동,경상사고,0,0,1,0,차대차 - 기타,중앙선침범,건조,맑음,교차로 - 교차로안,기타불명,기타불명,기타불명,기타불명,승용,남,48세,경상
2013012100100577,2013년 1월 21일 23시,월요일,충청북도 제천시 장락동,경상사고,0,0,3,0,차대차 - 기타,안전운전불이행,결빙,흐림,교차로 - 교차로부근,승용,남,41세,기타불명,승용,남,58세,경상
2013012200100023,2013년 1월 22일 00시,화요일,충청북도 청원군 남이면,경상사고,0,0,1,0,차대차 - 측면직각충돌,신호위반,습기,비,교차로 - 교차로안,화물,남,24세,상해없음,승합,남,47세,경상
2013012200100076,2013년 1월 22일 02시,화요일,충청북도 청주시 상당구 내덕동,중상사고,0,2,0,0,차대차 - 측면직각충돌,신호위반,습기,흐림,교차로 - 교차로안,승용,남,46세,상해없음,승용,남,40세,중상
2013012200100114,2013년 1월 22일 06시,화요일,충청북도 청주시 상당구 수동,중상사고,0,1,0,0,차대사람 - 보도통행중,보행자보호의무위반,건조,맑음,교차로 - 교차로안,승용,남,30세,상해없음,보행자,여,45세,중상
2013012200100140,2013년 1월 22일 07시,화요일,충청북도 충주시 신니면,중상사고,0,1,0,0,차대차 - 기타,안전거리미확보,습기,비,단일로 - 기타,승용,남,42세,상해없음,승용,남,60세,중상
2013012200100141,2013년 1월 22일 07시,화요일,충청북도 청원군 오송읍,중상사고,0,1,0,0,차대차 - 측면직각충돌,신호위반,건조,맑음,교차로 - 교차로안,승용,남,35세,상해없음,승용,여,25세,중상
2013012200100142,2013년 1월 22일 07시,화요일,충청북도 청주시 흥덕구 복대동,경상사고,0,0,1,0,차대차 - 추돌 - 진행중,안전운전불이행,습기,맑음,교차로 - 교차로안,승용,남,31세,상해없음,승용,남,25세,경상
2013012200100170,2013년 1월 22일 08시,화요일,충청북도 청주시 상당구 서문동,경상사고,0,0,1,0,차대차 - 측면직각충돌,교차로운행방법위반,습기,비,교차로 - 교차로안,승용,남,50세,경상,승용,여,49세,상해없음
2013012200100171,2013년 1월 22일 08시,화요일,충청북도 청주시 상당구 탑동,경상사고,0,0,2,0,차대차 - 측면직각충돌,교차로운행방법위반,습기,비,교차로 - 교차로안,화물,남,38세,경상,승용,여,51세,경상
2013012200100172,2013년 1월 22일 08시,화요일,충청북도 청주시 흥덕구 수의동,경상사고,0,0,1,0,차대차 - 측면직각충돌,안전운전불이행,습기,비,단일로 - 기타,승용,여,40세,상해없음,승용,여,34세,경상
2013012200100188,2013년 1월 22일 09시,화요일,충청북도 청주시 상당구 수동,경상사고,0,0,1,0,차대차 - 기타,안전운전불이행,습기,비,교차로 - 교차로부근,승용,남,33세,상해없음,승용,남,41세,경상
2013012200100209,2013년 1월 22일 10시,화요일,충청북도 제천시 장락동,경상사고,0,0,1,0,차대차 - 기타,기타,습기,흐림,교차로 - 교차로안,승용,남,31세,상해없음,승용,여,36세,경상
2013012200100227,2013년 1월 22일 11시,화요일,충청북도 단양군 가곡면,중상사고,0,1,0,0,차대사람 - 길가장자리구역통행중,안전운전불이행,습기,흐림,단일로 - 기타,승용,남,64세,상해없음,보행자,여,52세,중상
2013012200100240,2013년 1월 22일 12시,화요일,충청북도 제천시 장락동,경상사고,0,0,1,0,차대사람 - 기타,안전운전불이행,습기,맑음,교차로 - 교차로안,화물,남,55세,상해없음,보행자,여,70세,경상
2013012200100241,2013년 1월 22일 12시,화요일,충청북도 청주시 흥덕구 산남동,중상사고,0,1,0,0,차대차 - 기타,안전운전불이행,습기,흐림,단일로 - 기타,승용,남,52세,상해없음,자전거,남,49세,중상
2013012200100311,2013년 1월 22일 16시,화요일,충청북도 청주시 흥덕구 복대동,경상사고,0,0,1,0,차대사람 - 횡단중,안전운전불이행,건조,맑음,단일로 - 기타,승용,남,49세,상해없음,보행자,여,21세,경상
2013012200100366,2013년 1월 22일 18시,화요일,충청북도 청주시 흥덕구 산남동,경상사고,0,0,1,0,차대차 - 추돌 - 진행중,안전운전불이행,습기,비,단일로 - 기타,승용,남,59세,상해없음,승용,남,40세,경상
2013012200100414,2013년 1월 22일 20시,화요일,충청북도 제천시 하소동,경상사고,0,0,2,0,차대차 - 측면직각충돌,신호위반,건조,맑음,교차로 - 교차로안,승용,여,48세,상해없음,승용,여,40세,경상
2013012200100415,2013년 1월 22일 20시,화요일,충청북도 청주시 흥덕구 송정동,중상사고,0,2,1,0,차대차 - 측면직각충돌,교차로운행방법위반,건조,맑음,교차로 - 교차로안,승용,남,31세,경상,승용,여,30세,중상
2013012200100441,2013년 1월 22일 21시,화요일,충청북도 진천군 진천읍,중상사고,0,1,0,0,차대사람 - 기타,안전운전불이행,습기,맑음,단일로 - 기타,승용,남,29세,상해없음,보행자,남,50세,중상
2013012200100475,2013년 1월 22일 22시,화요일,충청북도 청주시 상당구 남주동,중상사고,0,1,0,0,차대사람 - 기타,안전운전불이행,건조,맑음,단일로 - 기타,승용,남,23세,상해없음,보행자,남,49세,중상
2013012200100476,2013년 1월 22일 22시,화요일,충청북도 청주시 흥덕구 송절동,경상사고,0,0,2,0,차대차 - 추돌 - 주정차중,안전운전불이행,건조,맑음,교차로 - 교차로부근,승용,남,39세,상해없음,승용,남,34세,경상
2013012300100064,2013년 1월 23일 02시,수요일,충청북도 음성군 대소면,사망사고,2,2,0,0,차량단독 - 공작물충돌,안전운전불이행,건조,맑음,단일로 - 기타,화물,남,19세,중상,,,,
2013012300100114,2013년 1월 23일 06시,수요일,충청북도 청주시 흥덕구 송정동,중상사고,0,1,0,0,차대사람 - 기타,안전운전불이행,습기,비,단일로 - 횡단보도부근,승합,남,49세,상해없음,보행자,여,46세,중상
2013012300100134,2013년 1월 23일 07시,수요일,충청북도 청원군 남이면,중상사고,0,1,0,0,차대사람 - 기타,안전운전불이행,기타,맑음,단일로 - 기타,승용,남,50세,상해없음,보행자,남,47세,중상
2013012300100164,2013년 1월 23일 08시,수요일,충청북도 제천시 모산동,중상사고,0,1,0,0,차대차 - 기타,안전거리미확보,결빙,눈,교차로 - 교차로부근,화물,남,51세,상해없음,승용,여,45세,상해없음
2013012300100207,2013년 1월 23일 10시,수요일,충청북도 청원군 현도면,중상사고,0,1,0,0,차량단독 - 기타,안전운전불이행,습기,비,단일로 - 기타,승합,남,46세,상해없음,,,,
2013012300100234,2013년 1월 23일 12시,수요일,충청북도 제천시 남천동,경상사고,0,0,1,0,차대사람 - 기타,안전운전불이행,습기,맑음,교차로 - 교차로부근,화물,남,44세,상해없음,보행자,남,31세,경상
2013012300100288,2013년 1월 23일 15시,수요일,충청북도 음성군 금왕읍,경상사고,0,0,1,0,차대사람 - 기타,안전운전불이행,건조,맑음,교차로 - 교차로안,화물,여,24세,상해없음,보행자,여,62세,경상