사고번호,사고일시,요일,시군구,사고내용,사망자수,중상자수,경상자수,부상신고자수,사고유형,법규위반,노면상태,기상상태,도로형태,가해운전자 차종,가해운전자 성별,가해운전자 연령,가해운전자 상해정도,피해운전자 차종,피해운전자 성별,피해운전자 연령,피해운전자 상해정도
2013012300100306,2013년 1월 23일 16시,수요일,충청북도 옥천군 동이면,경상사고,0,0,2,0,차대차 - 측면직각충돌,중앙선침범,습기,비,단일로 - 기타,승용,남,53세,상해없음,승용,여,19세,경상
2013012300100362,2013년 1월 23일 18시,수요일,충청북도 청원군 오창읍,경상사고,0,0,1,0,차대사람 - 길가장자리구역통행중,안전운전불이행,건조,맑음,단일로 - 기타,화물,남,34세,상해없음,보행자,여,69세,경상
2013012300100417,2013년 1월 23일 19시,수요일,충청북도 청주시 상당구 내덕동,경상사고,0,0,1,0,차대차 - 추돌 - 주정차중,안전운전불이행,습기,비,단일로 - 기타,승용,남,56세,기타불명,승용,남,33세,경상
2013012300100454,2013년 1월 23일 20시,수요일,충청북도 청주시 상당구 용암동,경상사고,0,0,2,0,차대차 - 측면직각충돌,안전운전불이행,건조,맑음,교차로 - 교차로안,기타불명,기타불명,기타불명,기타불명,승합,남,35세,경상
2013012300100455,2013년 1월 23일 20시,수요일,충청북도 보은군 회인면,경상사고,0,0,1,0,차대차 - 기타,기타,습기,흐림,단일로 - 기타,화물,남,38세,상해없음,승용,남,31세,경상
2013012300100487,2013년 1월 23일 21시,수요일,충청북도 제천시 남천동,중상사고,0,1,2,0,차대차 - 기타,불법유턴,건조,맑음,단일로 - 기타,승용,남,52세,상해없음,승용,남,29세,경상
2013012300100488,2013년 1월 23일 21시,수요일,충청북도 제천시 모산동,경상사고,0,0,1,0,차대차 - 기타,안전운전불이행,건조,맑음,교차로 - 교차로부근,승용,남,28세,상해없음,승용,남,60세,경상
2013012300100531,2013년 1월 23일 22시,수요일,충청북도 청주시 상당구 석교동,경상사고,0,0,2,0,차대차 - 추돌 - 주정차중,안전운전불이행,습기,비,교차로 - 교차로부근,승용,남,48세,상해없음,승용,여,48세,경상
2013012300100532,2013년 1월 23일 22시,수요일,충청북도 청주시 흥덕구 봉명동,경상사고,0,0,3,0,차대차 - 추돌 - 진행중,안전운전불이행,건조,맑음,교차로 - 교차로안,승용,남,62세,상해없음,승용,남,45세,경상
2013012400100014,2013년 1월 24일 00시,목요일,충청북도 충주시 산척면,중상사고,0,1,0,0,차량단독 - 공작물충돌,안전운전불이행,습기,눈,단일로 - 기타,승용,남,46세,중상,,,,
2013012400100075,2013년 1월 24일 04시,목요일,충청북도 괴산군 사리면,중상사고,0,1,0,0,차대차 - 정면충돌,중앙선침범,습기,흐림,단일로 - 교량,화물,남,44세,상해없음,화물,남,41세,중상
2013012400100164,2013년 1월 24일 08시,목요일,충청북도 제천시 대랑동,중상사고,0,1,1,0,차대차 - 기타,안전운전불이행,결빙,흐림,교차로 - 교차로부근,승용,여,37세,상해없음,승용,여,43세,중상
2013012400100203,2013년 1월 24일 09시,목요일,충청북도 제천시 왕암동,중상사고,0,1,0,0,차대차 - 기타,안전거리미확보,결빙,눈,단일로 - 터널,승용,남,44세,상해없음,승용,여,43세,중상
2013012400100204,2013년 1월 24일 09시,목요일,충청북도 청주시 흥덕구 가경동,경상사고,0,0,7,0,차대차 - 추돌 - 진행중,안전운전불이행,건조,맑음,단일로 - 기타,승용,남,60세,상해없음,승합,여,35세,경상
2013012400100238,2013년 1월 24일 10시,목요일,충청북도 제천시 봉양읍,중상사고,0,3,2,0,차대사람 - 기타,안전운전불이행,습기,눈,단일로 - 기타,승용,여,33세,상해없음,보행자,남,30세,중상
2013012400100283,2013년 1월 24일 12시,목요일,충청북도 진천군 진천읍,중상사고,0,1,0,0,차대사람 - 길가장자리구역통행중,안전운전불이행,습기,흐림,단일로 - 기타,승용,남,70세,상해없음,보행자,여,75세,중상
2013012400100302,2013년 1월 24일 13시,목요일,충청북도 청주시 흥덕구 봉명동,경상사고,0,0,1,0,차대사람 - 횡단중,보행자보호의무위반,건조,맑음,단일로 - 기타,기타불명,기타불명,기타불명,기타불명,보행자,남,11세,경상
2013012400100324,2013년 1월 24일 14시,목요일,충청북도 음성군 음성읍,경상사고,0,0,1,0,차량단독 - 공작물충돌,안전운전불이행,결빙,눈,단일로 - 기타,승용,남,32세,경상,,,,
2013012400100353,2013년 1월 24일 15시,목요일,충청북도 보은군 산외면,경상사고,0,0,2,0,차대차 - 추돌 - 진행중,안전운전불이행,습기,비,단일로 - 교량,승용,여,32세,상해없음,화물,남,62세,경상
2013012400100372,2013년 1월 24일 16시,목요일,충청북도 제천시 청전동,중상사고,0,1,1,0,차대차 - 기타,안전거리미확보,적설,눈,교차로 - 교차로부근,승용,남,58세,상해없음,승용,남,49세,경상
2013012400100373,2013년 1월 24일 16시,목요일,충청북도 음성군 대소면,경상사고,0,0,3,0,차대차 - 기타,안전운전불이행,건조,흐림,기타 - 기타,승용,남,29세,상해없음,승용,남,28세,경상
2013012400100374,2013년 1월 24일 16시,목요일,충청북도 진천군 진천읍,경상사고,0,0,3,0,차대차 - 측면직각충돌,교차로운행방법위반,건조,맑음,교차로 - 교차로안,이륜,남,42세,상해없음,승용,여,45세,경상
2013012400100375,2013년 1월 24일 16시,목요일,충청북도 청주시 흥덕구 수곡동,경상사고,0,0,1,0,차대사람 - 횡단중,안전운전불이행,습기,흐림,교차로 - 교차로안,화물,남,32세,상해없음,보행자,남,5세,경상
2013012400100401,2013년 1월 24일 17시,목요일,충청북도 제천시 송학면,중상사고,0,1,3,0,차대차 - 기타,안전운전불이행,건조,흐림,단일로 - 기타,승용,남,48세,상해없음,승용,남,30세,경상
2013012400100402,2013년 1월 24일 17시,목요일,충청북도 음성군 원남면,중상사고,0,2,4,0,차대차 - 기타,안전운전불이행,결빙,흐림,단일로 - 기타,화물,남,49세,상해없음,승용,여,49세,상해없음
2013012400100434,2013년 1월 24일 18시,목요일,충청북도 제천시 남천동,중상사고,0,1,0,0,차대사람 - 기타,보행자보호의무위반,결빙,흐림,단일로 - 횡단보도상,승용,남,44세,상해없음,보행자,여,51세,중상
2013012400100435,2013년 1월 24일 18시,목요일,충청북도 제천시 대랑동,중상사고,0,3,1,0,차대차 - 측면직각충돌,중앙선침범,결빙,맑음,단일로 - 기타,승용,남,48세,상해없음,승용,남,53세,경상
2013012400100436,2013년 1월 24일 18시,목요일,충청북도 단양군 매포읍,중상사고,0,2,0,0,차대차 - 기타,중앙선침범,결빙,흐림,단일로 - 기타,승합,남,57세,상해없음,승용,남,51세,중상
2013012400100437,2013년 1월 24일 18시,목요일,충청북도 진천군 광혜원면,중상사고,0,1,4,0,차대차 - 추돌 - 진행중,안전운전불이행,건조,맑음,교차로 - 교차로부근,승용,남,64세,상해없음,승용,남,46세,경상
2013012400100490,2013년 1월 24일 20시,목요일,충청북도 청원군 남일면,중상사고,0,1,0,0,차대사람 - 횡단중,안전운전불이행,건조,맑음,교차로 - 교차로부근,승용,남,32세,상해없음,보행자,남,23세,중상
2013012400100510,2013년 1월 24일 21시,목요일,충청북도 청주시 흥덕구 복대동,경상사고,0,0,1,0,차대차 - 기타,안전운전불이행,건조,맑음,교차로 - 교차로안,이륜,남,43세,상해없음,이륜,남,33세,경상
2013012400100538,2013년 1월 24일 22시,목요일,충청북도 제천시 하소동,경상사고,0,0,1,0,차대차 - 기타,안전운전불이행,건조,맑음,기타 - 기타,승용,남,36세,기타불명,원동기,남,45세,경상
2013012400100539,2013년 1월 24일 22시,목요일,충청북도 청원군 남이면,경상사고,0,0,1,0,차대사람 - 기타,안전운전불이행,건조,맑음,기타 - 기타,화물,남,54세,상해없음,보행자,남,50세,경상
2013012500100029,2013년 1월 25일 01시,금요일,충청북도 제천시 대랑동,사망사고,1,1,0,0,차대차 - 추돌 - 주정차중,안전운전불이행,결빙,맑음,단일로 - 기타,승용,남,50세,사망,화물,남,47세,기타불명
2013012500100037,2013년 1월 25일 02시,금요일,충청북도 청주시 상당구 북문로1가동,중상사고,0,1,1,0,차대차 - 기타,교차로운행방법위반,건조,맑음,교차로 - 교차로안,승용,남,23세,상해없음,승용,남,55세,중상
2013012500100066,2013년 1월 25일 06시,금요일,충청북도 청주시 상당구 내덕동,경상사고,0,0,1,0,차대차 - 추돌 - 주정차중,안전운전불이행,건조,맑음,단일로 - 기타,승용,남,38세,상해없음,승용,남,38세,경상
2013012500100080,2013년 1월 25일 07시,금요일,충청북도 청주시 흥덕구 분평동,경상사고,0,0,1,0,차대차 - 추돌 - 진행중,신호위반,건조,맑음,교차로 - 교차로안,승용,남,75세,상해없음,화물,남,32세,경상
2013012500100155,2013년 1월 25일 10시,금요일,충청북도 옥천군 옥천읍,경상사고,0,0,2,0,차대차 - 측면직각충돌,기타,건조,맑음,교차로 - 교차로안,승용,남,56세,경상,화물,남,45세,경상
2013012500100176,2013년 1월 25일 11시,금요일,충청북도 청원군 미원면,사망사고,1,0,0,0,차량단독 - 기타,안전운전불이행,결빙,맑음,단일로 - 기타,승용,남,41세,사망,,,,
2013012500100195,2013년 1월 25일 12시,금요일,충청북도 청주시 흥덕구 복대동,경상사고,0,0,1,0,차대차 - 추돌 - 주정차중,안전운전불이행,건조,맑음,단일로 - 기타,승용,남,31세,상해없음,승용,여,50세,경상
2013012500100241,2013년 1월 25일 14시,금요일,충청북도 청주시 흥덕구 봉명동,경상사고,0,0,2,0,차대차 - 측면직각충돌,교차로운행방법위반,건조,맑음,교차로 - 교차로안,승용,남,46세,경상,승용,여,58세,경상
2013012500100258,2013년 1월 25일 15시,금요일,충청북도 청주시 상당구 우암동,경상사고,0,0,1,0,차대차 - 추돌 - 주정차중,안전운전불이행,건조,맑음,교차로 - 교차로부근,승용,남,56세,상해없음,승용,남,53세,경상
2013012500100259,2013년 1월 25일 15시,금요일,충청북도 보은군 보은읍,중상사고,0,1,0,0,차대사람 - 횡단중,교차로운행방법위반,건조,맑음,교차로 - 교차로안,승용,남,43세,상해없음,보행자,여,82세,중상
2013012500100260,2013년 1월 25일 15시,금요일,충청북도 청주시 흥덕구 분평동,중상사고,0,1,0,0,차대차 - 기타,안전운전불이행,건조,맑음,기타 - 기타,승용,여,25세,상해없음,자전거,남,70세,중상
2013012500100283,2013년 1월 25일 16시,금요일,충청북도 진천군 진천읍,중상사고,0,3,1,0,차대차 - 추돌 - 진행중,안전운전불이행,건조,맑음,단일로 - 기타,화물,남,35세,상해없음,승용,남,58세,경상
2013012500100316,2013년 1월 25일 17시,금요일,충청북도 청주시 상당구 금천동,경상사고,0,0,2,0,차대차 - 측면직각충돌,교차로운행방법위반,건조,맑음,교차로 - 교차로안,승용,남,44세,경상,승용,여,41세,경상
2013012500100317,2013년 1월 25일 17시,금요일,충청북도 제천시 하소동,중상사고,0,1,0,0,차대차 - 기타,직진우회전진행방해,건조,맑음,교차로 - 교차로안,승용,남,58세,상해없음,승용,여,28세,중상
2013012500100472,2013년 1월 25일 22시,금요일,충청북도 청주시 상당구 금천동,경상사고,0,0,1,0,차대차 - 기타,안전운전불이행,건조,맑음,교차로 - 교차로안,이륜,남,16세,경상,승용,남,33세,상해없음
2013012500100473,2013년 1월 25일 22시,금요일,충청북도 청주시 흥덕구 가경동,중상사고,0,1,0,0,차대사람 - 기타,안전운전불이행,건조,맑음,교차로 - 교차로부근,화물,남,30세,상해없음,보행자,남,37세,중상
2013012600100015,2013년 1월 26일 00시,토요일,충청북도 청주시 흥덕구 복대동,중상사고,0,1,1,2,차대차 - 측면직각충돌,신호위반,건조,맑음,교차로 - 교차로안,승용,남,21세,상해없음,승용,남,57세,경상
2013012600100016,2013년 1월 26일 00시,토요일,충청북도 청주시 상당구 용담동,경상사고,0,0,1,0,차대차 - 기타,안전운전불이행,건조,맑음,단일로 - 기타,승용,남,32세,상해없음,승용,남,49세,경상
2013012600100077,2013년 1월 26일 03시,토요일,충청북도 옥천군 이원면,중상사고,0,1,0,0,차대사람 - 기타,안전운전불이행,건조,맑음,단일로 - 기타,화물,남,33세,상해없음,보행자,남,37세,중상
2013012600100098,2013년 1월 26일 05시,토요일,충청북도 청주시 흥덕구 봉명동,중상사고,0,1,0,0,차대사람 - 횡단중,보행자보호의무위반,건조,맑음,교차로 - 교차로부근,화물,남,42세,상해없음,보행자,여,61세,중상
2013012600100125,2013년 1월 26일 08시,토요일,충청북도 제천시 신백동,중상사고,0,1,0,0,차대차 - 기타,안전운전불이행,건조,맑음,단일로 - 기타,승용,남,38세,상해없음,화물,남,73세,중상
2013012600100150,2013년 1월 26일 09시,토요일,충청북도 충주시 대소원면,중상사고,0,1,0,0,차대차 - 측면직각충돌,신호위반,건조,맑음,교차로 - 교차로안,승용,남,69세,중상,화물,남,36세,상해없음
2013012600100235,2013년 1월 26일 13시,토요일,충청북도 청주시 흥덕구 복대동,경상사고,0,0,2,0,차대차 - 추돌 - 주정차중,안전운전불이행,건조,맑음,교차로 - 교차로부근,승용,남,27세,상해없음,승용,남,41세,경상
2013012600100254,2013년 1월 26일 14시,토요일,충청북도 청원군 북이면,경상사고,0,0,3,0,차대차 - 측면직각충돌,교차로운행방법위반,건조,맑음,교차로 - 교차로안,승용,남,25세,경상,승합,남,57세,경상
2013012600100255,2013년 1월 26일 14시,토요일,충청북도 청주시 흥덕구 복대동,경상사고,0,0,1,0,차대차 - 추돌 - 주정차중,안전운전불이행,건조,맑음,교차로 - 교차로부근,승용,남,29세,상해없음,화물,남,53세,경상
2013012600100282,2013년 1월 26일 15시,토요일,충청북도 청주시 상당구 석교동,경상사고,0,0,1,0,차대차 - 추돌 - 진행중,안전운전불이행,건조,맑음,교차로 - 교차로부근,승용,남,22세,상해없음,승용,남,49세,경상
2013012600100283,2013년 1월 26일 15시,토요일,충청북도 제천시 청풍면,경상사고,0,0,6,0,차대차 - 추돌 - 진행중,안전운전불이행,적설,맑음,단일로 - 기타,승용,남,39세,상해없음,승합,여,50세,경상
2013012600100284,2013년 1월 26일 15시,토요일,충청북도 청원군 오송읍,경상사고,0,0,1,0,차대차 - 측면직각충돌,안전거리미확보,건조,맑음,단일로 - 기타,화물,남,42세,상해없음,승용,여,37세,경상
2013012600100308,2013년 1월 26일 16시,토요일,충청북도 청주시 흥덕구 사직동,경상사고,0,0,1,0,차대차 - 측면직각충돌,안전운전불이행,건조,맑음,교차로 - 교차로안,승용,여,57세,상해없음,승합,남,48세,상해없음
2013012600100354,2013년 1월 26일 18시,토요일,충청북도 청주시 상당구 율량동,경상사고,0,0,3,0,차대차 - 측면직각충돌,안전거리미확보,건조,맑음,단일로 - 기타,승용,남,44세,상해없음,승용,남,28세,경상
2013012600100355,2013년 1월 26일 18시,토요일,충청북도 충주시 목행동,경상사고,0,0,1,0,차대차 - 측면직각충돌,안전운전불이행,건조,맑음,단일로 - 기타,승용,남,33세,상해없음,승용,남,55세,상해없음
2013012600100356,2013년 1월 26일 18시,토요일,충청북도 청주시 상당구 용암동,부상신고사고,0,0,0,1,차대차 - 기타,신호위반,건조,맑음,교차로 - 교차로안,이륜,남,63세,부상신고,승용,남,52세,상해없음
2013012600100409,2013년 1월 26일 20시,토요일,충청북도 충주시 앙성면,중상사고,0,2,5,0,차대차 - 측면직각충돌,중앙선침범,건조,맑음,단일로 - 기타,화물,남,56세,상해없음,승용,남,44세,경상
2013012600100410,2013년 1월 26일 20시,토요일,충청북도 청주시 흥덕구 복대동,경상사고,0,0,1,0,차대사람 - 길가장자리구역통행중,안전운전불이행,건조,맑음,교차로 - 교차로부근,승용,여,47세,상해없음,보행자,남,37세,경상
2013012600100434,2013년 1월 26일 21시,토요일,충청북도 제천시 청전동,경상사고,0,0,1,0,차대차 - 기타,안전거리미확보,결빙,흐림,단일로 - 기타,원동기,남,24세,상해없음,승용,남,58세,경상
2013012600100435,2013년 1월 26일 21시,토요일,충청북도 청주시 흥덕구 복대동,경상사고,0,0,2,0,차대차 - 정면충돌,중앙선침범,건조,맑음,단일로 - 기타,승용,남,46세,상해없음,승용,남,50세,경상
2013012600100462,2013년 1월 26일 22시,토요일,충청북도 청주시 흥덕구 산남동,경상사고,0,0,2,0,차대차 - 측면직각충돌,안전운전불이행,건조,맑음,단일로 - 기타,승용,남,40세,상해없음,승용,여,28세,경상
2013012600100485,2013년 1월 26일 23시,토요일,충청북도 청주시 흥덕구 복대동,경상사고,0,0,1,0,차대차 - 측면직각충돌,중앙선침범,건조,맑음,단일로 - 기타,승용,남,57세,상해없음,승용,남,24세,경상
2013012700100041,2013년 1월 27일 02시,일요일,충청북도 충주시 앙성면,중상사고,0,1,0,0,차량단독 - 공작물충돌,안전운전불이행,건조,맑음,단일로 - 기타,승용,남,44세,중상,,,,
2013012700100042,2013년 1월 27일 02시,일요일,충청북도 청주시 흥덕구 복대동,중상사고,0,1,0,0,차대사람 - 길가장자리구역통행중,안전운전불이행,건조,맑음,교차로 - 교차로안,승용,남,43세,상해없음,보행자,남,27세,중상
2013012700100057,2013년 1월 27일 03시,일요일,충청북도 영동군 영동읍,경상사고,0,0,1,0,차대사람 - 기타,기타,건조,맑음,단일로 - 기타,승용,남,32세,상해없음,보행자,여,40세,경상
2013012700100114,2013년 1월 27일 08시,일요일,충청북도 청주시 흥덕구 사직동,경상사고,0,0,3,0,차대차 - 추돌 - 주정차중,안전운전불이행,건조,맑음,단일로 - 기타,승용,남,30세,상해없음,화물,남,56세,경상
2013012700100197,2013년 1월 27일 13시,일요일,충청북도 청주시 흥덕구 봉명동,경상사고,0,0,1,0,차대차 - 추돌 - 진행중,안전운전불이행,건조,맑음,단일로 - 기타,승용,남,46세,상해없음,승용,남,50세,경상
2013012700100211,2013년 1월 27일 14시,일요일,충청북도 청원군 오창읍,경상사고,0,0,3,0,차대차 - 정면충돌,신호위반,건조,맑음,교차로 - 교차로안,승용,여,58세,경상,승용,남,35세,경상
2013012700100242,2013년 1월 27일 15시,일요일,충청북도 청주시 흥덕구 가경동,경상사고,0,0,1,0,차대차 - 측면직각충돌,안전운전불이행,건조,맑음,교차로 - 교차로안,기타불명,기타불명,기타불명,기타불명,승용,여,27세,경상
2013012700100277,2013년 1월 27일 17시,일요일,충청북도 청주시 흥덕구 가경동,경상사고,0,0,4,0,차대차 - 측면직각충돌,안전운전불이행,건조,맑음,교차로 - 교차로부근,승용,남,35세,상해없음,승용,남,40세,상해없음
2013012700100297,2013년 1월 27일 18시,일요일,충청북도 청주시 흥덕구 사창동,중상사고,0,1,0,0,차대차 - 측면직각충돌,안전운전불이행,건조,맑음,단일로 - 기타,이륜,남,41세,중상,승용,남,39세,상해없음
2013012700100347,2013년 1월 27일 20시,일요일,충청북도 충주시 교현동,중상사고,0,1,0,0,차대차 - 측면직각충돌,안전운전불이행,건조,맑음,단일로 - 기타,승용,여,44세,상해없음,원동기,남,25세,중상
2013012700100362,2013년 1월 27일 21시,일요일,충청북도 충주시 문화동,경상사고,0,0,2,1,차대차 - 측면직각충돌,안전거리미확보,건조,맑음,단일로 - 기타,승용,여,49세,경상,승용,남,47세,경상
2013012700100376,2013년 1월 27일 22시,일요일,충청북도 충주시 봉방동,경상사고,0,0,1,0,차대차 - 측면직각충돌,신호위반,건조,맑음,교차로 - 교차로안,승합,남,68세,상해없음,승용,남,21세,경상
2013012800100009,2013년 1월 28일 00시,월요일,충청북도 충주시 교현동,경상사고,0,0,3,1,차대차 - 측면직각충돌,신호위반,습기,흐림,교차로 - 교차로안,승용,여,50세,부상신고,승용,남,53세,경상
2013012800100020,2013년 1월 28일 01시,월요일,충청북도 청주시 흥덕구 수곡동,경상사고,0,0,1,0,차대차 - 추돌 - 주정차중,안전운전불이행,건조,맑음,교차로 - 교차로안,승용,여,31세,상해없음,원동기,여,41세,경상
2013012800100024,2013년 1월 28일 02시,월요일,충청북도 보은군 보은읍,경상사고,0,0,2,0,차대차 - 측면직각충돌,중앙선침범,건조,맑음,단일로 - 기타,승용,남,52세,상해없음,승용,남,56세,경상
2013012800100045,2013년 1월 28일 06시,월요일,충청북도 청원군 남이면,중상사고,0,1,1,0,차대차 - 기타,안전운전불이행,건조,맑음,미분류 - 미분류,승용,남,60세,상해없음,이륜,남,65세,경상
2013012800100114,2013년 1월 28일 09시,월요일,충청북도 청주시 흥덕구 분평동,경상사고,0,0,1,0,차량단독 - 기타,안전운전불이행,건조,맑음,교차로 - 교차로안,승용,남,48세,상해없음,,,,
2013012800100165,2013년 1월 28일 11시,월요일,충청북도 충주시 가금면,중상사고,0,1,2,1,차대차 - 추돌 - 진행중,직진우회전진행방해,건조,맑음,교차로 - 교차로안,화물,남,60세,부상신고,승용,여,56세,중상
2013012800100188,2013년 1월 28일 12시,월요일,충청북도 충주시 교현동,경상사고,0,0,1,0,차대차 - 측면직각충돌,안전운전불이행,건조,맑음,교차로 - 교차로안,기타불명,기타불명,기타불명,기타불명,자전거,남,65세,경상
2013012800100189,2013년 1월 28일 12시,월요일,충청북도 청주시 흥덕구 신봉동,중상사고,0,2,0,0,차대차 - 측면직각충돌,안전운전불이행,건조,맑음,교차로 - 교차로부근,승합,남,70세,상해없음,승용,남,47세,중상
2013012800100279,2013년 1월 28일 16시,월요일,충청북도 제천시 동현동,경상사고,0,0,1,0,차대차 - 기타,안전거리미확보,건조,맑음,단일로 - 기타,승용,여,40세,상해없음,승용,여,47세,경상
2013012800100280,2013년 1월 28일 16시,월요일,충청북도 보은군 탄부면,사망사고,1,0,0,0,차량단독 - 공작물충돌,안전운전불이행,건조,흐림,단일로 - 기타,화물,남,42세,사망,,,,
2013012800100337,2013년 1월 28일 18시,월요일,충청북도 청주시 흥덕구 사직동,사망사고,1,0,0,0,차대사람 - 차도통행중,안전운전불이행,건조,맑음,단일로 - 기타,승용,남,55세,상해없음,보행자,남,58세,사망
2013012800100369,2013년 1월 28일 19시,월요일,충청북도 충주시 앙성면,중상사고,0,1,1,0,차대차 - 추돌 - 진행중,안전운전불이행,건조,맑음,단일로 - 기타,승용,남,54세,상해없음,승용,남,41세,중상
2013012800100370,2013년 1월 28일 19시,월요일,충청북도 청원군 남이면,경상사고,0,0,4,0,차대차 - 추돌 - 진행중,안전운전불이행,건조,맑음,단일로 - 기타,승용,남,37세,상해없음,화물,남,48세,경상
2013012800100398,2013년 1월 28일 20시,월요일,충청북도 음성군 대소면,경상사고,0,0,2,0,차대차 - 측면직각충돌,교차로운행방법위반,건조,맑음,교차로 - 교차로안,승용,남,41세,상해없음,승용,여,37세,경상
2013012800100449,2013년 1월 28일 22시,월요일,충청북도 청주시 흥덕구 수곡동,경상사고,0,0,3,0,차대차 - 추돌 - 주정차중,안전운전불이행,건조,맑음,단일로 - 기타,승용,남,44세,상해없음,승합,여,47세,경상
2013012900100014,2013년 1월 29일 00시,화요일,충청북도 청주시 흥덕구 가경동,중상사고,0,1,1,0,차대차 - 측면직각충돌,신호위반,건조,맑음,교차로 - 교차로안,승용,남,46세,상해없음,승용,남,36세,경상
2013012900100015,2013년 1월 29일 00시,화요일,충청북도 청원군 강내면,중상사고,0,1,0,0,차대차 - 측면직각충돌,차로위반,건조,맑음,단일로 - 기타,화물,남,47세,상해없음,승용,남,45세,중상
2013012900100016,2013년 1월 29일 00시,화요일,충청북도 청주시 상당구 용암동,경상사고,0,0,2,0,차대차 - 추돌 - 진행중,안전운전불이행,건조,맑음,교차로 - 교차로안,기타불명,기타불명,기타불명,기타불명,승용,남,26세,경상
2013012900100027,2013년 1월 29일 01시,화요일,충청북도 진천군 진천읍,중상사고,0,2,0,0,차대차 - 측면직각충돌,교차로운행방법위반,건조,맑음,교차로 - 교차로안,승용,남,49세,상해없음,승용,남,29세,중상
2013012900100028,2013년 1월 29일 01시,화요일,충청북도 청주시 흥덕구 복대동,부상신고사고,0,0,0,3,차대차 - 측면직각충돌,교차로운행방법위반,건조,맑음,교차로 - 교차로안,승용,남,40세,부상신고,승용,남,56세,부상신고
2013012900100029,2013년 1월 29일 01시,화요일,충청북도 청주시 상당구 용암동,중상사고,0,1,2,0,차대차 - 기타,안전운전불이행,건조,맑음,단일로 - 기타,승용,남,61세,상해없음,승용,남,52세,경상
2013012900100039,2013년 1월 29일 02시,화요일,충청북도 청주시 흥덕구 가경동,경상사고,0,0,2,0,차대차 - 추돌 - 주정차중,안전운전불이행,건조,맑음,단일로 - 기타,승용,여,42세,상해없음,승합,남,41세,경상
2013012900100048,2013년 1월 29일 03시,화요일,충청북도 제천시 교동,중상사고,0,1,0,0,차대차 - 측면직각충돌,안전운전불이행,건조,맑음,교차로 - 교차로부근,승용,남,54세,상해없음,승용,남,70세,중상
2013012900100059,2013년 1월 29일 04시,화요일,충청북도 충주시 충의동,중상사고,0,1,0,0,차대차 - 기타,안전운전불이행,건조,맑음,교차로 - 교차로안,승용,남,40세,상해없음,자전거,남,55세,중상
2013012900100139,2013년 1월 29일 09시,화요일,충청북도 청원군 현도면,경상사고,0,0,2,0,차대차 - 측면직각충돌,안전운전불이행,건조,맑음,단일로 - 기타,승용,남,32세,상해없음,화물,남,25세,경상
2013012900100155,2013년 1월 29일 10시,화요일,충청북도 보은군 탄부면,중상사고,0,1,1,0,차대차 - 측면직각충돌,안전운전불이행,건조,맑음,교차로 - 교차로안,화물,남,40세,상해없음,원동기,남,73세,중상
2013012900100177,2013년 1월 29일 11시,화요일,충청북도 단양군 대강면,중상사고,0,1,0,0,차량단독 - 전도전복,안전운전불이행,건조,맑음,단일로 - 기타,원동기,남,45세,상해없음,,,,
2013012900100178,2013년 1월 29일 11시,화요일,충청북도 청주시 흥덕구 송정동,경상사고,0,0,1,0,차대차 - 측면직각충돌,교차로운행방법위반,건조,맑음,교차로 - 교차로안,승용,남,34세,상해없음,승용,남,54세,경상
2013012900100216,2013년 1월 29일 13시,화요일,충청북도 청주시 상당구 우암동,경상사고,0,0,2,0,차대차 - 추돌 - 주정차중,안전운전불이행,건조,맑음,교차로 - 교차로부근,승용,여,52세,상해없음,승용,남,66세,경상
2013012900100217,2013년 1월 29일 13시,화요일,충청북도 제천시 의림동,경상사고,0,0,1,0,차대차 - 측면직각충돌,불법유턴,습기,맑음,교차로 - 교차로안,화물,남,50세,상해없음,승용,남,45세,경상
2013012900100244,2013년 1월 29일 14시,화요일,충청북도 제천시 중앙로2가,경상사고,0,0,1,0,차대차 - 측면직각충돌,안전운전불이행,건조,맑음,단일로 - 기타,화물,남,45세,상해없음,승용,남,27세,경상
2013012900100285,2013년 1월 29일 16시,화요일,충청북도 청원군 오창읍,경상사고,0,0,1,0,차대차 - 측면직각충돌,교차로운행방법위반,건조,맑음,교차로 - 교차로안,승용,여,48세,상해없음,이륜,남,22세,경상
2013012900100286,2013년 1월 29일 16시,화요일,충청북도 청주시 흥덕구 수곡동,경상사고,0,0,2,0,차대차 - 기타,안전운전불이행,건조,맑음,교차로 - 교차로부근,화물,남,56세,상해없음,승용,남,27세,경상
2013012900100307,2013년 1월 29일 17시,화요일,충청북도 충주시 충의동,중상사고,0,1,0,0,차대사람 - 횡단중,안전운전불이행,습기,흐림,교차로 - 교차로안,승용,여,47세,상해없음,보행자,남,63세,중상
2013012900100340,2013년 1월 29일 18시,화요일,충청북도 청주시 흥덕구 복대동,경상사고,0,0,3,0,차대차 - 추돌 - 진행중,안전운전불이행,건조,맑음,교차로 - 교차로안,승용,남,30세,경상,승용,남,55세,경상
2013012900100372,2013년 1월 29일 19시,화요일,충청북도 충주시 금가면,경상사고,0,0,2,0,차대차 - 추돌 - 진행중,안전거리미확보,건조,맑음,단일로 - 기타,승용,남,51세,경상,화물,남,56세,경상
2013012900100373,2013년 1월 29일 19시,화요일,충청북도 청주시 흥덕구 복대동,중상사고,0,1,2,1,차대차 - 측면직각충돌,안전운전불이행,건조,맑음,교차로 - 교차로안,승용,남,53세,상해없음,승용,남,37세,경상