사고번호,사고일시,요일,시군구,사고내용,사망자수,중상자수,경상자수,부상신고자수,사고유형,법규위반,노면상태,기상상태,도로형태,가해운전자 차종,가해운전자 성별,가해운전자 연령,가해운전자 상해정도,피해운전자 차종,피해운전자 성별,피해운전자 연령,피해운전자 상해정도
2013012900100394,2013년 1월 29일 20시,화요일,충청북도 청주시 흥덕구 복대동,경상사고,0,0,2,0,차대차 - 측면직각충돌,안전운전불이행,건조,맑음,단일로 - 기타,승용,남,42세,상해없음,승용,남,31세,경상
2013012900100419,2013년 1월 29일 21시,화요일,충청북도 진천군 광혜원면,사망사고,1,0,0,0,차대사람 - 차도통행중,안전운전불이행,건조,맑음,교차로 - 교차로부근,승용,남,41세,상해없음,보행자,남,53세,사망
2013012900100469,2013년 1월 29일 23시,화요일,충청북도 청주시 상당구 금천동,사망사고,1,0,0,0,차대사람 - 기타,안전운전불이행,건조,맑음,단일로 - 기타,승용,남,33세,상해없음,보행자,남,54세,사망
2013013000100033,2013년 1월 30일 01시,수요일,충청북도 청주시 흥덕구 복대동,경상사고,0,0,1,0,차대차 - 추돌 - 주정차중,안전운전불이행,건조,맑음,단일로 - 기타,승용,남,38세,상해없음,승용,남,48세,상해없음
2013013000100074,2013년 1월 30일 05시,수요일,충청북도 청주시 흥덕구 송정동,경상사고,0,0,2,0,차대차 - 측면직각충돌,교차로운행방법위반,건조,맑음,교차로 - 교차로안,승용,여,38세,경상,승용,남,37세,경상
2013013000100109,2013년 1월 30일 07시,수요일,충청북도 청주시 상당구 우암동,경상사고,0,0,2,0,차대차 - 측면직각충돌,신호위반,건조,맑음,교차로 - 교차로안,화물,남,63세,상해없음,승용,남,53세,경상
2013013000100143,2013년 1월 30일 08시,수요일,충청북도 청주시 흥덕구 사창동,중상사고,0,1,0,0,차대사람 - 보도통행중,보행자보호의무위반,습기,흐림,교차로 - 교차로안,화물,남,44세,상해없음,보행자,남,73세,중상
2013013000100188,2013년 1월 30일 10시,수요일,충청북도 청주시 상당구 문화동,경상사고,0,0,1,0,차대차 - 측면직각충돌,안전운전불이행,건조,맑음,단일로 - 기타,화물,남,47세,상해없음,승합,남,36세,경상
2013013000100214,2013년 1월 30일 11시,수요일,충청북도 충주시 산척면,경상사고,0,0,1,0,차대차 - 측면직각충돌,안전운전불이행,건조,맑음,단일로 - 기타,특수,남,46세,상해없음,승용,남,40세,경상
2013013000100215,2013년 1월 30일 11시,수요일,충청북도 제천시 금성면,경상사고,0,0,1,0,차대차 - 기타,안전운전불이행,건조,맑음,단일로 - 기타,승합,남,50세,상해없음,승용,남,59세,경상
2013013000100236,2013년 1월 30일 12시,수요일,충청북도 청원군 북이면,중상사고,0,1,0,0,차대차 - 측면직각충돌,교차로운행방법위반,건조,맑음,교차로 - 교차로안,화물,남,46세,상해없음,자전거,남,75세,중상
2013013000100261,2013년 1월 30일 13시,수요일,충청북도 청주시 상당구 내덕동,경상사고,0,0,1,0,차대사람 - 길가장자리구역통행중,안전운전불이행,건조,맑음,단일로 - 기타,화물,남,51세,상해없음,보행자,여,57세,경상
2013013000100281,2013년 1월 30일 14시,수요일,충청북도 청원군 옥산면,중상사고,0,1,0,0,차대차 - 측면직각충돌,중앙선침범,건조,맑음,단일로 - 기타,건설기계,남,56세,상해없음,화물,남,53세,중상
2013013000100282,2013년 1월 30일 14시,수요일,충청북도 청주시 흥덕구 신촌동,중상사고,0,1,0,0,차대차 - 측면직각충돌,중앙선침범,건조,맑음,단일로 - 기타,승합,남,31세,상해없음,특수,남,56세,중상
2013013000100302,2013년 1월 30일 15시,수요일,충청북도 충주시 단월동,중상사고,0,3,0,0,차대차 - 추돌 - 진행중,안전운전불이행,건조,맑음,교차로 - 교차로안,승용,남,66세,중상,승용,남,47세,중상
2013013000100303,2013년 1월 30일 15시,수요일,충청북도 청주시 흥덕구 복대동,경상사고,0,0,1,0,차대차 - 측면직각충돌,안전거리미확보,건조,맑음,기타 - 기타,승용,남,55세,상해없음,화물,남,34세,경상
2013013000100326,2013년 1월 30일 16시,수요일,충청북도 청주시 상당구 금천동,경상사고,0,0,1,0,차량단독 - 기타,안전운전불이행,건조,맑음,단일로 - 기타,승합,남,54세,상해없음,,,,
2013013000100327,2013년 1월 30일 16시,수요일,충청북도 괴산군 청천면,경상사고,0,0,1,0,차량단독 - 전도전복,안전운전불이행,건조,맑음,단일로 - 기타,이륜,남,76세,경상,,,,
2013013000100393,2013년 1월 30일 18시,수요일,충청북도 청주시 흥덕구 봉명동,중상사고,0,1,0,0,차대사람 - 차도통행중,안전운전불이행,건조,맑음,단일로 - 기타,승용,여,44세,상해없음,보행자,여,71세,중상
2013013000100427,2013년 1월 30일 19시,수요일,충청북도 청주시 상당구 서운동,경상사고,0,0,2,0,차대차 - 측면직각충돌,안전운전불이행,건조,맑음,단일로 - 기타,원동기,남,18세,경상,승용,남,50세,상해없음
2013013000100428,2013년 1월 30일 19시,수요일,충청북도 음성군 감곡면,경상사고,0,0,1,0,차대차 - 기타,중앙선침범,건조,맑음,단일로 - 기타,승용,여,50세,상해없음,화물,남,50세,경상
2013013000100429,2013년 1월 30일 19시,수요일,충청북도 청주시 흥덕구 봉명동,경상사고,0,0,1,0,차대사람 - 보도통행중,신호위반,건조,맑음,교차로 - 교차로부근,승용,남,66세,상해없음,보행자,여,31세,경상
2013013000100491,2013년 1월 30일 21시,수요일,충청북도 충주시 연수동,경상사고,0,0,1,0,차대차 - 기타,안전운전불이행,건조,맑음,단일로 - 기타,기타불명,기타불명,기타불명,기타불명,원동기,남,30세,경상
2013013000100492,2013년 1월 30일 21시,수요일,충청북도 충주시 대소원면,중상사고,0,2,0,0,차대차 - 기타,중앙선침범,건조,맑음,교차로 - 교차로부근,화물,남,39세,상해없음,승합,남,54세,중상
2013013000100493,2013년 1월 30일 21시,수요일,충청북도 청원군 낭성면,사망사고,1,0,0,0,차대사람 - 횡단중,안전운전불이행,건조,맑음,단일로 - 기타,승합,남,57세,상해없음,보행자,남,58세,사망
2013013000100519,2013년 1월 30일 22시,수요일,충청북도 증평군 증평읍,경상사고,0,0,1,0,차량단독 - 공작물충돌,안전운전불이행,건조,맑음,단일로 - 기타,화물,남,56세,경상,,,,
2013013100100071,2013년 1월 31일 06시,목요일,충청북도 충주시 앙성면,사망사고,1,2,1,0,차대차 - 추돌 - 진행중,안전운전불이행,결빙,맑음,단일로 - 기타,화물,남,51세,사망,특수,남,60세,경상
2013013100100097,2013년 1월 31일 07시,목요일,충청북도 진천군 광혜원면,경상사고,0,0,1,0,차대차 - 측면직각충돌,교차로운행방법위반,건조,맑음,교차로 - 교차로안,화물,남,62세,상해없음,승용,남,31세,경상
2013013100100098,2013년 1월 31일 07시,목요일,충청북도 청주시 흥덕구 송정동,중상사고,0,1,0,0,차량단독 - 공작물충돌,안전운전불이행,건조,맑음,단일로 - 기타,승용,남,23세,중상,,,,
2013013100100143,2013년 1월 31일 08시,목요일,충청북도 충주시 앙성면,경상사고,0,0,2,0,차대차 - 추돌 - 진행중,안전거리미확보,결빙,맑음,단일로 - 기타,승합,남,52세,상해없음,화물,남,55세,경상
2013013100100175,2013년 1월 31일 09시,목요일,충청북도 음성군 금왕읍,경상사고,0,0,1,0,차대차 - 기타,안전거리미확보,건조,맑음,단일로 - 기타,화물,남,51세,상해없음,승용,남,68세,경상
2013013100100176,2013년 1월 31일 09시,목요일,충청북도 청주시 상당구 용암동,중상사고,0,1,0,0,차대차 - 기타,안전운전불이행,건조,맑음,교차로 - 교차로안,승용,여,35세,상해없음,승용,남,29세,상해없음
2013013100100197,2013년 1월 31일 10시,목요일,충청북도 청주시 흥덕구 사창동,경상사고,0,0,1,0,차대차 - 측면직각충돌,안전운전불이행,건조,맑음,단일로 - 기타,승용,여,41세,상해없음,승용,남,36세,경상
2013013100100319,2013년 1월 31일 15시,목요일,충청북도 영동군 영동읍,중상사고,0,1,0,0,차대사람 - 길가장자리구역통행중,안전운전불이행,건조,맑음,교차로 - 교차로부근,화물,남,47세,상해없음,보행자,여,53세,중상
2013013100100362,2013년 1월 31일 17시,목요일,충청북도 옥천군 옥천읍,중상사고,0,1,1,0,차대차 - 측면직각충돌,안전운전불이행,건조,맑음,교차로 - 교차로부근,승용,남,51세,중상,승용,남,50세,경상
2013013100100455,2013년 1월 31일 20시,목요일,충청북도 충주시 연수동,중상사고,0,1,0,0,차대차 - 측면직각충돌,안전운전불이행,건조,맑음,교차로 - 교차로안,승용,남,49세,상해없음,원동기,남,16세,중상
2013013100100456,2013년 1월 31일 20시,목요일,충청북도 제천시 모산동,경상사고,0,0,1,0,차대차 - 기타,안전운전불이행,습기,흐림,단일로 - 횡단보도부근,승용,남,63세,상해없음,원동기,남,45세,경상
2013013100100457,2013년 1월 31일 20시,목요일,충청북도 보은군 보은읍,경상사고,0,0,1,0,차대차 - 추돌 - 진행중,안전거리미확보,습기,흐림,단일로 - 기타,승용,남,26세,상해없음,원동기,남,36세,경상
2013013100100489,2013년 1월 31일 21시,목요일,충청북도 충주시 연수동,중상사고,0,1,0,0,차대차 - 측면직각충돌,안전운전불이행,건조,맑음,교차로 - 교차로안,승용,남,57세,상해없음,승합,남,34세,상해없음
2013013100100553,2013년 1월 31일 23시,목요일,충청북도 청주시 상당구 용담동,경상사고,0,0,3,0,차대차 - 측면직각충돌,안전운전불이행,건조,맑음,단일로 - 기타,승용,여,40세,상해없음,승용,여,44세,경상
2013020100100073,2013년 2월 1일 03시,금요일,충청북도 음성군 금왕읍,중상사고,0,1,0,0,차량단독 - 공작물충돌,안전운전불이행,건조,맑음,교차로 - 교차로안,승용,남,48세,중상,,,,
2013020100100124,2013년 2월 1일 06시,금요일,충청북도 청주시 흥덕구 사직동,중상사고,0,1,0,0,차대사람 - 횡단중,보행자보호의무위반,습기,비,단일로 - 횡단보도상,화물,남,44세,상해없음,보행자,남,72세,중상
2013020100100153,2013년 2월 1일 07시,금요일,충청북도 제천시 고암동,중상사고,0,1,0,0,차대차 - 추돌 - 주정차중,안전거리미확보,습기,비,교차로 - 교차로부근,화물,남,52세,상해없음,승합,남,56세,중상
2013020100100154,2013년 2월 1일 07시,금요일,충청북도 청주시 흥덕구 복대동,중상사고,0,1,0,0,차대사람 - 횡단중,신호위반,건조,흐림,단일로 - 횡단보도상,승용,남,24세,상해없음,보행자,남,16세,중상
2013020100100255,2013년 2월 1일 11시,금요일,충청북도 충주시 성서동,경상사고,0,0,1,0,차대사람 - 기타,안전운전불이행,습기,비,단일로 - 기타,승용,기타불명,기타불명,기타불명,보행자,여,41세,경상
2013020100100256,2013년 2월 1일 11시,금요일,충청북도 충주시 달천동,중상사고,0,2,3,0,차대차 - 추돌 - 진행중,안전운전불이행,습기,비,단일로 - 기타,승용,남,52세,상해없음,승용,남,52세,중상
2013020100100257,2013년 2월 1일 11시,금요일,충청북도 제천시 봉양읍,경상사고,0,0,1,0,차대차 - 측면직각충돌,직진우회전진행방해,습기,비,교차로 - 교차로안,화물,남,46세,상해없음,화물,남,47세,경상
2013020100100273,2013년 2월 1일 12시,금요일,충청북도 청주시 흥덕구 가경동,중상사고,0,1,0,0,차대사람 - 횡단중,안전운전불이행,습기,비,단일로 - 기타,화물,남,54세,상해없음,보행자,여,75세,중상
2013020100100274,2013년 2월 1일 12시,금요일,충청북도 청주시 흥덕구 운천동,경상사고,0,0,1,0,차대차 - 추돌 - 주정차중,교차로운행방법위반,건조,맑음,교차로 - 교차로부근,화물,남,27세,상해없음,승용,여,58세,경상
2013020100100364,2013년 2월 1일 16시,금요일,충청북도 청주시 상당구 석교동,중상사고,0,1,3,0,차대차 - 기타,신호위반,건조,맑음,교차로 - 교차로안,승용,남,54세,상해없음,승용,남,54세,중상
2013020100100365,2013년 2월 1일 16시,금요일,충청북도 청주시 상당구 석교동,경상사고,0,0,1,0,차대차 - 기타,교차로운행방법위반,건조,맑음,교차로 - 교차로부근,승용,남,55세,상해없음,승합,남,50세,경상
2013020100100366,2013년 2월 1일 16시,금요일,충청북도 제천시 교동,중상사고,0,1,0,0,차대차 - 측면직각충돌,안전거리미확보,습기,비,단일로 - 기타,승용,남,50세,상해없음,원동기,남,31세,중상
2013020100100387,2013년 2월 1일 17시,금요일,충청북도 충주시 앙성면,경상사고,0,0,1,0,차대차 - 측면직각충돌,안전거리미확보,습기,비,단일로 - 기타,화물,남,54세,상해없음,승용,여,61세,경상
2013020100100420,2013년 2월 1일 18시,금요일,충청북도 제천시 명동,중상사고,0,1,0,0,차대사람 - 횡단중,안전운전불이행,습기,비,단일로 - 기타,원동기,남,18세,상해없음,보행자,남,71세,중상
2013020100100421,2013년 2월 1일 18시,금요일,충청북도 음성군 삼성면,경상사고,0,0,2,0,차대차 - 추돌 - 진행중,안전운전불이행,건조,맑음,기타 - 기타,화물,남,34세,상해없음,승용,남,41세,경상
2013020100100422,2013년 2월 1일 18시,금요일,충청북도 청주시 흥덕구 수곡동,경상사고,0,0,1,0,차대차 - 측면직각충돌,신호위반,건조,맑음,교차로 - 교차로안,화물,남,49세,경상,승합,남,51세,상해없음
2013020100100470,2013년 2월 1일 19시,금요일,충청북도 청주시 상당구 내덕동,중상사고,0,1,0,0,차대사람 - 기타,안전운전불이행,건조,맑음,단일로 - 기타,승용,남,55세,상해없음,보행자,남,72세,중상
2013020100100471,2013년 2월 1일 19시,금요일,충청북도 제천시 하소동,중상사고,0,1,0,0,차대사람 - 기타,안전운전불이행,습기,비,단일로 - 기타,승용,여,31세,상해없음,보행자,남,38세,중상
2013020100100472,2013년 2월 1일 19시,금요일,충청북도 옥천군 옥천읍,경상사고,0,0,1,0,차대차 - 측면직각충돌,교차로운행방법위반,건조,맑음,교차로 - 교차로안,승용,남,55세,상해없음,승용,여,34세,경상
2013020100100508,2013년 2월 1일 20시,금요일,충청북도 청주시 상당구 용암동,경상사고,0,0,3,0,차대차 - 측면직각충돌,안전운전불이행,건조,맑음,교차로 - 교차로부근,승용,여,48세,상해없음,승용,여,40세,경상
2013020100100612,2013년 2월 1일 23시,금요일,충청북도 보은군 보은읍,경상사고,0,0,1,0,차대차 - 측면직각충돌,교차로운행방법위반,습기,비,교차로 - 교차로안,승용,남,52세,상해없음,승용,여,38세,경상
2013020100100613,2013년 2월 1일 23시,금요일,충청북도 청주시 흥덕구 복대동,경상사고,0,0,2,0,차대차 - 추돌 - 주정차중,안전운전불이행,건조,맑음,교차로 - 교차로부근,승용,여,22세,상해없음,승용,남,67세,경상
2013020200100016,2013년 2월 2일 00시,토요일,충청북도 청주시 흥덕구 사창동,경상사고,0,0,2,0,차대사람 - 횡단중,안전운전불이행,건조,맑음,교차로 - 교차로안,승용,남,41세,상해없음,보행자,남,29세,경상
2013020200100044,2013년 2월 2일 01시,토요일,충청북도 청주시 흥덕구 미평동,중상사고,0,4,0,0,차대차 - 정면충돌,중앙선침범,건조,맑음,단일로 - 기타,승용,남,30세,중상,승용,남,57세,중상
2013020200100066,2013년 2월 2일 02시,토요일,충청북도 진천군 초평면,중상사고,0,2,0,0,차대차 - 추돌 - 주정차중,안전운전불이행,습기,눈,단일로 - 기타,승용,남,34세,상해없음,승용,남,33세,중상
2013020200100099,2013년 2월 2일 04시,토요일,충청북도 청주시 흥덕구 복대동,경상사고,0,0,3,0,차대차 - 측면직각충돌,안전거리미확보,건조,맑음,단일로 - 기타,승용,남,49세,경상,승용,남,47세,경상
2013020200100125,2013년 2월 2일 06시,토요일,충청북도 진천군 광혜원면,중상사고,0,1,0,0,차대차 - 측면직각충돌,교차로운행방법위반,건조,맑음,교차로 - 교차로안,화물,남,55세,상해없음,승용,여,41세,중상
2013020200100139,2013년 2월 2일 07시,토요일,충청북도 청주시 상당구 내덕동,중상사고,0,1,0,0,차대사람 - 횡단중,안전운전불이행,건조,맑음,교차로 - 교차로부근,승용,남,20세,상해없음,보행자,여,71세,중상
2013020200100140,2013년 2월 2일 07시,토요일,충청북도 음성군 금왕읍,중상사고,0,2,0,0,차대차 - 추돌 - 주정차중,안전운전불이행,건조,맑음,단일로 - 기타,화물,남,29세,상해없음,승합,남,51세,중상
2013020200100158,2013년 2월 2일 08시,토요일,충청북도 제천시 동현동,경상사고,0,0,4,0,차대차 - 기타,안전운전불이행,건조,흐림,교차로 - 교차로부근,화물,남,66세,상해없음,승용,남,57세,경상
2013020200100184,2013년 2월 2일 09시,토요일,충청북도 보은군 속리산면,경상사고,0,0,2,0,차대차 - 정면충돌,안전운전불이행,건조,맑음,단일로 - 기타,승용,여,24세,상해없음,이륜,남,56세,경상
2013020200100237,2013년 2월 2일 11시,토요일,충청북도 괴산군 괴산읍,중상사고,0,1,0,0,차대사람 - 횡단중,안전운전불이행,건조,맑음,단일로 - 기타,화물,남,45세,상해없음,보행자,남,15세,중상
2013020200100263,2013년 2월 2일 12시,토요일,충청북도 충주시 성내동,중상사고,0,1,0,0,차대차 - 측면직각충돌,신호위반,건조,맑음,교차로 - 교차로안,원동기,남,68세,상해없음,원동기,남,73세,중상
2013020200100264,2013년 2월 2일 12시,토요일,충청북도 충주시 주덕읍,중상사고,0,1,0,0,차대사람 - 횡단중,안전운전불이행,건조,맑음,단일로 - 기타,승용,남,47세,상해없음,보행자,여,83세,중상
2013020200100319,2013년 2월 2일 14시,토요일,충청북도 증평군 증평읍,경상사고,0,0,1,0,차대사람 - 보도통행중,안전운전불이행,건조,맑음,단일로 - 기타,승용,여,46세,상해없음,보행자,여,44세,경상
2013020200100320,2013년 2월 2일 14시,토요일,충청북도 음성군 삼성면,경상사고,0,0,2,0,차대차 - 기타,교차로운행방법위반,건조,맑음,교차로 - 교차로안,원동기,남,77세,경상,자전거,남,69세,경상
2013020200100360,2013년 2월 2일 16시,토요일,충청북도 옥천군 동이면,중상사고,0,2,1,0,차대차 - 측면직각충돌,신호위반,건조,맑음,교차로 - 교차로안,승용,남,25세,상해없음,승용,남,56세,중상
2013020200100384,2013년 2월 2일 17시,토요일,충청북도 영동군 영동읍,중상사고,0,1,0,0,차대차 - 추돌 - 진행중,안전운전불이행,건조,맑음,단일로 - 기타,승용,남,63세,상해없음,승용,남,30세,중상
2013020200100420,2013년 2월 2일 18시,토요일,충청북도 증평군 증평읍,경상사고,0,0,1,0,차대차 - 측면직각충돌,안전거리미확보,건조,맑음,단일로 - 기타,승용,여,45세,상해없음,승용,남,34세,경상
2013020200100421,2013년 2월 2일 18시,토요일,충청북도 청주시 흥덕구 복대동,경상사고,0,0,1,0,차대차 - 추돌 - 진행중,안전운전불이행,건조,맑음,단일로 - 기타,화물,남,69세,상해없음,승용,남,56세,경상
2013020200100511,2013년 2월 2일 21시,토요일,충청북도 청주시 상당구 명암동,경상사고,0,0,1,0,차대차 - 측면직각충돌,안전거리미확보,건조,맑음,단일로 - 기타,건설기계,남,44세,상해없음,승용,여,46세,경상
2013020200100536,2013년 2월 2일 22시,토요일,충청북도 보은군 보은읍,경상사고,0,0,1,0,차대차 - 측면직각충돌,기타,건조,맑음,단일로 - 기타,승용,남,21세,상해없음,승용,남,58세,상해없음
2013020200100537,2013년 2월 2일 22시,토요일,충청북도 청주시 흥덕구 봉명동,경상사고,0,0,1,0,차대차 - 추돌 - 주정차중,불법유턴,건조,맑음,단일로 - 기타,승용,남,31세,상해없음,승용,남,57세,경상
2013020300100028,2013년 2월 3일 01시,일요일,충청북도 청주시 흥덕구 신봉동,사망사고,1,0,0,0,차대사람 - 차도통행중,과속,건조,맑음,교차로 - 교차로부근,승용,남,31세,상해없음,보행자,여,47세,사망
2013020300100093,2013년 2월 3일 06시,일요일,충청북도 청주시 흥덕구 산남동,경상사고,0,0,1,0,차대사람 - 횡단중,안전운전불이행,건조,맑음,교차로 - 교차로안,승용,남,64세,상해없음,보행자,남,18세,경상
2013020300100118,2013년 2월 3일 08시,일요일,충청북도 제천시 영천동,경상사고,0,0,1,0,차대차 - 측면직각충돌,신호위반,건조,맑음,교차로 - 교차로부근,승용,남,55세,상해없음,자전거,남,62세,경상
2013020300100146,2013년 2월 3일 10시,일요일,충청북도 충주시 성내동,중상사고,0,1,0,0,차대차 - 측면직각충돌,신호위반,습기,흐림,교차로 - 교차로안,화물,남,64세,상해없음,자전거,남,69세,중상
2013020300100147,2013년 2월 3일 10시,일요일,충청북도 청주시 흥덕구 분평동,중상사고,0,1,0,0,차대차 - 추돌 - 진행중,안전운전불이행,건조,맑음,단일로 - 기타,승용,남,53세,상해없음,자전거,남,60세,중상
2013020300100165,2013년 2월 3일 11시,일요일,충청북도 음성군 음성읍,경상사고,0,0,1,0,차대차 - 기타,안전운전불이행,건조,맑음,단일로 - 기타,승용,여,55세,경상,승용,남,35세,상해없음
2013020300100166,2013년 2월 3일 11시,일요일,충청북도 청주시 상당구 용암동,경상사고,0,0,5,0,차대차 - 측면직각충돌,안전운전불이행,건조,맑음,교차로 - 교차로부근,승용,여,30세,경상,승용,남,45세,경상
2013020300100182,2013년 2월 3일 12시,일요일,충청북도 청주시 흥덕구 복대동,경상사고,0,0,3,0,차대차 - 측면직각충돌,신호위반,건조,맑음,교차로 - 교차로안,승용,남,67세,상해없음,승용,남,55세,상해없음
2013020300100183,2013년 2월 3일 12시,일요일,충청북도 청주시 상당구 용암동,경상사고,0,0,1,0,차대차 - 정면충돌,안전운전불이행,건조,맑음,단일로 - 기타,승용,남,56세,상해없음,원동기,남,31세,경상
2013020300100223,2013년 2월 3일 14시,일요일,충청북도 청주시 상당구 남주동,중상사고,0,1,0,0,차대사람 - 기타,안전운전불이행,건조,맑음,단일로 - 기타,승용,남,85세,상해없음,보행자,남,78세,중상
2013020300100224,2013년 2월 3일 14시,일요일,충청북도 청주시 상당구 우암동,경상사고,0,0,1,0,차대차 - 기타,안전운전불이행,건조,맑음,단일로 - 기타,승용,남,63세,상해없음,승용,여,27세,경상
2013020300100248,2013년 2월 3일 15시,일요일,충청북도 청주시 상당구 금천동,경상사고,0,0,1,0,차대사람 - 기타,안전운전불이행,건조,맑음,단일로 - 기타,승용,남,70세,상해없음,보행자,여,12세,경상
2013020300100349,2013년 2월 3일 18시,일요일,충청북도 충주시 수안보면,경상사고,0,0,3,0,차대차 - 추돌 - 주정차중,안전운전불이행,건조,흐림,단일로 - 기타,승용,남,50세,상해없음,승용,여,42세,경상
2013020300100350,2013년 2월 3일 18시,일요일,충청북도 제천시 장락동,경상사고,0,0,1,0,차대차 - 추돌 - 주정차중,안전운전불이행,건조,맑음,교차로 - 교차로부근,승용,남,39세,상해없음,승용,남,30세,경상
2013020300100351,2013년 2월 3일 18시,일요일,충청북도 제천시 의림동,중상사고,0,1,0,0,차대사람 - 기타,안전운전불이행,건조,맑음,교차로 - 교차로안,승용,남,39세,상해없음,보행자,남,31세,중상
2013020300100385,2013년 2월 3일 19시,일요일,충청북도 충주시 봉방동,경상사고,0,0,1,0,차대차 - 기타,신호위반,건조,흐림,교차로 - 교차로부근,승용,여,59세,상해없음,원동기,남,30세,경상
2013020300100423,2013년 2월 3일 20시,일요일,충청북도 청주시 상당구 율량동,중상사고,0,1,3,0,차대차 - 측면직각충돌,신호위반,건조,맑음,교차로 - 교차로안,승용,남,50세,상해없음,승용,남,53세,경상
2013020300100462,2013년 2월 3일 21시,일요일,충청북도 청주시 흥덕구 가경동,경상사고,0,0,8,0,차대차 - 추돌 - 진행중,중앙선침범,건조,맑음,단일로 - 기타,승용,남,26세,상해없음,승용,남,62세,상해없음
2013020300100536,2013년 2월 3일 23시,일요일,충청북도 음성군 대소면,경상사고,0,0,1,0,차대차 - 기타,중앙선침범,적설,눈,기타 - 기타,승합,남,38세,상해없음,승용,남,29세,경상
2013020300100537,2013년 2월 3일 23시,일요일,충청북도 진천군 진천읍,경상사고,0,0,1,0,차대차 - 측면직각충돌,안전운전불이행,적설,눈,교차로 - 교차로안,승용,남,48세,상해없음,승용,남,28세,경상
2013020400100036,2013년 2월 4일 01시,월요일,충청북도 음성군 대소면,경상사고,0,0,1,0,차대차 - 기타,안전운전불이행,건조,맑음,단일로 - 기타,승용,남,32세,상해없음,승용,남,31세,경상
2013020400100037,2013년 2월 4일 01시,월요일,충청북도 청주시 흥덕구 복대동,경상사고,0,0,2,0,차대차 - 측면직각충돌,안전운전불이행,건조,맑음,교차로 - 교차로부근,승용,여,26세,상해없음,승용,남,26세,경상
2013020400100049,2013년 2월 4일 02시,월요일,충청북도 청주시 흥덕구 가경동,사망사고,1,0,0,0,차량단독 - 공작물충돌,안전운전불이행,결빙,눈,교차로 - 교차로안,승용,남,28세,사망,,,,
2013020400100050,2013년 2월 4일 02시,월요일,충청북도 청주시 상당구 용암동,경상사고,0,0,2,0,차대차 - 추돌 - 주정차중,안전운전불이행,결빙,눈,단일로 - 기타,승용,여,20세,경상,화물,남,37세,기타불명
2013020400100099,2013년 2월 4일 06시,월요일,충청북도 음성군 음성읍,중상사고,0,1,0,0,차대차 - 기타,안전운전불이행,적설,눈,단일로 - 기타,승용,남,66세,중상,화물,남,40세,상해없음
2013020400100100,2013년 2월 4일 06시,월요일,충청북도 청주시 흥덕구 사창동,경상사고,0,0,1,0,차대차 - 정면충돌,중앙선침범,결빙,눈,단일로 - 기타,승용,남,51세,상해없음,승용,여,50세,경상
2013020400100116,2013년 2월 4일 07시,월요일,충청북도 제천시 고암동,중상사고,0,2,0,0,차대차 - 기타,안전운전불이행,적설,눈,단일로 - 기타,승용,남,61세,상해없음,승용,남,33세,중상
2013020400100142,2013년 2월 4일 08시,월요일,충청북도 충주시 목행동,중상사고,0,2,1,0,차대차 - 추돌 - 진행중,중앙선침범,적설,눈,교차로 - 교차로부근,승용,남,30세,상해없음,승용,남,56세,중상
2013020400100143,2013년 2월 4일 08시,월요일,충청북도 괴산군 괴산읍,경상사고,0,0,3,1,차대차 - 추돌 - 주정차중,안전운전불이행,결빙,맑음,교차로 - 교차로부근,승용,남,73세,부상신고,승합,남,47세,경상
2013020400100144,2013년 2월 4일 08시,월요일,충청북도 음성군 음성읍,경상사고,0,0,1,0,차대차 - 기타,중앙선침범,건조,맑음,단일로 - 기타,화물,남,52세,상해없음,승용,남,33세,경상
2013020400100148,2013년 2월 4일 08시,월요일,충청북도 영동군 황간면,중상사고,0,1,1,0,차대차 - 기타,안전운전불이행,건조,맑음,단일로 - 기타,승용,남,48세,상해없음,승용,남,24세,경상
2013020400100173,2013년 2월 4일 09시,월요일,충청북도 괴산군 문광면,중상사고,0,2,4,1,차량단독 - 공작물충돌,안전운전불이행,적설,눈,단일로 - 기타,승합,남,34세,부상신고,,,,
2013020400100174,2013년 2월 4일 09시,월요일,충청북도 청주시 상당구 용정동,중상사고,0,1,1,0,차대차 - 측면직각충돌,중앙선침범,습기,흐림,단일로 - 기타,화물,남,69세,상해없음,승용,여,50세,경상
2013020400100213,2013년 2월 4일 11시,월요일,충청북도 제천시 봉양읍,경상사고,0,0,1,0,차대차 - 측면직각충돌,안전운전불이행,적설,눈,단일로 - 기타,승용,남,43세,상해없음,건설기계,남,32세,경상
2013020400100214,2013년 2월 4일 11시,월요일,충청북도 영동군 황간면,중상사고,0,1,0,0,차대사람 - 기타,안전운전불이행,결빙,눈,기타 - 기타,승용,남,77세,상해없음,보행자,여,78세,중상
2013020400100252,2013년 2월 4일 13시,월요일,충청북도 청주시 흥덕구 수곡동,경상사고,0,0,2,0,차대차 - 추돌 - 진행중,안전운전불이행,건조,맑음,단일로 - 기타,승용,남,71세,상해없음,승용,여,50세,경상
2013020400100290,2013년 2월 4일 14시,월요일,충청북도 청원군 오송읍,경상사고,0,0,1,0,차대차 - 측면직각충돌,신호위반,건조,맑음,교차로 - 교차로안,이륜,남,70세,경상,승용,여,42세,상해없음