사고번호,사고일시,요일,시군구,사고내용,사망자수,중상자수,경상자수,부상신고자수,사고유형,법규위반,노면상태,기상상태,도로형태,가해운전자 차종,가해운전자 성별,가해운전자 연령,가해운전자 상해정도,피해운전자 차종,피해운전자 성별,피해운전자 연령,피해운전자 상해정도
2013020400100345,2013년 2월 4일 16시,월요일,충청북도 음성군 대소면,중상사고,0,1,0,0,차대차 - 측면직각충돌,신호위반,건조,맑음,교차로 - 교차로안,승합,남,58세,상해없음,원동기,남,55세,중상
2013020400100392,2013년 2월 4일 18시,월요일,충청북도 충주시 호암동,경상사고,0,0,1,0,차대사람 - 기타,안전운전불이행,건조,맑음,단일로 - 기타,승용,남,59세,상해없음,보행자,남,28세,경상
2013020400100415,2013년 2월 4일 19시,월요일,충청북도 충주시 문화동,중상사고,0,1,0,0,차대사람 - 횡단중,안전운전불이행,건조,맑음,단일로 - 기타,승용,남,59세,상해없음,보행자,남,65세,중상
2013020400100505,2013년 2월 4일 23시,월요일,충청북도 제천시 하소동,중상사고,0,2,0,0,차대차 - 추돌 - 주정차중,안전운전불이행,건조,맑음,교차로 - 교차로부근,승용,남,32세,상해없음,승용,남,32세,중상
2013020400100506,2013년 2월 4일 23시,월요일,충청북도 청주시 흥덕구 가경동,중상사고,0,2,0,0,차대차 - 추돌 - 진행중,안전운전불이행,건조,맑음,교차로 - 교차로부근,승용,남,33세,상해없음,승용,여,23세,중상
2013020500100124,2013년 2월 5일 08시,화요일,충청북도 청주시 상당구 우암동,경상사고,0,0,1,0,차대사람 - 횡단중,안전운전불이행,건조,맑음,교차로 - 교차로부근,승용,여,32세,상해없음,보행자,남,13세,경상
2013020500100215,2013년 2월 5일 12시,화요일,충청북도 청원군 현도면,중상사고,0,2,0,0,차대차 - 정면충돌,중앙선침범,건조,맑음,단일로 - 기타,승용,여,65세,중상,화물,남,56세,중상
2013020500100232,2013년 2월 5일 13시,화요일,충청북도 옥천군 이원면,중상사고,0,1,0,0,차대차 - 측면직각충돌,안전운전불이행,습기,흐림,단일로 - 횡단보도부근,승합,남,48세,상해없음,이륜,여,71세,중상
2013020500100233,2013년 2월 5일 13시,화요일,충청북도 단양군 매포읍,중상사고,0,1,1,0,차대차 - 측면직각충돌,직진우회전진행방해,건조,맑음,교차로 - 교차로안,화물,여,42세,중상,화물,남,43세,경상
2013020500100328,2013년 2월 5일 17시,화요일,충청북도 제천시 하소동,경상사고,0,0,1,0,차대차 - 추돌 - 진행중,안전운전불이행,습기,흐림,교차로 - 교차로부근,화물,남,42세,상해없음,승용,남,55세,경상
2013020500100329,2013년 2월 5일 17시,화요일,충청북도 청주시 흥덕구 운천동,경상사고,0,0,1,0,차대차 - 추돌 - 주정차중,안전운전불이행,건조,맑음,단일로 - 기타,승용,남,45세,경상,승용,남,33세,상해없음
2013020500100362,2013년 2월 5일 18시,화요일,충청북도 청원군 오창읍,중상사고,0,1,0,0,차대사람 - 기타,안전운전불이행,습기,비,기타 - 기타,승용,남,21세,상해없음,보행자,여,10세,중상
2013020500100363,2013년 2월 5일 18시,화요일,충청북도 옥천군 옥천읍,경상사고,0,0,1,0,차대차 - 측면직각충돌,안전운전불이행,습기,비,교차로 - 교차로안,승용,남,51세,상해없음,이륜,남,22세,경상
2013020500100415,2013년 2월 5일 19시,화요일,충청북도 청주시 상당구 율량동,중상사고,0,1,2,0,차대차 - 기타,안전운전불이행,습기,비,단일로 - 기타,기타불명,기타불명,기타불명,기타불명,승용,남,33세,경상
2013020500100416,2013년 2월 5일 19시,화요일,충청북도 충주시 교현동,경상사고,0,0,1,0,차대차 - 기타,안전운전불이행,건조,맑음,교차로 - 교차로안,기타불명,기타불명,기타불명,기타불명,자전거,여,63세,경상
2013020500100417,2013년 2월 5일 19시,화요일,충청북도 제천시 남천동,경상사고,0,0,1,0,차대사람 - 기타,안전운전불이행,적설,눈,단일로 - 기타,승용,남,25세,상해없음,보행자,여,67세,경상
2013020500100418,2013년 2월 5일 19시,화요일,충청북도 음성군 삼성면,경상사고,0,0,1,0,차대차 - 기타,중앙선침범,적설,흐림,교차로 - 교차로안,승용,남,50세,상해없음,승용,남,53세,상해없음
2013020500100453,2013년 2월 5일 20시,화요일,충청북도 청주시 흥덕구 비하동,경상사고,0,0,1,0,차대사람 - 기타,안전운전불이행,습기,흐림,단일로 - 기타,화물,남,46세,상해없음,보행자,남,33세,경상
2013020500100483,2013년 2월 5일 21시,화요일,충청북도 진천군 진천읍,경상사고,0,0,1,0,차대차 - 추돌 - 주정차중,안전운전불이행,적설,눈,교차로 - 교차로부근,기타불명,기타불명,기타불명,기타불명,승용,여,48세,경상
2013020500100484,2013년 2월 5일 21시,화요일,충청북도 청주시 흥덕구 사직동,중상사고,0,1,0,0,차대사람 - 횡단중,안전운전불이행,습기,비,기타 - 기타,화물,남,60세,상해없음,보행자,남,72세,중상
2013020600100017,2013년 2월 6일 00시,수요일,충청북도 청주시 흥덕구 봉명동,경상사고,0,0,2,0,차대차 - 추돌 - 주정차중,안전운전불이행,결빙,눈,단일로 - 기타,승용,남,53세,상해없음,승용,남,19세,경상
2013020600100018,2013년 2월 6일 00시,수요일,충청북도 청주시 흥덕구 봉명동,중상사고,0,1,3,0,차대차 - 추돌 - 진행중,신호위반,건조,맑음,교차로 - 교차로안,승용,남,49세,상해없음,승용,남,61세,중상
2013020600100041,2013년 2월 6일 01시,수요일,충청북도 음성군 금왕읍,경상사고,0,0,2,0,차대사람 - 기타,안전운전불이행,적설,흐림,단일로 - 기타,승용,여,47세,상해없음,보행자,남,36세,경상
2013020600100061,2013년 2월 6일 03시,수요일,충청북도 청주시 흥덕구 송정동,경상사고,0,0,2,0,차량단독 - 공작물충돌,안전운전불이행,결빙,눈,단일로 - 기타,승용,남,52세,상해없음,,,,
2013020600100071,2013년 2월 6일 04시,수요일,충청북도 옥천군 옥천읍,중상사고,0,1,0,0,차량단독 - 공작물충돌,안전운전불이행,결빙,눈,교차로 - 교차로안,승용,남,31세,중상,,,,
2013020600100083,2013년 2월 6일 05시,수요일,충청북도 청주시 흥덕구 송정동,경상사고,0,0,1,0,차량단독 - 기타,안전운전불이행,결빙,눈,단일로 - 기타,승용,남,33세,상해없음,,,,
2013020600100145,2013년 2월 6일 08시,수요일,충청북도 진천군 덕산면,경상사고,0,0,1,0,차대차 - 기타,안전운전불이행,적설,눈,단일로 - 기타,승용,여,44세,상해없음,승용,남,26세,경상
2013020600100179,2013년 2월 6일 09시,수요일,충청북도 충주시 성남동,중상사고,0,1,0,0,차대차 - 측면직각충돌,안전운전불이행,습기,흐림,단일로 - 기타,화물,남,53세,상해없음,원동기,남,73세,중상
2013020600100197,2013년 2월 6일 10시,수요일,충청북도 청주시 흥덕구 사창동,사망사고,1,0,0,0,차대사람 - 횡단중,신호위반,건조,맑음,단일로 - 기타,승용,남,23세,상해없음,보행자,남,26세,사망
2013020600100198,2013년 2월 6일 10시,수요일,충청북도 청주시 흥덕구 수의동,경상사고,0,0,1,0,차대차 - 기타,안전운전불이행,습기,맑음,단일로 - 기타,화물,남,64세,상해없음,승용,남,47세,경상
2013020600100280,2013년 2월 6일 13시,수요일,충청북도 제천시 의림동,중상사고,0,1,0,0,차대차 - 기타,안전운전불이행,습기,맑음,단일로 - 기타,승용,여,44세,상해없음,승용,여,24세,중상
2013020600100308,2013년 2월 6일 14시,수요일,충청북도 청원군 오창읍,경상사고,0,0,2,0,차대차 - 측면직각충돌,안전운전불이행,건조,맑음,단일로 - 기타,화물,남,65세,상해없음,승용,남,31세,상해없음
2013020600100357,2013년 2월 6일 16시,수요일,충청북도 충주시 교현동,중상사고,0,1,0,0,차대차 - 추돌 - 진행중,신호위반,건조,맑음,교차로 - 교차로안,승용,남,51세,상해없음,승용,남,72세,중상
2013020600100358,2013년 2월 6일 16시,수요일,충청북도 청원군 남일면,경상사고,0,0,4,0,차대차 - 추돌 - 진행중,안전운전불이행,건조,맑음,단일로 - 기타,승합,남,54세,상해없음,승용,남,62세,경상
2013020600100399,2013년 2월 6일 18시,수요일,충청북도 청주시 흥덕구 모충동,경상사고,0,0,2,0,차대차 - 추돌 - 주정차중,안전운전불이행,건조,맑음,교차로 - 교차로부근,승용,남,51세,상해없음,승용,남,50세,경상
2013020600100437,2013년 2월 6일 19시,수요일,충청북도 충주시 칠금동,중상사고,0,1,0,0,차대사람 - 보도통행중,보행자보호의무위반,습기,흐림,단일로 - 횡단보도상,화물,남,25세,상해없음,보행자,여,52세,중상
2013020600100438,2013년 2월 6일 19시,수요일,충청북도 청주시 흥덕구 개신동,중상사고,0,1,0,0,차대사람 - 횡단중,안전운전불이행,건조,맑음,단일로 - 기타,승용,여,31세,상해없음,보행자,남,44세,중상
2013020600100496,2013년 2월 6일 21시,수요일,충청북도 충주시 용탄동,경상사고,0,0,2,0,차대차 - 추돌 - 진행중,안전운전불이행,건조,맑음,교차로 - 교차로부근,승용,남,52세,상해없음,승용,남,30세,경상
2013020600100497,2013년 2월 6일 21시,수요일,충청북도 음성군 대소면,경상사고,0,0,1,0,차대차 - 기타,안전운전불이행,건조,맑음,교차로 - 교차로부근,승용,남,42세,상해없음,승용,여,42세,경상
2013020600100553,2013년 2월 6일 23시,수요일,충청북도 청주시 흥덕구 복대동,중상사고,0,1,0,0,차대사람 - 횡단중,안전운전불이행,건조,맑음,교차로 - 교차로부근,승용,남,54세,상해없음,보행자,남,48세,중상
2013020600100554,2013년 2월 6일 23시,수요일,충청북도 청주시 흥덕구 봉명동,중상사고,0,1,0,0,차대사람 - 기타,안전운전불이행,건조,맑음,교차로 - 교차로안,승용,남,51세,상해없음,보행자,남,50세,중상
2013020700100013,2013년 2월 7일 00시,목요일,충청북도 청주시 상당구 내덕동,경상사고,0,0,2,0,차대차 - 정면충돌,신호위반,건조,맑음,교차로 - 교차로안,화물,남,42세,상해없음,승용,남,56세,경상
2013020700100014,2013년 2월 7일 00시,목요일,충청북도 제천시 왕암동,경상사고,0,0,1,0,차량단독 - 전도전복,안전운전불이행,결빙,흐림,단일로 - 기타,승용,남,23세,경상,,,,
2013020700100031,2013년 2월 7일 01시,목요일,충청북도 청주시 흥덕구 산남동,중상사고,0,1,0,0,차대사람 - 횡단중,안전운전불이행,건조,맑음,교차로 - 교차로안,승용,남,47세,상해없음,보행자,남,44세,중상
2013020700100050,2013년 2월 7일 02시,목요일,충청북도 청주시 흥덕구 사창동,중상사고,0,2,3,0,차량단독 - 공작물충돌,안전운전불이행,결빙,눈,단일로 - 기타,승용,남,23세,상해없음,,,,
2013020700100114,2013년 2월 7일 08시,목요일,충청북도 제천시 장락동,중상사고,0,1,0,0,차대차 - 기타,신호위반,건조,맑음,교차로 - 교차로안,화물,남,51세,상해없음,승용,여,38세,중상
2013020700100115,2013년 2월 7일 08시,목요일,충청북도 청주시 흥덕구 분평동,경상사고,0,0,1,0,차대사람 - 보도통행중,보행자보호의무위반,건조,흐림,교차로 - 교차로안,승용,여,55세,기타불명,보행자,남,16세,경상
2013020700100136,2013년 2월 7일 09시,목요일,충청북도 충주시 교현동,중상사고,0,2,0,0,차대차 - 측면직각충돌,직진우회전진행방해,결빙,맑음,교차로 - 교차로안,승용,여,29세,상해없음,승용,남,64세,중상
2013020700100248,2013년 2월 7일 14시,목요일,충청북도 충주시 봉방동,경상사고,0,0,3,0,차대차 - 추돌 - 진행중,신호위반,건조,맑음,교차로 - 교차로안,승용,남,33세,상해없음,승합,남,49세,상해없음
2013020700100301,2013년 2월 7일 16시,목요일,충청북도 충주시 봉방동,중상사고,0,2,3,0,차대차 - 측면직각충돌,신호위반,건조,맑음,교차로 - 교차로안,승용,남,62세,상해없음,화물,남,44세,중상
2013020700100302,2013년 2월 7일 16시,목요일,충청북도 제천시 명동,중상사고,0,1,0,0,차대사람 - 횡단중,안전운전불이행,건조,맑음,단일로 - 기타,승용,여,48세,상해없음,보행자,남,66세,중상
2013020700100335,2013년 2월 7일 17시,목요일,충청북도 청주시 흥덕구 송정동,중상사고,0,1,0,0,차대차 - 측면직각충돌,안전운전불이행,건조,맑음,교차로 - 교차로부근,승용,남,60세,상해없음,승용,남,44세,중상
2013020700100364,2013년 2월 7일 18시,목요일,충청북도 제천시 명동,경상사고,0,0,1,0,차대차 - 기타,안전운전불이행,건조,맑음,단일로 - 기타,화물,남,40세,상해없음,승용,남,69세,상해없음
2013020700100365,2013년 2월 7일 18시,목요일,충청북도 청주시 흥덕구 사직동,중상사고,0,1,0,0,차대차 - 측면직각충돌,기타,건조,맑음,단일로 - 기타,승용,남,29세,상해없음,원동기,남,47세,중상
2013020700100402,2013년 2월 7일 19시,목요일,충청북도 청주시 상당구 금천동,경상사고,0,0,3,0,차대차 - 측면직각충돌,안전거리미확보,건조,맑음,교차로 - 교차로부근,승용,여,32세,경상,승용,여,40세,경상
2013020700100403,2013년 2월 7일 19시,목요일,충청북도 충주시 봉방동,중상사고,0,1,0,0,차대사람 - 길가장자리구역통행중,안전운전불이행,건조,맑음,단일로 - 기타,승용,남,50세,상해없음,보행자,여,73세,중상
2013020700100404,2013년 2월 7일 19시,목요일,충청북도 청주시 흥덕구 개신동,경상사고,0,0,1,0,차대사람 - 길가장자리구역통행중,안전운전불이행,건조,맑음,단일로 - 기타,승용,여,34세,상해없음,보행자,남,31세,경상
2013020700100405,2013년 2월 7일 19시,목요일,충청북도 청주시 흥덕구 가경동,중상사고,0,2,4,0,차대차 - 측면직각충돌,안전운전불이행,건조,맑음,교차로 - 교차로부근,승용,남,37세,상해없음,승용,남,35세,중상
2013020700100473,2013년 2월 7일 21시,목요일,충청북도 제천시 화산동,중상사고,0,1,0,0,차량단독 - 공작물충돌,안전운전불이행,결빙,맑음,단일로 - 기타,승용,여,27세,중상,,,,
2013020700100510,2013년 2월 7일 22시,목요일,충청북도 제천시 하소동,경상사고,0,0,2,0,차대차 - 측면직각충돌,신호위반,건조,맑음,교차로 - 교차로안,승용,남,51세,상해없음,승용,남,23세,경상
2013020700100511,2013년 2월 7일 22시,목요일,충청북도 청주시 흥덕구 가경동,중상사고,0,1,1,0,차대차 - 측면직각충돌,안전거리미확보,건조,맑음,단일로 - 기타,승용,남,51세,상해없음,승용,남,42세,경상
2013020800100093,2013년 2월 8일 07시,금요일,충청북도 음성군 대소면,경상사고,0,0,2,0,차대차 - 기타,교차로운행방법위반,건조,맑음,교차로 - 교차로안,화물,남,62세,경상,승용,남,38세,경상
2013020800100160,2013년 2월 8일 10시,금요일,충청북도 청원군 오창읍,중상사고,0,1,0,0,차대차 - 측면직각충돌,신호위반,건조,맑음,교차로 - 교차로안,건설기계,남,57세,상해없음,승용,남,54세,중상
2013020800100242,2013년 2월 8일 13시,금요일,충청북도 충주시 목행동,경상사고,0,0,1,0,차대차 - 추돌 - 진행중,안전운전불이행,건조,맑음,교차로 - 교차로안,화물,남,30세,상해없음,승용,남,43세,경상
2013020800100307,2013년 2월 8일 15시,금요일,충청북도 음성군 감곡면,부상신고사고,0,0,0,1,차대사람 - 기타,안전운전불이행,건조,맑음,교차로 - 교차로부근,기타불명,기타불명,기타불명,기타불명,보행자,여,36세,부상신고
2013020800100402,2013년 2월 8일 18시,금요일,충청북도 제천시 중앙로2가,중상사고,0,1,0,0,차대차 - 기타,안전운전불이행,건조,맑음,단일로 - 기타,승용,남,63세,상해없음,승용,남,25세,중상
2013020800100453,2013년 2월 8일 19시,금요일,충청북도 청원군 내수읍,중상사고,0,1,0,0,차대차 - 기타,안전운전불이행,건조,맑음,단일로 - 기타,승용,여,43세,상해없음,승용,남,24세,중상
2013020800100454,2013년 2월 8일 19시,금요일,충청북도 청주시 흥덕구 분평동,경상사고,0,0,1,0,차대차 - 측면직각충돌,중앙선침범,건조,맑음,단일로 - 기타,승용,여,48세,상해없음,승용,여,34세,경상
2013020800100492,2013년 2월 8일 20시,금요일,충청북도 영동군 영동읍,경상사고,0,0,3,0,차대차 - 추돌 - 진행중,안전거리미확보,건조,맑음,교차로 - 교차로안,화물,남,50세,경상,승용,남,42세,상해없음
2013020800100571,2013년 2월 8일 22시,금요일,충청북도 청주시 흥덕구 강서동,중상사고,0,1,0,0,차대차 - 정면충돌,신호위반,건조,맑음,교차로 - 교차로안,승용,남,54세,상해없음,승용,여,64세,중상
2013020900100039,2013년 2월 9일 01시,토요일,충청북도 청원군 강내면,경상사고,0,0,1,0,차대차 - 추돌 - 진행중,교차로운행방법위반,건조,맑음,교차로 - 교차로안,승용,남,23세,상해없음,승용,남,36세,경상
2013020900100060,2013년 2월 9일 02시,토요일,충청북도 청주시 흥덕구 신봉동,사망사고,1,2,0,0,차대차 - 측면직각충돌,안전운전불이행,건조,맑음,단일로 - 기타,승용,남,29세,중상,화물,기타불명,기타불명,기타불명
2013020900100083,2013년 2월 9일 03시,토요일,충청북도 청주시 흥덕구 사창동,중상사고,0,1,1,0,차대차 - 추돌 - 진행중,중앙선침범,건조,맑음,단일로 - 기타,승용,남,41세,상해없음,승용,남,58세,중상
2013020900100089,2013년 2월 9일 04시,토요일,충청북도 청주시 상당구 율량동,중상사고,0,1,0,0,차대차 - 기타,안전운전불이행,건조,맑음,단일로 - 기타,승용,남,28세,중상,승용,남,31세,상해없음
2013020900100098,2013년 2월 9일 05시,토요일,충청북도 청주시 흥덕구 가경동,중상사고,0,1,1,0,차대차 - 측면직각충돌,교차로운행방법위반,건조,맑음,교차로 - 교차로안,승용,남,29세,상해없음,승용,남,29세,상해없음
2013020900100121,2013년 2월 9일 07시,토요일,충청북도 청원군 강내면,중상사고,0,1,0,0,차량단독 - 공작물충돌,안전운전불이행,건조,맑음,단일로 - 기타,승용,남,22세,중상,,,,
2013020900100135,2013년 2월 9일 08시,토요일,충청북도 제천시 신동,경상사고,0,0,3,0,차대차 - 정면충돌,중앙선침범,건조,맑음,단일로 - 교량,승용,남,22세,경상,화물,남,62세,경상
2013020900100136,2013년 2월 9일 08시,토요일,충청북도 청주시 흥덕구 송정동,중상사고,0,1,2,1,차대차 - 측면직각충돌,교차로운행방법위반,건조,맑음,교차로 - 교차로안,화물,남,59세,중상,승용,남,55세,경상
2013020900100147,2013년 2월 9일 09시,토요일,충청북도 청주시 흥덕구 모충동,중상사고,0,1,1,0,차대차 - 측면직각충돌,교차로운행방법위반,건조,맑음,교차로 - 교차로안,승용,남,64세,경상,승용,여,25세,상해없음
2013020900100192,2013년 2월 9일 12시,토요일,충청북도 제천시 봉양읍,중상사고,0,1,0,0,차대차 - 추돌 - 진행중,안전운전불이행,건조,맑음,단일로 - 기타,기타불명,기타불명,기타불명,기타불명,승용,여,45세,중상
2013020900100208,2013년 2월 9일 13시,토요일,충청북도 청주시 상당구 용암동,경상사고,0,0,1,0,차대차 - 측면직각충돌,중앙선침범,건조,맑음,단일로 - 기타,승용,남,58세,상해없음,승용,남,38세,경상
2013020900100239,2013년 2월 9일 15시,토요일,충청북도 제천시 강제동,중상사고,0,1,0,0,차대차 - 기타,안전운전불이행,건조,맑음,교차로 - 교차로부근,승용,남,55세,상해없음,승용,여,36세,상해없음
2013020900100282,2013년 2월 9일 17시,토요일,충청북도 단양군 단성면,중상사고,0,1,0,1,차대차 - 측면직각충돌,안전운전불이행,건조,흐림,교차로 - 교차로안,승용,남,57세,상해없음,승용,남,32세,부상신고
2013020900100356,2013년 2월 9일 21시,토요일,충청북도 충주시 가금면,경상사고,0,0,2,0,차대차 - 측면직각충돌,안전운전불이행,건조,맑음,교차로 - 교차로안,화물,남,68세,상해없음,승용,남,50세,경상
2013020900100391,2013년 2월 9일 23시,토요일,충청북도 청주시 흥덕구 죽림동,중상사고,0,1,0,0,차대사람 - 기타,안전운전불이행,건조,맑음,단일로 - 기타,기타불명,기타불명,기타불명,기타불명,보행자,남,40세,중상
2013021000100040,2013년 2월 10일 05시,일요일,충청북도 청주시 흥덕구 복대동,경상사고,0,0,1,0,차대차 - 측면직각충돌,신호위반,건조,맑음,교차로 - 교차로부근,승용,남,65세,상해없음,승용,남,33세,경상
2013021000100041,2013년 2월 10일 05시,일요일,충청북도 청주시 흥덕구 가경동,경상사고,0,0,2,0,차대차 - 추돌 - 주정차중,안전운전불이행,건조,맑음,교차로 - 교차로부근,승용,남,29세,상해없음,승용,남,41세,경상
2013021000100062,2013년 2월 10일 07시,일요일,충청북도 옥천군 동이면,중상사고,0,2,1,0,차대차 - 기타,안전운전불이행,건조,맑음,단일로 - 기타,승용,남,45세,상해없음,승합,남,56세,상해없음
2013021000100076,2013년 2월 10일 08시,일요일,충청북도 제천시 동현동,중상사고,0,1,0,0,차대차 - 측면직각충돌,중앙선침범,적설,눈,단일로 - 기타,승용,남,27세,상해없음,승합,남,45세,중상
2013021000100077,2013년 2월 10일 08시,일요일,충청북도 제천시 청전동,경상사고,0,0,5,0,차대차 - 측면직각충돌,직진우회전진행방해,적설,눈,교차로 - 교차로안,승용,남,35세,경상,승용,여,32세,경상
2013021000100078,2013년 2월 10일 08시,일요일,충청북도 음성군 원남면,중상사고,0,1,2,0,차대차 - 기타,안전운전불이행,결빙,흐림,단일로 - 기타,승용,남,53세,중상,승용,남,51세,상해없음
2013021000100079,2013년 2월 10일 08시,일요일,충청북도 음성군 원남면,중상사고,0,1,6,0,차대차 - 기타,안전운전불이행,결빙,맑음,단일로 - 기타,승용,남,42세,경상,승용,남,53세,중상
2013021000100080,2013년 2월 10일 08시,일요일,충청북도 청주시 흥덕구 봉명동,중상사고,0,1,2,0,차대차 - 측면직각충돌,교차로운행방법위반,습기,눈,교차로 - 교차로안,승용,남,60세,경상,승용,남,63세,상해없음
2013021000100102,2013년 2월 10일 09시,일요일,충청북도 청원군 오창읍,중상사고,0,1,0,0,차량단독 - 공작물충돌,안전운전불이행,건조,맑음,단일로 - 터널,승합,남,48세,중상,,,,
2013021000100103,2013년 2월 10일 09시,일요일,충청북도 제천시 덕산면,경상사고,0,0,1,0,차대사람 - 횡단중,안전운전불이행,적설,맑음,단일로 - 기타,승용,남,48세,상해없음,보행자,남,8세,경상
2013021000100104,2013년 2월 10일 09시,일요일,충청북도 음성군 원남면,경상사고,0,0,4,0,차대차 - 기타,안전운전불이행,적설,흐림,단일로 - 기타,승용,남,72세,경상,승용,남,57세,경상
2013021000100113,2013년 2월 10일 10시,일요일,충청북도 증평군 도안면,경상사고,0,0,1,0,차량단독 - 공작물충돌,안전운전불이행,결빙,흐림,단일로 - 기타,승용,남,39세,경상,,,,
2013021000100164,2013년 2월 10일 13시,일요일,충청북도 음성군 금왕읍,중상사고,0,1,1,0,차대차 - 기타,안전운전불이행,건조,맑음,교차로 - 교차로안,승용,남,33세,상해없음,승용,남,39세,중상
2013021000100211,2013년 2월 10일 15시,일요일,충청북도 충주시 수안보면,중상사고,0,1,2,0,차대차 - 측면직각충돌,안전운전불이행,건조,맑음,단일로 - 기타,승용,남,53세,상해없음,승용,여,45세,중상
2013021000100265,2013년 2월 10일 18시,일요일,충청북도 청주시 흥덕구 사직동,경상사고,0,0,3,0,차대차 - 측면직각충돌,안전운전불이행,건조,맑음,교차로 - 교차로부근,승용,남,56세,상해없음,승용,남,57세,경상
2013021000100322,2013년 2월 10일 21시,일요일,충청북도 청주시 흥덕구 수곡동,중상사고,0,1,0,0,차대사람 - 횡단중,신호위반,건조,맑음,교차로 - 교차로부근,승용,여,53세,상해없음,보행자,남,51세,중상
2013021000100344,2013년 2월 10일 22시,일요일,충청북도 청원군 내수읍,중상사고,0,1,0,0,차량단독 - 공작물충돌,안전운전불이행,건조,맑음,단일로 - 기타,승용,남,28세,상해없음,,,,
2013021000100364,2013년 2월 10일 23시,일요일,충청북도 음성군 음성읍,중상사고,0,3,0,0,차대차 - 기타,신호위반,건조,맑음,교차로 - 교차로안,승용,남,49세,상해없음,승용,여,47세,중상
2013021100100004,2013년 2월 11일 00시,월요일,충청북도 청주시 흥덕구 분평동,중상사고,0,1,0,0,차량단독 - 공작물충돌,안전운전불이행,건조,맑음,단일로 - 기타,승용,여,44세,중상,,,,
2013021100100013,2013년 2월 11일 01시,월요일,충청북도 청주시 흥덕구 복대동,중상사고,0,1,1,0,차대사람 - 길가장자리구역통행중,안전운전불이행,건조,맑음,단일로 - 기타,승용,남,25세,상해없음,보행자,여,35세,중상
2013021100100014,2013년 2월 11일 01시,월요일,충청북도 청원군 현도면,중상사고,0,2,1,0,차대차 - 추돌 - 진행중,안전운전불이행,건조,맑음,단일로 - 기타,승용,남,25세,상해없음,승용,남,31세,중상
2013021100100095,2013년 2월 11일 11시,월요일,충청북도 진천군 진천읍,경상사고,0,0,1,0,차대차 - 측면직각충돌,신호위반,건조,맑음,교차로 - 교차로안,승용,남,28세,상해없음,승용,남,41세,경상
2013021100100149,2013년 2월 11일 15시,월요일,충청북도 진천군 진천읍,중상사고,0,1,0,0,차대차 - 추돌 - 진행중,안전운전불이행,건조,맑음,단일로 - 기타,승합,남,51세,상해없음,자전거,남,74세,중상
2013021100100165,2013년 2월 11일 16시,월요일,충청북도 충주시 소태면,사망사고,1,0,0,0,차량단독 - 공작물충돌,안전운전불이행,건조,맑음,단일로 - 기타,원동기,남,46세,사망,,,,
2013021100100183,2013년 2월 11일 17시,월요일,충청북도 음성군 맹동면,중상사고,0,1,2,0,차대차 - 기타,교차로운행방법위반,습기,맑음,교차로 - 교차로안,승용,남,65세,상해없음,승용,남,56세,경상
2013021100100184,2013년 2월 11일 17시,월요일,충청북도 청주시 흥덕구 비하동,부상신고사고,0,0,0,1,차대사람 - 길가장자리구역통행중,안전운전불이행,건조,맑음,단일로 - 기타,승합,남,46세,상해없음,보행자,남,24세,부상신고
2013021100100224,2013년 2월 11일 19시,월요일,충청북도 영동군 학산면,사망사고,1,0,0,0,차대차 - 정면충돌,중앙선침범,건조,맑음,단일로 - 기타,승용,남,42세,상해없음,이륜,남,65세,사망
2013021100100255,2013년 2월 11일 21시,월요일,충청북도 제천시 영천동,경상사고,0,0,2,0,차대차 - 기타,안전운전불이행,건조,흐림,기타 - 기타,화물,남,47세,상해없음,승합,남,34세,상해없음
2013021100100256,2013년 2월 11일 21시,월요일,충청북도 청주시 흥덕구 미평동,경상사고,0,0,1,0,차대차 - 측면직각충돌,신호위반,건조,맑음,교차로 - 교차로안,화물,남,36세,상해없음,승용,남,37세,경상
2013021100100275,2013년 2월 11일 22시,월요일,충청북도 충주시 연수동,경상사고,0,0,2,0,차대차 - 추돌 - 주정차중,안전운전불이행,건조,맑음,기타 - 기타,승용,남,43세,상해없음,승용,남,24세,경상
2013021100100287,2013년 2월 11일 23시,월요일,충청북도 청주시 상당구 용정동,경상사고,0,0,1,0,차대차 - 측면직각충돌,중앙선침범,건조,맑음,교차로 - 교차로안,화물,남,50세,상해없음,승용,남,18세,경상
2013021200100086,2013년 2월 12일 08시,화요일,충청북도 청원군 가덕면,중상사고,0,1,0,0,차대차 - 기타,교차로운행방법위반,건조,맑음,교차로 - 교차로안,승용,남,71세,중상,승합,남,54세,상해없음
2013021200100101,2013년 2월 12일 09시,화요일,충청북도 청주시 흥덕구 죽림동,중상사고,0,3,0,0,차대차 - 측면직각충돌,신호위반,건조,맑음,교차로 - 교차로안,화물,남,63세,상해없음,승용,남,53세,중상
2013021200100111,2013년 2월 12일 10시,화요일,충청북도 청주시 상당구 율량동,경상사고,0,0,2,0,차대차 - 측면직각충돌,안전운전불이행,건조,맑음,단일로 - 횡단보도상,승용,남,72세,상해없음,승용,남,50세,경상
2013021200100112,2013년 2월 12일 10시,화요일,충청북도 청주시 흥덕구 죽림동,경상사고,0,0,1,0,차대차 - 기타,안전거리미확보,건조,맑음,단일로 - 기타,승용,여,53세,기타불명,승합,남,48세,상해없음
2013021200100129,2013년 2월 12일 11시,화요일,충청북도 청주시 흥덕구 수곡동,사망사고,1,7,17,1,차대차 - 추돌 - 진행중,중앙선침범,건조,맑음,단일로 - 기타,승용,남,54세,사망,승합,남,56세,경상