사고번호,사고일시,요일,시군구,사고내용,사망자수,중상자수,경상자수,부상신고자수,사고유형,법규위반,노면상태,기상상태,도로형태,가해운전자 차종,가해운전자 성별,가해운전자 연령,가해운전자 상해정도,피해운전자 차종,피해운전자 성별,피해운전자 연령,피해운전자 상해정도
2013021200100151,2013년 2월 12일 12시,화요일,충청북도 단양군 단양읍,경상사고,0,0,1,0,차대차 - 측면직각충돌,불법유턴,건조,맑음,교차로 - 교차로안,승용,남,49세,상해없음,승용,남,44세,경상
2013021200100181,2013년 2월 12일 13시,화요일,충청북도 청주시 흥덕구 강서동,중상사고,0,1,0,0,차대차 - 추돌 - 진행중,교차로운행방법위반,건조,맑음,교차로 - 교차로안,승용,여,55세,상해없음,이륜,남,55세,중상
2013021200100182,2013년 2월 12일 13시,화요일,충청북도 청원군 오송읍,경상사고,0,0,3,3,차대차 - 측면직각충돌,안전거리미확보,건조,맑음,교차로 - 교차로부근,승용,여,41세,상해없음,승용,남,30세,경상
2013021200100218,2013년 2월 12일 14시,화요일,충청북도 영동군 황간면,중상사고,0,2,2,0,차대차 - 추돌 - 진행중,안전운전불이행,적설,눈,단일로 - 터널,승합,남,50세,경상,화물,남,49세,경상
2013021200100242,2013년 2월 12일 15시,화요일,충청북도 보은군 보은읍,경상사고,0,0,1,0,차대차 - 측면직각충돌,교차로운행방법위반,건조,맑음,교차로 - 교차로부근,화물,남,48세,상해없음,원동기,남,56세,경상
2013021200100271,2013년 2월 12일 16시,화요일,충청북도 영동군 매곡면,사망사고,1,0,0,0,차량단독 - 도로외이탈 - 추락,안전운전불이행,적설,눈,단일로 - 기타,화물,남,43세,사망,,,,
2013021200100328,2013년 2월 12일 18시,화요일,충청북도 청주시 흥덕구 사창동,중상사고,0,1,0,0,차대사람 - 횡단중,안전운전불이행,건조,맑음,단일로 - 기타,승용,남,27세,상해없음,보행자,남,11세,중상
2013021200100442,2013년 2월 12일 22시,화요일,충청북도 충주시 달천동,중상사고,0,1,0,0,차대차 - 측면직각충돌,신호위반,건조,맑음,교차로 - 교차로안,화물,남,37세,상해없음,승용,남,38세,중상
2013021200100443,2013년 2월 12일 22시,화요일,충청북도 청주시 흥덕구 신봉동,경상사고,0,0,2,0,차대차 - 측면직각충돌,안전거리미확보,건조,맑음,단일로 - 기타,승용,남,50세,경상,승용,남,48세,경상
2013021200100467,2013년 2월 12일 23시,화요일,충청북도 청주시 흥덕구 미평동,경상사고,0,0,2,0,차대차 - 기타,차로위반,건조,흐림,교차로 - 교차로부근,승합,남,60세,상해없음,승용,남,43세,경상
2013021300100008,2013년 2월 13일 00시,수요일,충청북도 충주시 달천동,경상사고,0,0,1,0,차대차 - 추돌 - 주정차중,중앙선침범,건조,맑음,단일로 - 기타,승용,남,45세,상해없음,승용,남,34세,경상
2013021300100024,2013년 2월 13일 01시,수요일,충청북도 청주시 흥덕구 분평동,경상사고,0,0,1,0,차대차 - 추돌 - 주정차중,중앙선침범,건조,맑음,교차로 - 교차로안,승용,여,46세,상해없음,승용,여,31세,경상
2013021300100113,2013년 2월 13일 08시,수요일,충청북도 청원군 오창읍,중상사고,0,1,1,0,차대차 - 추돌 - 진행중,안전운전불이행,건조,맑음,단일로 - 기타,승용,남,25세,상해없음,승용,여,40세,경상
2013021300100114,2013년 2월 13일 08시,수요일,충청북도 청주시 흥덕구 수곡동,중상사고,0,1,3,0,차대차 - 추돌 - 진행중,신호위반,건조,맑음,교차로 - 교차로안,승용,남,65세,상해없음,승용,남,72세,중상
2013021300100189,2013년 2월 13일 11시,수요일,충청북도 청주시 흥덕구 사창동,경상사고,0,0,1,0,차대차 - 추돌 - 주정차중,안전거리미확보,건조,맑음,단일로 - 기타,승용,남,48세,상해없음,화물,남,51세,경상
2013021300100205,2013년 2월 13일 12시,수요일,충청북도 청주시 흥덕구 복대동,중상사고,0,1,0,0,차대사람 - 길가장자리구역통행중,안전운전불이행,건조,맑음,단일로 - 기타,화물,남,38세,상해없음,보행자,여,77세,중상
2013021300100281,2013년 2월 13일 15시,수요일,충청북도 제천시 명동,부상신고사고,0,0,0,1,차대차 - 기타,중앙선침범,건조,맑음,단일로 - 기타,기타불명,남,72세,부상신고,승용,남,54세,상해없음
2013021300100282,2013년 2월 13일 15시,수요일,충청북도 제천시 화산동,중상사고,0,1,0,0,차대차 - 측면직각충돌,기타,건조,맑음,교차로 - 교차로부근,승용,여,34세,중상,승합,남,41세,상해없음
2013021300100283,2013년 2월 13일 15시,수요일,충청북도 음성군 음성읍,중상사고,0,1,1,0,차대차 - 추돌 - 진행중,안전운전불이행,건조,맑음,교차로 - 교차로부근,승용,남,63세,상해없음,승용,남,44세,중상
2013021300100313,2013년 2월 13일 16시,수요일,충청북도 충주시 연수동,경상사고,0,0,5,0,차대차 - 추돌 - 주정차중,불법유턴,건조,맑음,단일로 - 기타,승용,남,53세,상해없음,승용,여,43세,경상
2013021300100333,2013년 2월 13일 17시,수요일,충청북도 제천시 화산동,중상사고,0,2,0,0,차대차 - 기타,안전운전불이행,건조,맑음,단일로 - 기타,화물,남,65세,상해없음,승용,남,20세,중상
2013021300100362,2013년 2월 13일 18시,수요일,충청북도 청주시 상당구 수동,경상사고,0,0,1,0,차대차 - 기타,불법유턴,건조,맑음,단일로 - 기타,승용,여,28세,기타불명,화물,남,38세,경상
2013021300100363,2013년 2월 13일 18시,수요일,충청북도 청주시 흥덕구 복대동,중상사고,0,1,0,0,차대사람 - 횡단중,안전운전불이행,건조,맑음,단일로 - 기타,이륜,남,23세,상해없음,보행자,여,55세,중상
2013021300100403,2013년 2월 13일 19시,수요일,충청북도 청주시 흥덕구 분평동,경상사고,0,0,2,0,차대차 - 추돌 - 주정차중,안전운전불이행,건조,맑음,교차로 - 교차로안,원동기,남,17세,경상,승용,남,47세,경상
2013021300100404,2013년 2월 13일 19시,수요일,충청북도 청주시 상당구 영운동,경상사고,0,0,1,0,차대차 - 기타,안전운전불이행,건조,맑음,교차로 - 교차로안,승용,남,51세,상해없음,자전거,남,23세,경상
2013021300100464,2013년 2월 13일 21시,수요일,충청북도 진천군 진천읍,사망사고,1,0,0,0,차대사람 - 기타,안전운전불이행,건조,맑음,단일로 - 기타,승용,남,57세,상해없음,보행자,남,52세,사망
2013021400100035,2013년 2월 14일 02시,목요일,충청북도 증평군 증평읍,부상신고사고,0,0,0,1,차량단독 - 공작물충돌,안전운전불이행,건조,맑음,단일로 - 기타,승용,남,27세,부상신고,,,,
2013021400100050,2013년 2월 14일 04시,목요일,충청북도 제천시 청전동,부상신고사고,0,0,0,1,차대사람 - 기타,안전운전불이행,건조,맑음,단일로 - 기타,승용,남,53세,상해없음,보행자,남,25세,부상신고
2013021400100076,2013년 2월 14일 07시,목요일,충청북도 청주시 흥덕구 복대동,경상사고,0,0,1,0,차대차 - 추돌 - 주정차중,안전운전불이행,건조,맑음,교차로 - 교차로부근,승용,여,29세,상해없음,승용,남,36세,경상
2013021400100097,2013년 2월 14일 08시,목요일,충청북도 음성군 삼성면,중상사고,0,1,1,0,차대차 - 기타,중앙선침범,건조,맑음,교차로 - 교차로부근,승용,남,42세,경상,승용,여,33세,중상
2013021400100098,2013년 2월 14일 08시,목요일,충청북도 진천군 광혜원면,중상사고,0,1,0,0,차대차 - 측면직각충돌,신호위반,건조,맑음,교차로 - 교차로안,화물,남,61세,상해없음,승용,여,39세,중상
2013021400100099,2013년 2월 14일 08시,목요일,충청북도 청주시 흥덕구 모충동,중상사고,0,1,0,0,차대사람 - 기타,보행자보호의무위반,건조,맑음,교차로 - 교차로안,승용,남,44세,상해없음,보행자,여,48세,중상
2013021400100119,2013년 2월 14일 09시,목요일,충청북도 청원군 오창읍,경상사고,0,0,2,0,차대차 - 측면직각충돌,신호위반,건조,맑음,교차로 - 교차로안,화물,남,51세,상해없음,승용,여,36세,경상
2013021400100144,2013년 2월 14일 10시,목요일,충청북도 청주시 상당구 석교동,중상사고,0,1,0,0,차대사람 - 기타,안전운전불이행,건조,맑음,단일로 - 기타,승용,남,51세,상해없음,보행자,남,58세,중상
2013021400100209,2013년 2월 14일 13시,목요일,충청북도 영동군 추풍령면,경상사고,0,0,1,0,차대차 - 추돌 - 진행중,안전거리미확보,건조,맑음,단일로 - 기타,승용,남,25세,상해없음,승용,여,60세,경상
2013021400100228,2013년 2월 14일 14시,목요일,충청북도 청주시 상당구 서문동,경상사고,0,0,1,0,차대사람 - 기타,보행자보호의무위반,건조,맑음,교차로 - 교차로안,화물,남,58세,상해없음,보행자,여,47세,경상
2013021400100229,2013년 2월 14일 14시,목요일,충청북도 괴산군 괴산읍,경상사고,0,0,1,0,차대사람 - 기타,안전운전불이행,건조,맑음,단일로 - 기타,이륜,남,20세,상해없음,보행자,여,64세,경상
2013021400100230,2013년 2월 14일 14시,목요일,충청북도 음성군 음성읍,경상사고,0,0,1,0,차대사람 - 횡단중,안전운전불이행,건조,맑음,교차로 - 교차로안,화물,남,56세,상해없음,보행자,여,10세,경상
2013021400100231,2013년 2월 14일 14시,목요일,충청북도 음성군 생극면,경상사고,0,0,1,0,차대사람 - 기타,신호위반,건조,맑음,단일로 - 횡단보도상,승용,여,55세,상해없음,보행자,남,8세,경상
2013021400100260,2013년 2월 14일 15시,목요일,충청북도 단양군 단양읍,중상사고,0,2,0,0,차대차 - 측면직각충돌,교차로운행방법위반,건조,맑음,교차로 - 교차로안,승용,여,58세,중상,승용,남,66세,중상
2013021400100284,2013년 2월 14일 16시,목요일,충청북도 청주시 흥덕구 가경동,중상사고,0,1,0,0,차대사람 - 기타,안전운전불이행,건조,맑음,단일로 - 횡단보도부근,승용,남,26세,상해없음,보행자,남,35세,중상
2013021400100285,2013년 2월 14일 16시,목요일,충청북도 청주시 흥덕구 운천동,중상사고,0,2,0,0,차대차 - 측면직각충돌,중앙선침범,건조,맑음,교차로 - 교차로부근,특수,남,28세,상해없음,승용,남,29세,중상
2013021400100330,2013년 2월 14일 18시,목요일,충청북도 청주시 상당구 용담동,경상사고,0,0,1,0,차대차 - 측면직각충돌,안전운전불이행,건조,맑음,단일로 - 기타,승용,남,50세,상해없음,승용,남,31세,경상
2013021400100368,2013년 2월 14일 19시,목요일,충청북도 단양군 단양읍,중상사고,0,1,0,0,차량단독 - 전도전복,안전운전불이행,건조,맑음,단일로 - 기타,이륜,남,29세,중상,,,,
2013021400100404,2013년 2월 14일 20시,목요일,충청북도 청주시 흥덕구 산남동,경상사고,0,0,2,0,차대차 - 측면직각충돌,안전운전불이행,건조,맑음,교차로 - 교차로부근,승용,남,53세,경상,승용,남,26세,경상
2013021400100459,2013년 2월 14일 22시,목요일,충청북도 청주시 흥덕구 성화동,경상사고,0,0,2,0,차대차 - 측면직각충돌,안전운전불이행,건조,맑음,교차로 - 교차로안,승용,남,40세,상해없음,승용,여,54세,경상
2013021400100460,2013년 2월 14일 22시,목요일,충청북도 청원군 옥산면,경상사고,0,0,1,0,차대차 - 측면직각충돌,안전운전불이행,건조,맑음,단일로 - 기타,승용,기타불명,90세 이상,기타불명,승합,여,90세 이상,경상
2013021400100484,2013년 2월 14일 23시,목요일,충청북도 청주시 흥덕구 봉명동,경상사고,0,0,2,0,차대차 - 추돌 - 진행중,안전운전불이행,건조,맑음,단일로 - 기타,승용,남,46세,상해없음,승용,남,27세,경상
2013021400100485,2013년 2월 14일 23시,목요일,충청북도 청주시 상당구 용암동,중상사고,0,2,5,0,차대차 - 측면직각충돌,신호위반,건조,맑음,교차로 - 교차로안,이륜,남,17세,중상,승합,남,30세,경상
2013021500100033,2013년 2월 15일 01시,금요일,충청북도 충주시 교현동,중상사고,0,2,0,0,차대차 - 기타,안전운전불이행,건조,맑음,교차로 - 교차로안,승용,남,24세,상해없음,승용,남,51세,중상
2013021500100034,2013년 2월 15일 01시,금요일,충청북도 충주시 목행동,경상사고,0,0,1,0,차량단독 - 공작물충돌,안전운전불이행,건조,맑음,단일로 - 기타,승용,남,25세,상해없음,,,,
2013021500100035,2013년 2월 15일 01시,금요일,충청북도 음성군 금왕읍,중상사고,0,1,0,0,차대사람 - 차도통행중,안전운전불이행,건조,맑음,단일로 - 기타,승용,남,45세,상해없음,보행자,남,52세,중상
2013021500100097,2013년 2월 15일 07시,금요일,충청북도 청주시 흥덕구 분평동,중상사고,0,1,1,0,차대차 - 추돌 - 진행중,신호위반,건조,맑음,교차로 - 교차로안,승용,여,41세,중상,승합,남,34세,경상
2013021500100158,2013년 2월 15일 09시,금요일,충청북도 충주시 연수동,중상사고,0,2,1,0,차대차 - 추돌 - 진행중,신호위반,건조,맑음,교차로 - 교차로안,승용,여,58세,중상,승용,남,65세,중상
2013021500100182,2013년 2월 15일 10시,금요일,충청북도 청주시 흥덕구 복대동,중상사고,0,1,1,0,차대차 - 측면직각충돌,안전거리미확보,건조,맑음,단일로 - 기타,승용,남,53세,상해없음,승용,남,62세,경상
2013021500100203,2013년 2월 15일 11시,금요일,충청북도 보은군 속리산면,경상사고,0,0,1,0,차대사람 - 길가장자리구역통행중,안전운전불이행,습기,맑음,단일로 - 기타,승용,남,47세,상해없음,보행자,여,58세,경상
2013021500100224,2013년 2월 15일 12시,금요일,충청북도 청주시 상당구 사천동,중상사고,0,1,0,0,차대차 - 측면직각충돌,안전운전불이행,건조,맑음,단일로 - 기타,화물,남,62세,상해없음,이륜,남,28세,중상
2013021500100225,2013년 2월 15일 12시,금요일,충청북도 청주시 상당구 남문로2가동,경상사고,0,0,2,0,차대차 - 측면직각충돌,안전거리미확보,건조,맑음,교차로 - 교차로부근,승용,여,23세,상해없음,승용,남,37세,경상
2013021500100274,2013년 2월 15일 14시,금요일,충청북도 청주시 흥덕구 사창동,중상사고,0,1,0,0,차대차 - 측면직각충돌,안전운전불이행,건조,맑음,교차로 - 교차로부근,승용,여,36세,상해없음,승용,남,65세,중상
2013021500100302,2013년 2월 15일 15시,금요일,충청북도 충주시 칠금동,중상사고,0,2,1,0,차대차 - 추돌 - 진행중,안전운전불이행,건조,맑음,단일로 - 기타,승용,남,21세,상해없음,승용,여,50세,중상
2013021500100355,2013년 2월 15일 17시,금요일,충청북도 청주시 흥덕구 가경동,경상사고,0,0,2,0,차대차 - 추돌 - 진행중,안전운전불이행,건조,맑음,교차로 - 교차로부근,승용,여,48세,상해없음,화물,남,35세,경상
2013021500100390,2013년 2월 15일 18시,금요일,충청북도 청주시 상당구 용담동,중상사고,0,1,0,0,차대차 - 측면직각충돌,안전운전불이행,건조,맑음,교차로 - 교차로안,승용,여,43세,상해없음,자전거,남,33세,중상
2013021500100409,2013년 2월 15일 19시,금요일,충청북도 청주시 상당구 용암동,경상사고,0,0,1,0,차대차 - 기타,안전운전불이행,건조,맑음,교차로 - 교차로부근,승용,남,34세,상해없음,원동기,남,17세,경상
2013021500100463,2013년 2월 15일 21시,금요일,충청북도 청주시 흥덕구 가경동,경상사고,0,0,1,0,차대차 - 측면직각충돌,안전운전불이행,건조,맑음,단일로 - 기타,승용,여,33세,상해없음,승용,남,40세,경상
2013021500100501,2013년 2월 15일 22시,금요일,충청북도 청원군 북이면,경상사고,0,0,1,0,차대사람 - 횡단중,안전운전불이행,건조,맑음,단일로 - 기타,승용,남,46세,상해없음,보행자,남,59세,경상
2013021500100502,2013년 2월 15일 22시,금요일,충청북도 청주시 흥덕구 사창동,중상사고,0,1,6,0,차대차 - 추돌 - 진행중,안전운전불이행,건조,맑음,단일로 - 기타,승용,남,42세,상해없음,승합,남,50세,중상
2013021500100503,2013년 2월 15일 22시,금요일,충청북도 청원군 오송읍,경상사고,0,0,1,0,차대차 - 정면충돌,신호위반,건조,맑음,교차로 - 교차로안,승용,남,24세,상해없음,승용,남,56세,경상
2013021500100504,2013년 2월 15일 22시,금요일,충청북도 청주시 흥덕구 수곡동,경상사고,0,0,1,0,차대사람 - 횡단중,안전운전불이행,건조,맑음,기타 - 기타,승용,남,38세,상해없음,보행자,남,33세,경상
2013021500100505,2013년 2월 15일 22시,금요일,충청북도 청주시 상당구 용암동,중상사고,0,1,0,0,차대차 - 추돌 - 주정차중,안전운전불이행,건조,맑음,교차로 - 교차로부근,원동기,남,65세,중상,승용,남,33세,상해없음
2013021500100523,2013년 2월 15일 23시,금요일,충청북도 제천시 화산동,경상사고,0,0,3,0,차대차 - 기타,안전운전불이행,건조,맑음,교차로 - 교차로부근,승용,남,45세,상해없음,승용,남,59세,경상
2013021600100014,2013년 2월 16일 00시,토요일,충청북도 청주시 흥덕구 복대동,경상사고,0,0,1,0,차대차 - 측면직각충돌,안전운전불이행,건조,맑음,교차로 - 교차로부근,기타불명,기타불명,기타불명,기타불명,승용,여,21세,경상
2013021600100069,2013년 2월 16일 03시,토요일,충청북도 청원군 오창읍,경상사고,0,0,4,0,차대차 - 측면직각충돌,기타,건조,맑음,단일로 - 기타,승용,남,33세,상해없음,승합,남,38세,경상
2013021600100146,2013년 2월 16일 08시,토요일,충청북도 충주시 연수동,중상사고,0,1,0,0,차대차 - 추돌 - 진행중,안전운전불이행,건조,맑음,교차로 - 교차로부근,승용,남,21세,상해없음,승용,남,42세,중상
2013021600100168,2013년 2월 16일 09시,토요일,충청북도 충주시 금릉동,중상사고,0,1,0,0,차대차 - 측면직각충돌,안전운전불이행,건조,맑음,교차로 - 교차로부근,승용,남,61세,상해없음,자전거,남,70세,중상
2013021600100257,2013년 2월 16일 13시,토요일,충청북도 음성군 원남면,중상사고,0,1,0,0,차대차 - 기타,안전운전불이행,건조,맑음,단일로 - 기타,승용,여,32세,중상,승용,남,34세,상해없음
2013021600100282,2013년 2월 16일 14시,토요일,충청북도 충주시 대소원면,경상사고,0,0,1,0,차대차 - 추돌 - 주정차중,안전운전불이행,건조,맑음,단일로 - 기타,승용,남,70세,상해없음,승용,남,64세,상해없음
2013021600100334,2013년 2월 16일 16시,토요일,충청북도 충주시 성서동,경상사고,0,0,1,0,차대사람 - 기타,안전운전불이행,건조,맑음,단일로 - 기타,승용,여,60세,상해없음,보행자,남,49세,경상
2013021600100349,2013년 2월 16일 17시,토요일,충청북도 제천시 명지동,중상사고,0,1,4,0,차대차 - 측면직각충돌,직진우회전진행방해,건조,맑음,교차로 - 교차로안,승용,남,21세,상해없음,승용,여,52세,경상
2013021600100370,2013년 2월 16일 18시,토요일,충청북도 청주시 흥덕구 봉명동,중상사고,0,1,0,0,차대차 - 측면직각충돌,안전운전불이행,건조,맑음,교차로 - 교차로부근,승용,여,41세,상해없음,자전거,남,51세,중상
2013021600100399,2013년 2월 16일 19시,토요일,충청북도 증평군 증평읍,경상사고,0,0,3,0,차대차 - 추돌 - 주정차중,안전운전불이행,건조,맑음,교차로 - 교차로부근,화물,남,46세,상해없음,승용,남,47세,경상
2013021600100470,2013년 2월 16일 22시,토요일,충청북도 증평군 증평읍,경상사고,0,0,1,0,차량단독 - 공작물충돌,안전운전불이행,건조,맑음,단일로 - 기타,승용,여,25세,경상,,,,
2013021600100471,2013년 2월 16일 22시,토요일,충청북도 청주시 흥덕구 모충동,경상사고,0,0,6,0,차대차 - 추돌 - 주정차중,안전운전불이행,건조,맑음,단일로 - 기타,승합,남,45세,상해없음,승합,남,51세,상해없음
2013021700100022,2013년 2월 17일 01시,일요일,충청북도 청주시 흥덕구 수곡동,경상사고,0,0,1,0,차대차 - 기타,안전운전불이행,건조,맑음,단일로 - 기타,승용,남,57세,상해없음,이륜,남,56세,경상
2013021700100023,2013년 2월 17일 01시,일요일,충청북도 청주시 상당구 용암동,중상사고,0,1,0,0,차대차 - 기타,신호위반,건조,맑음,교차로 - 교차로안,승용,남,31세,상해없음,승용,남,43세,중상
2013021700100141,2013년 2월 17일 12시,일요일,충청북도 증평군 증평읍,중상사고,0,1,0,0,차대차 - 기타,기타,건조,맑음,교차로 - 교차로부근,승용,남,56세,상해없음,원동기,남,20세,중상
2013021700100178,2013년 2월 17일 14시,일요일,충청북도 청원군 오창읍,경상사고,0,0,3,0,차대차 - 측면직각충돌,신호위반,건조,맑음,교차로 - 교차로안,승용,남,59세,상해없음,승용,여,40세,경상
2013021700100179,2013년 2월 17일 14시,일요일,충청북도 진천군 광혜원면,경상사고,0,0,1,0,차대차 - 측면직각충돌,안전운전불이행,건조,맑음,단일로 - 기타,화물,남,62세,상해없음,승용,여,33세,경상
2013021700100204,2013년 2월 17일 15시,일요일,충청북도 청주시 상당구 금천동,경상사고,0,0,1,0,차대차 - 추돌 - 진행중,안전운전불이행,건조,맑음,교차로 - 교차로부근,승용,여,58세,상해없음,승용,여,35세,상해없음
2013021700100205,2013년 2월 17일 15시,일요일,충청북도 청주시 흥덕구 신봉동,중상사고,0,1,0,0,차대차 - 측면직각충돌,안전운전불이행,건조,맑음,교차로 - 교차로부근,자전거,여,26세,중상,승합,남,56세,상해없음
2013021700100227,2013년 2월 17일 16시,일요일,충청북도 청주시 흥덕구 분평동,중상사고,0,1,0,0,차량단독 - 기타,안전운전불이행,건조,맑음,교차로 - 교차로부근,승합,남,56세,상해없음,,,,
2013021700100243,2013년 2월 17일 17시,일요일,충청북도 음성군 금왕읍,중상사고,0,2,0,0,차대차 - 정면충돌,중앙선침범,건조,맑음,단일로 - 기타,승용,남,40세,중상,승용,여,76세,중상
2013021700100300,2013년 2월 17일 20시,일요일,충청북도 단양군 영춘면,중상사고,0,1,0,0,차량단독 - 공작물충돌,안전운전불이행,습기,흐림,단일로 - 기타,승합,남,65세,중상,,,,
2013021700100301,2013년 2월 17일 20시,일요일,충청북도 청주시 흥덕구 복대동,경상사고,0,0,1,0,차대사람 - 차도통행중,안전운전불이행,건조,맑음,교차로 - 교차로부근,승용,남,37세,상해없음,보행자,남,58세,경상
2013021700100302,2013년 2월 17일 20시,일요일,충청북도 청주시 흥덕구 가경동,중상사고,0,1,1,0,차대차 - 측면직각충돌,안전운전불이행,건조,맑음,단일로 - 기타,승용,남,56세,상해없음,승용,남,33세,중상
2013021800100017,2013년 2월 18일 01시,월요일,충청북도 제천시 중앙로1가,경상사고,0,0,1,0,차대차 - 기타,안전운전불이행,건조,흐림,교차로 - 교차로부근,기타불명,기타불명,기타불명,기타불명,승용,남,53세,경상
2013021800100035,2013년 2월 18일 04시,월요일,충청북도 청주시 흥덕구 복대동,중상사고,0,1,1,0,차대차 - 측면직각충돌,신호위반,건조,맑음,교차로 - 교차로안,승용,남,58세,상해없음,승용,여,27세,중상
2013021800100044,2013년 2월 18일 05시,월요일,충청북도 제천시 장락동,중상사고,0,1,0,0,차대차 - 측면직각충돌,직진우회전진행방해,건조,맑음,교차로 - 교차로안,승용,여,41세,상해없음,승용,남,60세,중상
2013021800100108,2013년 2월 18일 09시,월요일,충청북도 보은군 수한면,경상사고,0,0,1,0,차대차 - 측면직각충돌,교차로운행방법위반,건조,맑음,교차로 - 교차로안,승용,남,23세,상해없음,원동기,남,76세,경상
2013021800100109,2013년 2월 18일 09시,월요일,충청북도 청주시 흥덕구 봉명동,중상사고,0,1,1,0,차대차 - 측면직각충돌,교차로운행방법위반,건조,맑음,교차로 - 교차로안,승용,여,54세,경상,승용,여,44세,중상
2013021800100135,2013년 2월 18일 10시,월요일,충청북도 청원군 강내면,경상사고,0,0,1,0,차대차 - 측면직각충돌,신호위반,건조,맑음,교차로 - 교차로안,화물,남,47세,상해없음,승용,남,54세,경상
2013021800100190,2013년 2월 18일 12시,월요일,충청북도 청주시 상당구 우암동,중상사고,0,1,0,0,차량단독 - 기타,기타,건조,맑음,단일로 - 기타,승합,남,61세,상해없음,,,,
2013021800100191,2013년 2월 18일 12시,월요일,충청북도 충주시 단월동,경상사고,0,0,2,1,차대차 - 추돌 - 진행중,직진우회전진행방해,건조,맑음,교차로 - 교차로안,승용,남,59세,부상신고,승용,남,27세,경상
2013021800100210,2013년 2월 18일 13시,월요일,충청북도 청주시 흥덕구 송정동,중상사고,0,1,0,0,차대차 - 정면충돌,신호위반,건조,맑음,교차로 - 교차로안,승용,남,50세,상해없음,승용,남,27세,중상
2013021800100233,2013년 2월 18일 14시,월요일,충청북도 제천시 의림동,중상사고,0,1,1,0,차대차 - 기타,직진우회전진행방해,건조,맑음,교차로 - 교차로안,승용,여,45세,경상,원동기,남,58세,중상
2013021800100234,2013년 2월 18일 14시,월요일,충청북도 음성군 음성읍,중상사고,0,1,0,0,차대차 - 기타,교차로운행방법위반,건조,맑음,교차로 - 교차로안,승용,여,54세,상해없음,이륜,남,56세,중상
2013021800100252,2013년 2월 18일 15시,월요일,충청북도 진천군 초평면,중상사고,0,1,0,0,차대차 - 추돌 - 주정차중,안전운전불이행,건조,맑음,교차로 - 교차로부근,화물,남,56세,상해없음,승용,남,51세,중상
2013021800100273,2013년 2월 18일 16시,월요일,충청북도 청주시 상당구 율량동,경상사고,0,0,1,0,차대사람 - 길가장자리구역통행중,안전운전불이행,건조,맑음,단일로 - 기타,승용,남,71세,상해없음,보행자,여,15세,경상
2013021800100300,2013년 2월 18일 17시,월요일,충청북도 청주시 상당구 금천동,경상사고,0,0,2,0,차대차 - 측면직각충돌,안전운전불이행,건조,맑음,단일로 - 기타,원동기,남,33세,경상,승용,여,52세,경상
2013021800100301,2013년 2월 18일 17시,월요일,충청북도 진천군 광혜원면,중상사고,0,2,0,0,차대차 - 추돌 - 진행중,안전운전불이행,건조,맑음,교차로 - 교차로부근,승용,남,49세,상해없음,승용,여,35세,중상
2013021800100323,2013년 2월 18일 18시,월요일,충청북도 증평군 증평읍,중상사고,0,2,0,0,차대차 - 측면직각충돌,중앙선침범,건조,맑음,단일로 - 기타,특수,남,40세,상해없음,승합,남,55세,중상
2013021800100354,2013년 2월 18일 19시,월요일,충청북도 청주시 상당구 우암동,경상사고,0,0,1,0,차대차 - 추돌 - 진행중,안전운전불이행,건조,맑음,단일로 - 기타,승용,남,43세,상해없음,승용,남,26세,경상
2013021800100355,2013년 2월 18일 19시,월요일,충청북도 청원군 오창읍,중상사고,0,1,0,0,차량단독 - 기타,안전운전불이행,건조,맑음,단일로 - 기타,승합,남,64세,상해없음,,,,
2013021800100356,2013년 2월 18일 19시,월요일,충청북도 충주시 교현동,중상사고,0,1,0,0,차대차 - 기타,중앙선침범,건조,맑음,단일로 - 기타,승합,남,44세,상해없음,이륜,남,20세,중상
2013021800100357,2013년 2월 18일 19시,월요일,충청북도 청주시 흥덕구 수곡동,경상사고,0,0,1,0,차대사람 - 기타,안전운전불이행,건조,맑음,교차로 - 교차로부근,승용,남,31세,상해없음,보행자,남,40세,경상
2013021800100447,2013년 2월 18일 22시,월요일,충청북도 청주시 흥덕구 사직동,경상사고,0,0,1,0,차대차 - 측면직각충돌,안전운전불이행,건조,맑음,교차로 - 교차로안,승합,남,26세,상해없음,승용,여,28세,경상
2013021800100487,2013년 2월 18일 23시,월요일,충청북도 충주시 봉방동,중상사고,0,1,0,2,차대차 - 기타,안전거리미확보,건조,맑음,단일로 - 기타,승용,남,38세,부상신고,승용,남,29세,부상신고
2013021900100006,2013년 2월 19일 00시,화요일,충청북도 청주시 흥덕구 사창동,경상사고,0,0,1,0,차대차 - 측면직각충돌,안전운전불이행,건조,맑음,단일로 - 기타,승용,남,23세,상해없음,승용,남,49세,경상
2013021900100007,2013년 2월 19일 00시,화요일,충청북도 청주시 흥덕구 사창동,경상사고,0,0,1,0,차대차 - 측면직각충돌,안전운전불이행,건조,맑음,교차로 - 교차로안,화물,남,19세,상해없음,승용,남,57세,경상
2013021900100008,2013년 2월 19일 00시,화요일,충청북도 보은군 탄부면,사망사고,1,0,0,0,차대차 - 추돌 - 진행중,안전운전불이행,건조,맑음,단일로 - 기타,화물,남,43세,사망,화물,남,64세,상해없음