사고번호,사고일시,요일,시군구,사고내용,사망자수,중상자수,경상자수,부상신고자수,사고유형,법규위반,노면상태,기상상태,도로형태,가해운전자 차종,가해운전자 성별,가해운전자 연령,가해운전자 상해정도,피해운전자 차종,피해운전자 성별,피해운전자 연령,피해운전자 상해정도
2013021900100021,2013년 2월 19일 01시,화요일,충청북도 충주시 달천동,사망사고,1,0,0,0,차량단독 - 도로외이탈 - 기타,안전운전불이행,건조,맑음,단일로 - 기타,승용,남,26세,사망,,,,
2013021900100075,2013년 2월 19일 06시,화요일,충청북도 충주시 문화동,경상사고,0,0,1,0,차대차 - 추돌 - 진행중,안전운전불이행,건조,맑음,교차로 - 교차로안,승용,남,31세,상해없음,승용,남,29세,경상
2013021900100103,2013년 2월 19일 08시,화요일,충청북도 옥천군 이원면,중상사고,0,1,1,0,차대차 - 측면직각충돌,직진우회전진행방해,건조,흐림,교차로 - 교차로안,승용,여,56세,상해없음,화물,남,29세,경상
2013021900100118,2013년 2월 19일 09시,화요일,충청북도 청주시 흥덕구 분평동,경상사고,0,0,1,0,차대차 - 추돌 - 진행중,안전운전불이행,건조,맑음,교차로 - 교차로안,화물,남,19세,상해없음,승용,남,32세,경상
2013021900100157,2013년 2월 19일 11시,화요일,충청북도 괴산군 장연면,중상사고,0,1,1,0,차대차 - 추돌 - 주정차중,안전거리미확보,건조,맑음,단일로 - 터널,승용,남,32세,중상,건설기계,남,58세,경상
2013021900100178,2013년 2월 19일 12시,화요일,충청북도 음성군 대소면,경상사고,0,0,2,0,차대차 - 기타,교차로운행방법위반,건조,맑음,교차로 - 교차로안,승용,남,63세,경상,승용,여,38세,경상
2013021900100208,2013년 2월 19일 13시,화요일,충청북도 제천시 화산동,경상사고,0,0,1,0,차대사람 - 기타,안전운전불이행,건조,맑음,단일로 - 기타,화물,남,42세,상해없음,보행자,남,39세,경상
2013021900100209,2013년 2월 19일 13시,화요일,충청북도 음성군 금왕읍,중상사고,0,1,1,0,차대차 - 기타,교차로운행방법위반,건조,맑음,교차로 - 교차로안,승합,여,44세,중상,승용,여,55세,경상
2013021900100234,2013년 2월 19일 14시,화요일,충청북도 충주시 단월동,중상사고,0,1,0,0,차대차 - 측면직각충돌,안전운전불이행,건조,맑음,교차로 - 교차로부근,화물,남,58세,기타불명,화물,남,37세,중상
2013021900100315,2013년 2월 19일 17시,화요일,충청북도 제천시 영천동,중상사고,0,1,1,0,차대차 - 기타,안전운전불이행,건조,맑음,교차로 - 교차로안,기타불명,기타불명,기타불명,기타불명,승용,여,34세,중상
2013021900100376,2013년 2월 19일 19시,화요일,충청북도 청원군 미원면,중상사고,0,1,0,0,차량단독 - 기타,안전운전불이행,건조,맑음,단일로 - 기타,승용,남,43세,중상,,,,
2013021900100408,2013년 2월 19일 20시,화요일,충청북도 청주시 흥덕구 분평동,경상사고,0,0,1,0,차대사람 - 기타,안전운전불이행,건조,맑음,단일로 - 기타,승용,남,52세,상해없음,보행자,남,65세,경상
2013021900100438,2013년 2월 19일 21시,화요일,충청북도 청주시 흥덕구 가경동,경상사고,0,0,1,0,차대사람 - 길가장자리구역통행중,안전운전불이행,건조,맑음,단일로 - 기타,승용,남,68세,상해없음,보행자,여,31세,경상
2013021900100439,2013년 2월 19일 21시,화요일,충청북도 보은군 회인면,중상사고,0,2,0,0,차대차 - 추돌 - 진행중,안전운전불이행,건조,맑음,단일로 - 기타,화물,남,44세,상해없음,화물,남,67세,중상
2013021900100468,2013년 2월 19일 22시,화요일,충청북도 청원군 오창읍,경상사고,0,0,1,0,차대차 - 기타,안전운전불이행,건조,맑음,단일로 - 기타,승용,남,35세,상해없음,승용,여,34세,경상
2013021900100469,2013년 2월 19일 22시,화요일,충청북도 충주시 달천동,경상사고,0,0,3,0,차대차 - 추돌 - 진행중,안전운전불이행,건조,맑음,교차로 - 교차로안,화물,남,52세,상해없음,승용,남,35세,경상
2013021900100470,2013년 2월 19일 22시,화요일,충청북도 청주시 흥덕구 가경동,중상사고,0,1,1,0,차대차 - 측면직각충돌,신호위반,건조,맑음,교차로 - 교차로안,승용,남,30세,상해없음,승용,여,29세,중상
2013022000100104,2013년 2월 20일 08시,수요일,충청북도 제천시 하소동,경상사고,0,0,2,0,차대차 - 측면직각충돌,신호위반,건조,맑음,교차로 - 교차로안,승용,남,69세,상해없음,승용,남,35세,경상
2013022000100140,2013년 2월 20일 09시,수요일,충청북도 청주시 상당구 용암동,경상사고,0,0,1,0,차대차 - 기타,교차로운행방법위반,건조,맑음,교차로 - 교차로안,승용,남,29세,상해없음,자전거,여,70세,경상
2013022000100163,2013년 2월 20일 10시,수요일,충청북도 충주시 대소원면,중상사고,0,1,2,0,차대차 - 추돌 - 진행중,안전거리미확보,건조,맑음,단일로 - 기타,승합,남,53세,상해없음,화물,남,41세,경상
2013022000100184,2013년 2월 20일 11시,수요일,충청북도 청주시 상당구 율량동,경상사고,0,0,1,0,차대차 - 기타,안전운전불이행,건조,맑음,교차로 - 교차로안,승용,남,44세,상해없음,이륜,남,80세,경상
2013022000100185,2013년 2월 20일 11시,수요일,충청북도 충주시 교현동,중상사고,0,1,0,0,차대사람 - 횡단중,보행자보호의무위반,건조,맑음,단일로 - 횡단보도상,승용,남,29세,상해없음,보행자,남,80세,중상
2013022000100220,2013년 2월 20일 13시,수요일,충청북도 음성군 대소면,경상사고,0,0,1,0,차대차 - 기타,안전운전불이행,건조,맑음,단일로 - 기타,승용,여,50세,상해없음,자전거,여,54세,경상
2013022000100235,2013년 2월 20일 14시,수요일,충청북도 제천시 강제동,부상신고사고,0,0,0,1,차량단독 - 전도전복,안전운전불이행,건조,맑음,교차로 - 교차로안,이륜,남,70세,부상신고,,,,
2013022000100236,2013년 2월 20일 14시,수요일,충청북도 음성군 금왕읍,중상사고,0,1,0,0,차대차 - 기타,안전운전불이행,건조,맑음,단일로 - 기타,승용,남,71세,상해없음,이륜,남,73세,중상
2013022000100264,2013년 2월 20일 15시,수요일,충청북도 청주시 상당구 내덕동,경상사고,0,0,1,0,차대차 - 기타,안전운전불이행,건조,맑음,교차로 - 교차로부근,승용,남,52세,상해없음,승용,여,32세,경상
2013022000100288,2013년 2월 20일 16시,수요일,충청북도 청주시 상당구 문화동,경상사고,0,0,2,0,차대차 - 추돌 - 주정차중,안전운전불이행,건조,맑음,교차로 - 교차로안,승용,남,49세,상해없음,승용,여,28세,경상
2013022000100289,2013년 2월 20일 16시,수요일,충청북도 청주시 흥덕구 분평동,중상사고,0,1,0,0,차대사람 - 기타,안전운전불이행,건조,맑음,단일로 - 기타,승용,여,41세,상해없음,보행자,남,12세,중상
2013022000100312,2013년 2월 20일 17시,수요일,충청북도 청주시 흥덕구 모충동,중상사고,0,1,0,0,차대사람 - 기타,안전운전불이행,건조,맑음,단일로 - 기타,승용,남,78세,상해없음,보행자,남,64세,중상
2013022000100356,2013년 2월 20일 19시,수요일,충청북도 제천시 명동,경상사고,0,0,1,0,차대차 - 기타,교차로운행방법위반,건조,맑음,교차로 - 교차로안,승용,남,44세,상해없음,원동기,남,25세,경상
2013022000100357,2013년 2월 20일 19시,수요일,충청북도 청주시 흥덕구 봉명동,경상사고,0,0,1,0,차대차 - 측면직각충돌,차로위반,건조,맑음,단일로 - 기타,승용,남,28세,상해없음,승용,여,53세,경상
2013022000100408,2013년 2월 20일 21시,수요일,충청북도 청주시 상당구 용암동,중상사고,0,1,0,0,차대차 - 측면직각충돌,직진우회전진행방해,건조,맑음,교차로 - 교차로안,승용,남,44세,상해없음,이륜,남,39세,중상
2013022000100409,2013년 2월 20일 21시,수요일,충청북도 청주시 상당구 영운동,중상사고,0,2,0,0,차대차 - 측면직각충돌,안전운전불이행,건조,맑음,교차로 - 교차로부근,승용,여,54세,상해없음,승용,남,33세,중상
2013022100100014,2013년 2월 21일 00시,목요일,충청북도 청주시 흥덕구 복대동,경상사고,0,0,1,0,차대차 - 추돌 - 주정차중,안전운전불이행,건조,맑음,교차로 - 교차로부근,승용,남,46세,상해없음,승용,남,41세,경상
2013022100100015,2013년 2월 21일 00시,목요일,충청북도 청주시 흥덕구 비하동,경상사고,0,0,3,0,차대차 - 추돌 - 주정차중,안전운전불이행,건조,맑음,교차로 - 교차로부근,승용,남,38세,상해없음,승용,남,40세,경상
2013022100100016,2013년 2월 21일 00시,목요일,충청북도 청주시 상당구 명암동,경상사고,0,0,2,0,차대차 - 측면직각충돌,안전운전불이행,건조,맑음,단일로 - 기타,화물,남,48세,상해없음,승용,여,42세,경상
2013022100100032,2013년 2월 21일 01시,목요일,충청북도 청주시 상당구 오동동,중상사고,0,1,1,0,차대차 - 측면직각충돌,신호위반,건조,맑음,교차로 - 교차로안,승용,남,39세,상해없음,승용,남,47세,경상
2013022100100033,2013년 2월 21일 01시,목요일,충청북도 단양군 단양읍,중상사고,0,1,0,0,차대사람 - 횡단중,안전운전불이행,건조,맑음,단일로 - 기타,승용,남,45세,상해없음,보행자,여,52세,중상
2013022100100034,2013년 2월 21일 01시,목요일,충청북도 청주시 흥덕구 운천동,경상사고,0,0,1,0,차대차 - 추돌 - 주정차중,안전운전불이행,건조,맑음,교차로 - 교차로부근,승용,남,32세,상해없음,승용,여,50세,경상
2013022100100082,2013년 2월 21일 06시,목요일,충청북도 청주시 흥덕구 산남동,중상사고,0,1,0,0,차대차 - 기타,안전운전불이행,건조,맑음,단일로 - 기타,승용,남,48세,중상,건설기계,남,30세,상해없음
2013022100100142,2013년 2월 21일 09시,목요일,충청북도 충주시 용탄동,경상사고,0,0,1,0,차대차 - 추돌 - 주정차중,중앙선침범,건조,맑음,단일로 - 기타,기타불명,기타불명,기타불명,기타불명,승용,남,49세,경상
2013022100100143,2013년 2월 21일 09시,목요일,충청북도 충주시 연수동,경상사고,0,0,1,0,차대차 - 기타,신호위반,건조,맑음,교차로 - 교차로안,기타불명,기타불명,기타불명,기타불명,승용,여,33세,경상
2013022100100144,2013년 2월 21일 09시,목요일,충청북도 청주시 흥덕구 사창동,중상사고,0,1,1,0,차대차 - 추돌 - 진행중,신호위반,건조,맑음,교차로 - 교차로부근,승용,여,59세,중상,화물,남,25세,경상
2013022100100169,2013년 2월 21일 10시,목요일,충청북도 청주시 상당구 내덕동,중상사고,0,1,0,0,차대차 - 기타,안전운전불이행,건조,맑음,단일로 - 기타,승용,여,52세,상해없음,원동기,남,53세,중상
2013022100100170,2013년 2월 21일 10시,목요일,충청북도 청주시 흥덕구 가경동,경상사고,0,0,4,0,차대차 - 측면직각충돌,안전거리미확보,건조,맑음,교차로 - 교차로부근,화물,남,47세,상해없음,승용,남,35세,경상
2013022100100243,2013년 2월 21일 13시,목요일,충청북도 제천시 의림동,경상사고,0,0,1,0,차대사람 - 기타,안전운전불이행,건조,맑음,교차로 - 교차로부근,화물,남,45세,기타불명,보행자,남,39세,경상
2013022100100304,2013년 2월 21일 16시,목요일,충청북도 음성군 감곡면,경상사고,0,0,3,0,차대차 - 기타,안전운전불이행,건조,맑음,단일로 - 기타,승용,여,51세,경상,승용,여,54세,경상
2013022100100305,2013년 2월 21일 16시,목요일,충청북도 청주시 흥덕구 가경동,경상사고,0,0,2,0,차대차 - 측면직각충돌,신호위반,건조,맑음,교차로 - 교차로안,이륜,남,45세,경상,승용,남,59세,경상
2013022100100337,2013년 2월 21일 17시,목요일,충청북도 청원군 오창읍,경상사고,0,0,2,0,차대차 - 기타,안전거리미확보,건조,맑음,교차로 - 교차로부근,승용,남,55세,경상,승용,남,31세,경상
2013022100100338,2013년 2월 21일 17시,목요일,충청북도 청주시 흥덕구 사창동,경상사고,0,0,1,0,차대사람 - 차도통행중,안전운전불이행,건조,맑음,단일로 - 횡단보도부근,승용,남,23세,상해없음,보행자,남,7세,경상
2013022100100362,2013년 2월 21일 18시,목요일,충청북도 음성군 삼성면,중상사고,0,1,1,0,차대차 - 기타,교차로운행방법위반,건조,맑음,교차로 - 교차로안,승용,남,54세,경상,화물,남,48세,중상
2013022100100363,2013년 2월 21일 18시,목요일,충청북도 옥천군 옥천읍,중상사고,0,1,1,0,차대사람 - 기타,신호위반,건조,맑음,교차로 - 교차로안,이륜,남,71세,중상,보행자,여,5세,경상
2013022100100431,2013년 2월 21일 20시,목요일,충청북도 영동군 황간면,중상사고,0,1,1,0,차대차 - 정면충돌,중앙선침범,건조,맑음,단일로 - 기타,원동기,남,55세,중상,화물,남,54세,상해없음
2013022100100457,2013년 2월 21일 21시,목요일,충청북도 청주시 상당구 용암동,경상사고,0,0,2,0,차대차 - 기타,안전운전불이행,건조,맑음,단일로 - 기타,승용,남,41세,상해없음,승용,남,31세,경상
2013022100100458,2013년 2월 21일 21시,목요일,충청북도 청주시 상당구 용담동,경상사고,0,0,1,0,차대차 - 기타,안전운전불이행,건조,맑음,교차로 - 교차로부근,승용,남,62세,상해없음,승용,남,20세,경상
2013022100100470,2013년 2월 21일 22시,목요일,충청북도 충주시 앙성면,중상사고,0,2,0,0,차량단독 - 공작물충돌,안전운전불이행,건조,맑음,단일로 - 기타,승용,남,46세,상해없음,,,,
2013022100100471,2013년 2월 21일 22시,목요일,충청북도 증평군 증평읍,중상사고,0,1,0,0,차대차 - 측면직각충돌,신호위반,건조,맑음,교차로 - 교차로부근,승용,남,35세,상해없음,원동기,남,17세,중상
2013022100100472,2013년 2월 21일 22시,목요일,충청북도 청주시 흥덕구 가경동,경상사고,0,0,2,0,차대차 - 측면직각충돌,안전운전불이행,건조,맑음,단일로 - 기타,승용,남,24세,상해없음,승용,남,65세,경상
2013022200100016,2013년 2월 22일 00시,금요일,충청북도 청주시 상당구 율량동,중상사고,0,1,0,0,차대차 - 추돌 - 주정차중,안전운전불이행,건조,맑음,교차로 - 교차로부근,승용,여,37세,상해없음,승용,남,37세,중상
2013022200100017,2013년 2월 22일 00시,금요일,충청북도 충주시 목행동,중상사고,0,4,1,0,차량단독 - 공작물충돌,안전운전불이행,건조,맑음,단일로 - 기타,승용,남,38세,중상,,,,
2013022200100033,2013년 2월 22일 01시,금요일,충청북도 제천시 청전동,중상사고,0,1,2,0,차대차 - 기타,신호위반,건조,맑음,교차로 - 교차로안,승용,남,27세,상해없음,승용,남,64세,경상
2013022200100047,2013년 2월 22일 02시,금요일,충청북도 청주시 상당구 석교동,경상사고,0,0,2,0,차대차 - 기타,안전운전불이행,건조,맑음,단일로 - 기타,승용,남,59세,상해없음,승용,남,36세,경상
2013022200100082,2013년 2월 22일 05시,금요일,충청북도 옥천군 옥천읍,경상사고,0,0,1,0,차대차 - 측면직각충돌,안전운전불이행,습기,눈,교차로 - 교차로부근,승용,남,42세,상해없음,승용,남,50세,상해없음
2013022200100099,2013년 2월 22일 06시,금요일,충청북도 청주시 흥덕구 봉명동,중상사고,0,1,0,0,차대차 - 측면직각충돌,안전거리미확보,건조,맑음,단일로 - 기타,승용,남,35세,상해없음,원동기,남,19세,중상
2013022200100136,2013년 2월 22일 08시,금요일,충청북도 청주시 흥덕구 분평동,중상사고,0,1,3,0,차대차 - 측면직각충돌,안전운전불이행,건조,맑음,단일로 - 기타,승용,여,41세,상해없음,승용,남,43세,경상
2013022200100201,2013년 2월 22일 10시,금요일,충청북도 제천시 대랑동,경상사고,0,0,1,0,차대차 - 기타,중앙선침범,결빙,흐림,단일로 - 기타,승용,남,50세,상해없음,승용,남,60세,경상
2013022200100202,2013년 2월 22일 10시,금요일,충청북도 청주시 흥덕구 죽림동,경상사고,0,0,1,0,차대차 - 측면직각충돌,안전운전불이행,건조,맑음,교차로 - 교차로부근,승용,남,32세,경상,화물,남,55세,상해없음
2013022200100228,2013년 2월 22일 11시,금요일,충청북도 청주시 상당구 주성동,중상사고,0,1,0,0,차대차 - 추돌 - 주정차중,안전운전불이행,건조,맑음,교차로 - 교차로부근,화물,남,73세,상해없음,승용,남,50세,중상
2013022200100273,2013년 2월 22일 13시,금요일,충청북도 청주시 흥덕구 개신동,중상사고,0,1,0,0,차대사람 - 횡단중,보행자보호의무위반,건조,맑음,교차로 - 교차로안,승용,남,38세,상해없음,보행자,남,51세,중상
2013022200100302,2013년 2월 22일 14시,금요일,충청북도 제천시 금성면,중상사고,0,1,5,0,차대차 - 기타,안전운전불이행,건조,맑음,단일로 - 기타,화물,여,49세,경상,승용,남,19세,경상
2013022200100380,2013년 2월 22일 17시,금요일,충청북도 청주시 흥덕구 미평동,경상사고,0,0,4,0,차대차 - 측면직각충돌,안전운전불이행,건조,맑음,교차로 - 교차로부근,승용,남,58세,경상,승용,여,48세,경상
2013022200100407,2013년 2월 22일 18시,금요일,충청북도 제천시 고암동,중상사고,0,2,0,0,차대차 - 기타,신호위반,건조,맑음,교차로 - 교차로안,화물,남,50세,중상,승용,남,66세,중상
2013022200100450,2013년 2월 22일 19시,금요일,충청북도 청주시 상당구 율량동,경상사고,0,0,1,0,차대사람 - 길가장자리구역통행중,안전운전불이행,건조,맑음,단일로 - 기타,승용,남,59세,상해없음,보행자,여,68세,경상
2013022200100451,2013년 2월 22일 19시,금요일,충청북도 청원군 오송읍,경상사고,0,0,1,0,차량단독 - 공작물충돌,안전운전불이행,건조,맑음,단일로 - 기타,화물,남,35세,경상,,,,
2013022200100490,2013년 2월 22일 20시,금요일,충청북도 제천시 장락동,경상사고,0,0,3,0,차대차 - 추돌 - 주정차중,안전운전불이행,건조,맑음,교차로 - 교차로부근,승용,남,54세,상해없음,승용,여,43세,경상
2013022200100491,2013년 2월 22일 20시,금요일,충청북도 증평군 증평읍,경상사고,0,0,1,0,차대차 - 정면충돌,안전운전불이행,건조,맑음,교차로 - 교차로안,승용,남,48세,상해없음,원동기,남,52세,경상
2013022200100492,2013년 2월 22일 20시,금요일,충청북도 단양군 영춘면,경상사고,0,0,1,0,차대차 - 측면직각충돌,중앙선침범,건조,맑음,단일로 - 기타,승용,남,60세,상해없음,승용,남,50세,경상
2013022200100522,2013년 2월 22일 21시,금요일,충청북도 청주시 흥덕구 복대동,경상사고,0,0,1,0,차대차 - 추돌 - 진행중,안전운전불이행,건조,맑음,교차로 - 교차로부근,승용,남,49세,상해없음,승용,여,44세,경상
2013022200100593,2013년 2월 22일 23시,금요일,충청북도 영동군 용산면,경상사고,0,0,3,0,차대차 - 측면직각충돌,신호위반,결빙,안개,교차로 - 교차로안,승용,여,48세,상해없음,승용,남,39세,경상
2013022200100594,2013년 2월 22일 23시,금요일,충청북도 청주시 흥덕구 봉명동,경상사고,0,0,1,0,차대사람 - 차도통행중,안전운전불이행,건조,맑음,교차로 - 교차로안,승용,남,32세,상해없음,보행자,남,31세,경상
2013022300100244,2013년 2월 23일 11시,토요일,충청북도 음성군 소이면,중상사고,0,1,0,0,차대차 - 기타,안전운전불이행,건조,맑음,단일로 - 기타,화물,남,52세,상해없음,승용,여,43세,중상
2013022300100285,2013년 2월 23일 12시,토요일,충청북도 청주시 흥덕구 산남동,경상사고,0,0,1,0,차대차 - 기타,중앙선침범,건조,맑음,단일로 - 기타,화물,남,59세,상해없음,승용,남,49세,경상
2013022300100286,2013년 2월 23일 12시,토요일,충청북도 청원군 오창읍,경상사고,0,0,2,0,차대차 - 측면직각충돌,차로위반,건조,맑음,단일로 - 기타,승합,남,31세,상해없음,승용,여,28세,경상
2013022300100334,2013년 2월 23일 14시,토요일,충청북도 청주시 흥덕구 성화동,경상사고,0,0,1,0,차대차 - 측면직각충돌,안전운전불이행,건조,맑음,단일로 - 기타,승용,남,56세,상해없음,승용,남,49세,경상
2013022300100367,2013년 2월 23일 15시,토요일,충청북도 단양군 단양읍,경상사고,0,0,1,0,차대차 - 측면직각충돌,안전운전불이행,건조,맑음,단일로 - 기타,승용,남,45세,상해없음,승용,남,45세,경상
2013022300100482,2013년 2월 23일 19시,토요일,충청북도 청주시 상당구 영운동,경상사고,0,0,2,0,차대차 - 측면직각충돌,안전운전불이행,건조,맑음,교차로 - 교차로부근,승용,남,40세,경상,승용,남,43세,경상
2013022300100551,2013년 2월 23일 21시,토요일,충청북도 음성군 금왕읍,경상사고,0,0,1,0,차대차 - 기타,안전운전불이행,건조,맑음,단일로 - 기타,승용,남,29세,상해없음,승용,남,36세,경상
2013022300100552,2013년 2월 23일 21시,토요일,충청북도 청주시 흥덕구 복대동,경상사고,0,0,1,0,차대사람 - 기타,안전운전불이행,건조,맑음,단일로 - 기타,승용,남,34세,상해없음,보행자,여,30세,경상
2013022300100553,2013년 2월 23일 21시,토요일,충청북도 청주시 상당구 용암동,경상사고,0,0,1,0,차대사람 - 길가장자리구역통행중,안전운전불이행,건조,맑음,단일로 - 기타,원동기,남,16세,상해없음,보행자,남,6세,경상
2013022300100580,2013년 2월 23일 22시,토요일,충청북도 청주시 상당구 서문동,중상사고,0,2,0,0,차대차 - 기타,안전운전불이행,건조,맑음,단일로 - 기타,승용,남,26세,상해없음,승용,남,26세,중상
2013022300100606,2013년 2월 23일 23시,토요일,충청북도 청원군 오창읍,경상사고,0,0,1,0,차대차 - 측면직각충돌,신호위반,건조,맑음,교차로 - 교차로안,기타불명,기타불명,기타불명,기타불명,승용,여,29세,경상
2013022300100607,2013년 2월 23일 23시,토요일,충청북도 충주시 호암동,중상사고,0,2,0,0,차대차 - 기타,안전운전불이행,건조,맑음,단일로 - 기타,화물,남,38세,상해없음,승용,남,30세,중상
2013022400100024,2013년 2월 24일 00시,일요일,충청북도 충주시 교현동,중상사고,0,1,2,0,차대차 - 기타,교차로운행방법위반,건조,맑음,교차로 - 교차로안,화물,남,41세,경상,승용,남,61세,경상
2013022400100025,2013년 2월 24일 00시,일요일,충청북도 청주시 흥덕구 복대동,사망사고,1,0,0,0,차대사람 - 길가장자리구역통행중,안전운전불이행,건조,맑음,단일로 - 기타,승용,남,44세,상해없음,보행자,남,46세,사망
2013022400100052,2013년 2월 24일 01시,일요일,충청북도 청원군 내수읍,경상사고,0,0,1,0,차량단독 - 공작물충돌,안전운전불이행,건조,맑음,교차로 - 교차로안,승용,남,32세,경상,,,,
2013022400100053,2013년 2월 24일 01시,일요일,충청북도 청주시 흥덕구 봉명동,경상사고,0,0,1,0,차대사람 - 길가장자리구역통행중,안전운전불이행,건조,맑음,단일로 - 기타,승용,남,28세,상해없음,보행자,남,35세,경상
2013022400100068,2013년 2월 24일 02시,일요일,충청북도 청원군 남이면,중상사고,0,1,0,0,차대차 - 추돌 - 주정차중,안전운전불이행,건조,맑음,단일로 - 기타,승용,여,35세,중상,화물,남,34세,기타불명
2013022400100083,2013년 2월 24일 03시,일요일,충청북도 청주시 흥덕구 송정동,중상사고,0,3,0,0,차대차 - 측면직각충돌,교차로운행방법위반,건조,맑음,교차로 - 교차로안,승용,남,22세,중상,승용,여,46세,중상
2013022400100094,2013년 2월 24일 04시,일요일,충청북도 청주시 흥덕구 봉명동,경상사고,0,0,1,0,차대사람 - 차도통행중,안전운전불이행,건조,맑음,단일로 - 기타,승용,남,27세,상해없음,보행자,남,35세,경상
2013022400100121,2013년 2월 24일 06시,일요일,충청북도 충주시 성남동,경상사고,0,0,1,0,차대사람 - 횡단중,보행자보호의무위반,건조,흐림,단일로 - 횡단보도상,승용,남,32세,상해없음,보행자,남,22세,경상
2013022400100146,2013년 2월 24일 08시,일요일,충청북도 제천시 봉양읍,중상사고,0,1,1,0,차대차 - 기타,안전운전불이행,건조,맑음,교차로 - 교차로부근,승용,남,30세,중상,건설기계,남,54세,경상
2013022400100147,2013년 2월 24일 08시,일요일,충청북도 청주시 흥덕구 비하동,중상사고,0,1,0,0,차대사람 - 횡단중,안전운전불이행,건조,맑음,교차로 - 교차로안,승용,여,24세,상해없음,보행자,여,51세,중상
2013022400100182,2013년 2월 24일 10시,일요일,충청북도 충주시 용산동,중상사고,0,2,0,0,차량단독 - 전도전복,안전운전불이행,건조,맑음,기타 - 기타,승용,남,69세,중상,,,,
2013022400100208,2013년 2월 24일 11시,일요일,충청북도 옥천군 청성면,경상사고,0,0,2,0,차대차 - 측면직각충돌,직진우회전진행방해,건조,맑음,교차로 - 교차로안,화물,남,65세,경상,승용,남,61세,경상
2013022400100225,2013년 2월 24일 12시,일요일,충청북도 청주시 상당구 사천동,중상사고,0,1,0,0,차대사람 - 횡단중,신호위반,건조,맑음,단일로 - 횡단보도상,승용,남,58세,상해없음,보행자,남,10세,중상
2013022400100237,2013년 2월 24일 13시,일요일,충청북도 음성군 원남면,경상사고,0,0,6,0,차대차 - 기타,안전운전불이행,건조,맑음,단일로 - 기타,승용,남,56세,경상,승용,남,56세,경상
2013022400100268,2013년 2월 24일 14시,일요일,충청북도 청원군 오송읍,경상사고,0,0,2,0,차대차 - 기타,안전운전불이행,건조,맑음,단일로 - 기타,승용,남,20세,경상,승용,남,50세,상해없음
2013022400100281,2013년 2월 24일 15시,일요일,충청북도 증평군 증평읍,경상사고,0,0,1,0,차대차 - 측면직각충돌,직진우회전진행방해,건조,맑음,교차로 - 교차로안,승용,남,44세,상해없음,승용,남,39세,경상
2013022400100366,2013년 2월 24일 18시,일요일,충청북도 청주시 흥덕구 산남동,중상사고,0,2,0,0,차대차 - 정면충돌,중앙선침범,건조,맑음,단일로 - 기타,승용,남,41세,상해없음,승용,여,47세,중상
2013022400100436,2013년 2월 24일 20시,일요일,충청북도 제천시 동현동,경상사고,0,0,1,0,차대차 - 기타,안전운전불이행,건조,맑음,교차로 - 교차로안,승용,남,70세,상해없음,승용,여,47세,경상
2013022400100437,2013년 2월 24일 20시,일요일,충청북도 청주시 흥덕구 복대동,경상사고,0,0,1,0,차대차 - 추돌 - 진행중,안전운전불이행,건조,맑음,단일로 - 기타,원동기,남,43세,경상,승용,남,27세,상해없음
2013022400100461,2013년 2월 24일 21시,일요일,충청북도 청주시 흥덕구 봉명동,경상사고,0,0,1,0,차대차 - 기타,안전운전불이행,건조,맑음,단일로 - 기타,이륜,남,26세,경상,승용,남,36세,상해없음
2013022400100486,2013년 2월 24일 22시,일요일,충청북도 청주시 상당구 문화동,경상사고,0,0,3,0,차대차 - 측면직각충돌,교차로운행방법위반,건조,맑음,교차로 - 교차로안,승용,여,40세,경상,승용,남,18세,경상
2013022400100504,2013년 2월 24일 23시,일요일,충청북도 청주시 흥덕구 가경동,경상사고,0,0,1,0,차대차 - 측면직각충돌,안전운전불이행,건조,맑음,단일로 - 기타,승용,남,24세,상해없음,승용,여,52세,경상
2013022500100044,2013년 2월 25일 07시,월요일,충청북도 청주시 상당구 우암동,중상사고,0,1,0,0,차대사람 - 기타,안전운전불이행,건조,맑음,단일로 - 기타,승용,남,62세,상해없음,보행자,남,71세,중상
2013022500100062,2013년 2월 25일 08시,월요일,충청북도 청주시 흥덕구 복대동,경상사고,0,0,1,0,차대차 - 측면직각충돌,안전운전불이행,건조,맑음,단일로 - 기타,승용,남,25세,상해없음,원동기,남,46세,경상
2013022500100063,2013년 2월 25일 08시,월요일,충청북도 청주시 흥덕구 사창동,중상사고,0,1,1,0,차대차 - 측면직각충돌,신호위반,건조,맑음,교차로 - 교차로부근,승용,남,59세,중상,승용,여,40세,경상
2013022500100064,2013년 2월 25일 08시,월요일,충청북도 청주시 흥덕구 내곡동,경상사고,0,0,1,0,차대차 - 추돌 - 진행중,안전거리미확보,건조,맑음,단일로 - 기타,승용,여,24세,경상,승용,남,27세,상해없음
2013022500100083,2013년 2월 25일 09시,월요일,충청북도 청주시 흥덕구 사직동,경상사고,0,0,1,0,차대사람 - 기타,안전운전불이행,건조,맑음,교차로 - 교차로부근,승용,남,55세,상해없음,보행자,남,55세,경상
2013022500100156,2013년 2월 25일 13시,월요일,충청북도 청주시 흥덕구 사직동,경상사고,0,0,1,0,차대차 - 측면직각충돌,안전운전불이행,건조,맑음,단일로 - 기타,기타불명,기타불명,기타불명,기타불명,자전거,남,44세,경상