사고번호,사고일시,요일,시군구,사고내용,사망자수,중상자수,경상자수,부상신고자수,사고유형,법규위반,노면상태,기상상태,도로형태,가해운전자 차종,가해운전자 성별,가해운전자 연령,가해운전자 상해정도,피해운전자 차종,피해운전자 성별,피해운전자 연령,피해운전자 상해정도
2013030900100427,2013년 3월 9일 17시,토요일,충청북도 충주시 교현동,경상사고,0,0,2,0,차대차 - 추돌 - 진행중,안전거리미확보,건조,맑음,교차로 - 교차로부근,승용,남,34세,상해없음,승용,남,46세,경상
2013030900100447,2013년 3월 9일 18시,토요일,충청북도 제천시 고암동,중상사고,0,1,1,0,차대차 - 측면직각충돌,불법유턴,건조,맑음,기타 - 기타,승용,남,46세,상해없음,승용,남,30세,중상
2013030900100448,2013년 3월 9일 18시,토요일,충청북도 제천시 청전동,중상사고,0,2,0,0,차대차 - 정면충돌,신호위반,건조,맑음,교차로 - 교차로안,화물,남,53세,상해없음,승용,남,63세,중상
2013030900100449,2013년 3월 9일 18시,토요일,충청북도 청주시 흥덕구 산남동,경상사고,0,0,1,0,차대사람 - 기타,안전운전불이행,건조,맑음,단일로 - 기타,승용,여,38세,상해없음,보행자,남,48세,경상
2013030900100481,2013년 3월 9일 19시,토요일,충청북도 충주시 동량면,중상사고,0,2,0,0,차대차 - 측면직각충돌,안전운전불이행,건조,맑음,교차로 - 교차로안,승용,여,42세,상해없음,승용,남,30세,중상
2013030900100548,2013년 3월 9일 21시,토요일,충청북도 청주시 상당구 율량동,중상사고,0,2,2,0,차대차 - 정면충돌,신호위반,건조,맑음,교차로 - 교차로안,승용,남,48세,경상,승용,여,47세,중상
2013030900100549,2013년 3월 9일 21시,토요일,충청북도 진천군 초평면,경상사고,0,0,1,0,차대차 - 추돌 - 주정차중,안전거리미확보,건조,맑음,단일로 - 기타,승용,남,24세,상해없음,승용,여,45세,상해없음
2013030900100550,2013년 3월 9일 21시,토요일,충청북도 청주시 흥덕구 성화동,경상사고,0,0,2,0,차대차 - 측면직각충돌,안전운전불이행,건조,맑음,교차로 - 교차로부근,승용,남,56세,상해없음,승용,남,25세,경상
2013030900100588,2013년 3월 9일 22시,토요일,충청북도 충주시 봉방동,경상사고,0,0,1,0,차대사람 - 기타,안전운전불이행,건조,맑음,단일로 - 기타,승용,남,33세,상해없음,보행자,남,46세,경상
2013031000100030,2013년 3월 10일 01시,일요일,충청북도 청원군 오창읍,경상사고,0,0,2,0,차대차 - 측면직각충돌,중앙선침범,건조,맑음,교차로 - 교차로안,승용,남,32세,상해없음,승용,남,32세,경상
2013031000100066,2013년 3월 10일 03시,일요일,충청북도 충주시 연수동,경상사고,0,0,2,0,차대차 - 추돌 - 진행중,직진우회전진행방해,건조,맑음,교차로 - 교차로안,승용,남,19세,상해없음,승용,남,58세,경상
2013031000100099,2013년 3월 10일 06시,일요일,충청북도 청주시 상당구 율량동,중상사고,0,1,0,0,차대차 - 기타,신호위반,건조,맑음,교차로 - 교차로안,승용,여,33세,상해없음,승용,남,63세,중상
2013031000100125,2013년 3월 10일 08시,일요일,충청북도 진천군 백곡면,경상사고,0,0,1,0,차대차 - 기타,안전운전불이행,건조,맑음,단일로 - 기타,승용,남,52세,상해없음,승용,여,28세,경상
2013031000100126,2013년 3월 10일 08시,일요일,충청북도 청주시 흥덕구 복대동,중상사고,0,1,0,0,차대사람 - 기타,안전운전불이행,건조,맑음,교차로 - 교차로안,승합,여,52세,상해없음,보행자,여,88세,중상
2013031000100153,2013년 3월 10일 10시,일요일,충청북도 충주시 연수동,경상사고,0,0,1,1,차대차 - 기타,교차로운행방법위반,건조,맑음,교차로 - 교차로부근,승용,여,49세,부상신고,승용,여,63세,경상
2013031000100195,2013년 3월 10일 12시,일요일,충청북도 충주시 산척면,중상사고,0,1,0,0,차대차 - 기타,안전운전불이행,건조,맑음,교차로 - 교차로부근,승용,남,60세,상해없음,승용,여,55세,중상
2013031000100196,2013년 3월 10일 12시,일요일,충청북도 제천시 하소동,경상사고,0,0,4,0,차대차 - 측면직각충돌,직진우회전진행방해,건조,맑음,교차로 - 교차로안,승용,남,22세,상해없음,승용,남,36세,경상
2013031000100220,2013년 3월 10일 13시,일요일,충청북도 단양군 영춘면,경상사고,0,0,1,0,차량단독 - 기타,기타,건조,맑음,기타 - 기타,승용,남,57세,상해없음,,,,
2013031000100221,2013년 3월 10일 13시,일요일,충청북도 청주시 흥덕구 분평동,경상사고,0,0,1,0,차대차 - 측면직각충돌,신호위반,건조,맑음,교차로 - 교차로부근,승용,남,58세,상해없음,원동기,남,27세,경상
2013031000100281,2013년 3월 10일 15시,일요일,충청북도 제천시 청전동,중상사고,0,1,0,0,차대사람 - 기타,안전운전불이행,건조,맑음,기타 - 기타,승합,여,51세,상해없음,보행자,여,4세,중상
2013031000100308,2013년 3월 10일 16시,일요일,충청북도 제천시 화산동,사망사고,1,0,0,0,차대차 - 기타,신호위반,건조,맑음,교차로 - 교차로안,화물,남,75세,상해없음,원동기,남,83세,사망
2013031000100309,2013년 3월 10일 16시,일요일,충청북도 청주시 흥덕구 복대동,경상사고,0,0,1,0,차대차 - 측면직각충돌,교차로운행방법위반,건조,맑음,교차로 - 교차로안,이륜,남,43세,경상,승용,남,70세,상해없음
2013031000100310,2013년 3월 10일 16시,일요일,충청북도 청주시 흥덕구 비하동,중상사고,0,1,0,0,차대사람 - 기타,안전운전불이행,건조,맑음,교차로 - 교차로안,승용,여,27세,상해없음,보행자,남,16세,중상
2013031000100311,2013년 3월 10일 16시,일요일,충청북도 괴산군 연풍면,사망사고,1,5,0,0,차대차 - 추돌 - 진행중,안전운전불이행,건조,맑음,단일로 - 기타,화물,남,32세,사망,승합,남,41세,중상
2013031000100448,2013년 3월 10일 20시,일요일,충청북도 청주시 상당구 금천동,경상사고,0,0,1,0,차대차 - 기타,안전거리미확보,건조,맑음,단일로 - 기타,승용,남,45세,상해없음,이륜,남,17세,경상
2013031000100449,2013년 3월 10일 20시,일요일,충청북도 청주시 상당구 내덕동,경상사고,0,0,2,0,차대차 - 추돌 - 진행중,안전운전불이행,건조,맑음,교차로 - 교차로부근,승용,남,41세,상해없음,승용,남,65세,경상
2013031000100450,2013년 3월 10일 20시,일요일,충청북도 청주시 흥덕구 복대동,경상사고,0,0,3,0,차대차 - 측면직각충돌,신호위반,건조,맑음,교차로 - 교차로안,승용,여,55세,상해없음,승용,남,43세,경상
2013031000100451,2013년 3월 10일 20시,일요일,충청북도 청주시 상당구 용담동,경상사고,0,0,3,0,차대차 - 추돌 - 진행중,안전운전불이행,건조,맑음,교차로 - 교차로부근,승용,남,23세,경상,승용,남,57세,경상
2013031000100472,2013년 3월 10일 21시,일요일,충청북도 제천시 신월동,경상사고,0,0,2,0,차대차 - 기타,안전운전불이행,건조,맑음,교차로 - 교차로안,승용,남,25세,경상,승용,남,33세,상해없음
2013031000100474,2013년 3월 10일 21시,일요일,충청북도 청원군 강내면,중상사고,0,2,1,0,차대차 - 측면직각충돌,차로위반,건조,맑음,단일로 - 기타,승용,남,55세,상해없음,승용,남,49세,상해없음
2013031000100497,2013년 3월 10일 22시,일요일,충청북도 충주시 가금면,중상사고,0,1,0,1,차대차 - 정면충돌,중앙선침범,건조,맑음,단일로 - 기타,승용,남,49세,부상신고,승용,여,45세,중상
2013031000100498,2013년 3월 10일 22시,일요일,충청북도 증평군 증평읍,중상사고,0,1,0,0,차대차 - 측면직각충돌,안전운전불이행,건조,맑음,교차로 - 교차로안,승용,남,26세,상해없음,원동기,남,21세,중상
2013031100100005,2013년 3월 11일 00시,월요일,충청북도 청주시 상당구 남주동,중상사고,0,1,1,0,차대차 - 측면직각충돌,안전운전불이행,건조,맑음,교차로 - 교차로부근,승용,남,47세,상해없음,승용,남,52세,경상
2013031100100023,2013년 3월 11일 02시,월요일,충청북도 음성군 금왕읍,경상사고,0,0,1,0,차대차 - 기타,안전거리미확보,건조,흐림,단일로 - 기타,화물,남,52세,상해없음,승용,남,54세,경상
2013031100100069,2013년 3월 11일 07시,월요일,충청북도 청원군 오창읍,중상사고,0,1,0,0,차대사람 - 길가장자리구역통행중,안전운전불이행,건조,맑음,단일로 - 기타,승용,남,71세,상해없음,보행자,여,76세,중상
2013031100100070,2013년 3월 11일 07시,월요일,충청북도 음성군 맹동면,경상사고,0,0,1,0,차대차 - 기타,기타,건조,맑음,교차로 - 교차로안,승합,남,49세,상해없음,승용,남,47세,경상
2013031100100107,2013년 3월 11일 08시,월요일,충청북도 영동군 영동읍,중상사고,0,1,0,0,차대사람 - 차도통행중,안전운전불이행,건조,맑음,단일로 - 기타,화물,남,64세,상해없음,보행자,남,6세,중상
2013031100100108,2013년 3월 11일 08시,월요일,충청북도 청주시 흥덕구 사창동,경상사고,0,0,2,0,차대차 - 추돌 - 주정차중,안전거리미확보,건조,맑음,단일로 - 기타,승용,남,28세,기타불명,승용,남,58세,경상
2013031100100148,2013년 3월 11일 09시,월요일,충청북도 청주시 흥덕구 석곡동,중상사고,0,1,0,0,차대차 - 측면직각충돌,중앙선침범,건조,맑음,단일로 - 기타,승용,남,31세,상해없음,승합,남,48세,중상
2013031100100149,2013년 3월 11일 09시,월요일,충청북도 청원군 오송읍,중상사고,0,1,2,0,차대차 - 측면직각충돌,신호위반,건조,맑음,교차로 - 교차로안,승용,남,47세,상해없음,승용,남,41세,경상
2013031100100189,2013년 3월 11일 10시,월요일,충청북도 청원군 남이면,중상사고,0,1,0,0,차대차 - 측면직각충돌,신호위반,건조,맑음,교차로 - 교차로안,승용,남,36세,상해없음,화물,남,48세,중상
2013031100100190,2013년 3월 11일 10시,월요일,충청북도 청주시 흥덕구 모충동,사망사고,1,0,0,0,차대사람 - 횡단중,안전운전불이행,건조,맑음,교차로 - 교차로부근,화물,남,32세,상해없음,보행자,여,80세,사망
2013031100100213,2013년 3월 11일 11시,월요일,충청북도 영동군 영동읍,중상사고,0,1,1,0,차대차 - 기타,안전거리미확보,건조,맑음,단일로 - 기타,원동기,남,56세,경상,승용,여,48세,상해없음
2013031100100244,2013년 3월 11일 13시,월요일,충청북도 제천시 수산면,중상사고,0,1,0,0,차대차 - 측면직각충돌,교차로운행방법위반,건조,맑음,교차로 - 교차로안,승합,남,60세,상해없음,화물,남,58세,중상
2013031100100304,2013년 3월 11일 15시,월요일,충청북도 진천군 광혜원면,중상사고,0,1,0,0,차대차 - 측면직각충돌,안전운전불이행,건조,맑음,교차로 - 교차로안,승용,남,29세,상해없음,이륜,남,79세,중상
2013031100100329,2013년 3월 11일 16시,월요일,충청북도 청원군 내수읍,중상사고,0,2,4,0,차대차 - 추돌 - 주정차중,안전운전불이행,건조,맑음,단일로 - 기타,승용,여,44세,상해없음,승용,여,47세,중상
2013031100100330,2013년 3월 11일 16시,월요일,충청북도 청주시 흥덕구 복대동,경상사고,0,0,2,0,차대차 - 측면직각충돌,교차로운행방법위반,건조,맑음,교차로 - 교차로안,승용,여,48세,경상,원동기,남,46세,경상
2013031100100331,2013년 3월 11일 16시,월요일,충청북도 청주시 흥덕구 비하동,중상사고,0,1,1,0,차대차 - 측면직각충돌,교차로운행방법위반,건조,맑음,교차로 - 교차로안,승용,남,63세,경상,승용,여,47세,중상
2013031100100366,2013년 3월 11일 17시,월요일,충청북도 옥천군 옥천읍,경상사고,0,0,2,0,차대차 - 측면직각충돌,교차로운행방법위반,건조,맑음,교차로 - 교차로안,승용,남,56세,상해없음,승용,남,70세,경상
2013031100100367,2013년 3월 11일 17시,월요일,충청북도 청주시 흥덕구 사직동,경상사고,0,0,3,0,차대차 - 추돌 - 주정차중,안전운전불이행,건조,맑음,교차로 - 교차로부근,승용,남,47세,상해없음,승용,여,22세,경상
2013031100100443,2013년 3월 11일 19시,월요일,충청북도 충주시 호암동,경상사고,0,0,1,0,차대차 - 측면직각충돌,교차로운행방법위반,건조,맑음,교차로 - 교차로부근,승용,남,52세,상해없음,승합,남,61세,경상
2013031100100444,2013년 3월 11일 19시,월요일,충청북도 영동군 영동읍,경상사고,0,0,1,0,차대사람 - 기타,안전운전불이행,건조,맑음,교차로 - 교차로안,기타불명,기타불명,기타불명,기타불명,보행자,여,41세,경상
2013031100100445,2013년 3월 11일 19시,월요일,충청북도 옥천군 이원면,중상사고,0,1,0,0,차대사람 - 횡단중,중앙선침범,건조,맑음,단일로 - 기타,화물,남,47세,상해없음,보행자,여,10세,중상
2013031100100446,2013년 3월 11일 19시,월요일,충청북도 청주시 흥덕구 현암동,중상사고,0,1,0,0,차대차 - 추돌 - 주정차중,안전운전불이행,건조,맑음,단일로 - 기타,승용,남,36세,상해없음,농기계,남,53세,중상
2013031100100447,2013년 3월 11일 19시,월요일,충청북도 청주시 흥덕구 운천동,경상사고,0,0,1,0,차대차 - 측면직각충돌,안전운전불이행,건조,맑음,교차로 - 교차로안,승용,여,39세,상해없음,이륜,남,43세,경상
2013031100100448,2013년 3월 11일 19시,월요일,충청북도 청주시 흥덕구 산남동,중상사고,0,1,0,0,차대차 - 기타,중앙선침범,건조,맑음,교차로 - 교차로부근,이륜,남,33세,상해없음,이륜,남,33세,중상
2013031100100511,2013년 3월 11일 21시,월요일,충청북도 청주시 상당구 내덕동,경상사고,0,0,1,0,차대차 - 추돌 - 진행중,신호위반,건조,맑음,교차로 - 교차로안,기타불명,기타불명,기타불명,기타불명,원동기,남,17세,경상
2013031100100564,2013년 3월 11일 23시,월요일,충청북도 제천시 청전동,중상사고,0,1,0,0,차대사람 - 기타,안전운전불이행,건조,맑음,기타 - 기타,승용,여,55세,상해없음,보행자,남,26세,중상
2013031200100011,2013년 3월 12일 00시,화요일,충청북도 청주시 흥덕구 복대동,중상사고,0,1,0,0,차대사람 - 횡단중,보행자보호의무위반,건조,맑음,단일로 - 횡단보도상,승용,남,56세,상해없음,보행자,남,18세,중상
2013031200100035,2013년 3월 12일 02시,화요일,충청북도 청주시 흥덕구 분평동,경상사고,0,0,1,0,차대차 - 측면직각충돌,안전운전불이행,건조,맑음,교차로 - 교차로안,승용,남,39세,상해없음,승용,남,52세,상해없음
2013031200100107,2013년 3월 12일 08시,화요일,충청북도 청주시 상당구 내덕동,경상사고,0,0,1,0,차대차 - 정면충돌,중앙선침범,건조,맑음,단일로 - 기타,승용,남,80세,상해없음,승용,남,57세,경상
2013031200100108,2013년 3월 12일 08시,화요일,충청북도 청주시 흥덕구 복대동,경상사고,0,0,2,0,차대차 - 측면직각충돌,차로위반,건조,맑음,단일로 - 기타,승용,남,67세,상해없음,승용,남,57세,경상
2013031200100210,2013년 3월 12일 12시,화요일,충청북도 제천시 신월동,경상사고,0,0,1,0,차대차 - 기타,안전운전불이행,건조,맑음,교차로 - 교차로부근,승용,여,21세,상해없음,승용,여,49세,경상
2013031200100251,2013년 3월 12일 14시,화요일,충청북도 청원군 현도면,경상사고,0,0,3,0,차대차 - 기타,안전운전불이행,건조,맑음,교차로 - 교차로부근,승용,남,63세,경상,화물,남,39세,경상
2013031200100274,2013년 3월 12일 15시,화요일,충청북도 청원군 오창읍,경상사고,0,0,1,0,차대차 - 정면충돌,중앙선침범,건조,맑음,단일로 - 기타,승용,남,50세,상해없음,승용,남,59세,경상
2013031200100275,2013년 3월 12일 15시,화요일,충청북도 충주시 대소원면,중상사고,0,1,0,0,차대차 - 추돌 - 진행중,직진우회전진행방해,건조,맑음,교차로 - 교차로안,특수,남,46세,상해없음,승용,여,24세,중상
2013031200100276,2013년 3월 12일 15시,화요일,충청북도 청주시 흥덕구 사직동,중상사고,0,1,0,0,차대차 - 측면직각충돌,교차로운행방법위반,건조,맑음,교차로 - 교차로안,승용,여,40세,상해없음,자전거,남,61세,중상
2013031200100297,2013년 3월 12일 16시,화요일,충청북도 음성군 감곡면,사망사고,1,0,0,0,차량단독 - 기타,안전운전불이행,건조,맑음,단일로 - 기타,이륜,남,74세,사망,,,,
2013031200100319,2013년 3월 12일 17시,화요일,충청북도 청주시 상당구 율량동,중상사고,0,1,0,0,차대사람 - 횡단중,안전운전불이행,건조,맑음,단일로 - 기타,화물,남,37세,상해없음,보행자,남,18세,중상
2013031200100320,2013년 3월 12일 17시,화요일,충청북도 제천시 하소동,중상사고,0,1,0,0,차대차 - 기타,안전거리미확보,건조,맑음,기타 - 기타,승용,남,26세,상해없음,승용,여,42세,중상
2013031200100414,2013년 3월 12일 20시,화요일,충청북도 충주시 노은면,중상사고,0,1,0,0,차대차 - 추돌 - 진행중,안전거리미확보,건조,흐림,단일로 - 기타,화물,남,56세,중상,화물,남,73세,상해없음
2013031200100451,2013년 3월 12일 21시,화요일,충청북도 청주시 상당구 금천동,중상사고,0,1,0,0,차대차 - 측면직각충돌,중앙선침범,습기,흐림,교차로 - 교차로부근,승용,여,52세,상해없음,이륜,남,53세,중상
2013031200100492,2013년 3월 12일 22시,화요일,충청북도 청주시 상당구 북문로3가동,사망사고,1,2,1,0,차대차 - 추돌 - 주정차중,안전운전불이행,습기,비,교차로 - 교차로부근,이륜,남,22세,사망,승용,남,48세,중상
2013031200100493,2013년 3월 12일 22시,화요일,충청북도 진천군 진천읍,중상사고,0,1,0,0,차대사람 - 횡단중,안전운전불이행,습기,비,단일로 - 기타,승용,남,44세,상해없음,보행자,여,15세,중상
2013031200100557,2013년 3월 12일 23시,화요일,충청북도 음성군 대소면,경상사고,0,0,1,0,차대사람 - 기타,안전운전불이행,습기,비,단일로 - 기타,승용,남,52세,상해없음,보행자,여,46세,경상
2013031300100018,2013년 3월 13일 00시,수요일,충청북도 충주시 금릉동,중상사고,0,1,1,0,차대차 - 추돌 - 주정차중,기타,습기,비,교차로 - 교차로안,승용,남,26세,상해없음,승용,여,56세,경상
2013031300100019,2013년 3월 13일 00시,수요일,충청북도 청주시 흥덕구 신촌동,중상사고,0,2,1,0,차대차 - 측면직각충돌,교차로운행방법위반,건조,맑음,교차로 - 교차로안,승용,남,33세,경상,승용,남,24세,중상
2013031300100020,2013년 3월 13일 00시,수요일,충청북도 청주시 흥덕구 산남동,경상사고,0,0,1,0,차대차 - 추돌 - 주정차중,안전운전불이행,습기,비,교차로 - 교차로부근,이륜,남,38세,상해없음,승용,남,21세,경상
2013031300100056,2013년 3월 13일 01시,수요일,충청북도 청주시 흥덕구 복대동,경상사고,0,0,1,0,차대사람 - 횡단중,안전운전불이행,건조,맑음,교차로 - 교차로안,승용,남,54세,상해없음,보행자,남,44세,경상
2013031300100108,2013년 3월 13일 04시,수요일,충청북도 청주시 흥덕구 개신동,중상사고,0,1,0,0,차량단독 - 공작물충돌,안전운전불이행,건조,맑음,교차로 - 교차로부근,승용,남,26세,중상,,,,
2013031300100138,2013년 3월 13일 06시,수요일,충청북도 청주시 흥덕구 복대동,중상사고,0,1,0,0,차대차 - 추돌 - 주정차중,안전운전불이행,건조,맑음,단일로 - 기타,승용,남,34세,상해없음,승용,남,37세,중상
2013031300100159,2013년 3월 13일 07시,수요일,충청북도 제천시 중앙로2가,경상사고,0,0,1,0,차대차 - 측면직각충돌,직진우회전진행방해,습기,비,교차로 - 교차로안,승용,남,64세,상해없음,승용,남,66세,경상
2013031300100320,2013년 3월 13일 14시,수요일,충청북도 청주시 흥덕구 성화동,중상사고,0,1,0,0,차대차 - 측면직각충돌,안전운전불이행,건조,맑음,단일로 - 기타,승용,남,73세,상해없음,승용,남,54세,중상
2013031300100350,2013년 3월 13일 15시,수요일,충청북도 청주시 흥덕구 수곡동,경상사고,0,0,2,0,차대차 - 기타,중앙선침범,건조,맑음,단일로 - 기타,승용,여,41세,상해없음,승용,남,36세,경상
2013031300100369,2013년 3월 13일 16시,수요일,충청북도 청주시 상당구 정하동,경상사고,0,0,1,0,차대차 - 기타,기타,건조,맑음,교차로 - 교차로부근,화물,남,61세,상해없음,승용,남,35세,경상
2013031300100403,2013년 3월 13일 17시,수요일,충청북도 청주시 상당구 탑동,중상사고,0,1,0,0,차대사람 - 기타,안전운전불이행,건조,맑음,교차로 - 교차로부근,승용,남,40세,상해없음,보행자,여,13세,중상
2013031300100404,2013년 3월 13일 17시,수요일,충청북도 청주시 흥덕구 봉명동,경상사고,0,0,2,0,차대차 - 추돌 - 주정차중,안전운전불이행,건조,맑음,단일로 - 기타,화물,남,35세,상해없음,승용,여,35세,경상
2013031300100405,2013년 3월 13일 17시,수요일,충청북도 청주시 흥덕구 비하동,중상사고,0,1,0,0,차대사람 - 횡단중,안전운전불이행,건조,맑음,단일로 - 기타,승용,여,41세,상해없음,보행자,남,5세,중상
2013031300100432,2013년 3월 13일 18시,수요일,충청북도 단양군 매포읍,중상사고,0,1,0,0,차대차 - 측면직각충돌,교차로운행방법위반,건조,맑음,교차로 - 교차로안,승합,남,59세,상해없음,화물,남,74세,상해없음
2013031300100465,2013년 3월 13일 19시,수요일,충청북도 충주시 대소원면,중상사고,0,1,0,0,차대사람 - 횡단중,안전운전불이행,건조,맑음,단일로 - 횡단보도상,화물,여,52세,상해없음,보행자,여,78세,중상
2013031300100523,2013년 3월 13일 21시,수요일,충청북도 진천군 진천읍,중상사고,0,2,0,0,차대사람 - 길가장자리구역통행중,안전운전불이행,건조,맑음,단일로 - 기타,이륜,여,64세,중상,보행자,남,58세,중상
2013031300100547,2013년 3월 13일 22시,수요일,충청북도 제천시 동현동,중상사고,0,1,0,0,차대사람 - 기타,안전운전불이행,건조,맑음,교차로 - 교차로부근,승용,남,36세,상해없음,보행자,남,15세,중상
2013031300100548,2013년 3월 13일 22시,수요일,충청북도 청주시 흥덕구 운천동,경상사고,0,0,1,0,차대차 - 측면직각충돌,안전운전불이행,건조,맑음,교차로 - 교차로안,승용,남,46세,상해없음,이륜,남,21세,경상
2013031300100549,2013년 3월 13일 22시,수요일,충청북도 청주시 흥덕구 복대동,중상사고,0,1,1,0,차대차 - 측면직각충돌,신호위반,건조,맑음,교차로 - 교차로안,승용,남,25세,상해없음,승용,남,56세,중상
2013031300100583,2013년 3월 13일 23시,수요일,충청북도 충주시 금릉동,경상사고,0,0,2,0,차대차 - 측면직각충돌,신호위반,건조,맑음,교차로 - 교차로안,승용,여,45세,상해없음,승용,여,22세,경상
2013031400100011,2013년 3월 14일 00시,목요일,충청북도 청원군 오송읍,경상사고,0,0,1,0,차대차 - 측면직각충돌,안전운전불이행,건조,맑음,교차로 - 교차로부근,승용,남,40세,상해없음,승용,남,52세,경상
2013031400100012,2013년 3월 14일 00시,목요일,충청북도 청주시 흥덕구 복대동,중상사고,0,1,3,0,차대차 - 추돌 - 주정차중,안전운전불이행,건조,맑음,교차로 - 교차로부근,승용,남,23세,상해없음,승용,남,42세,중상
2013031400100032,2013년 3월 14일 01시,목요일,충청북도 음성군 감곡면,경상사고,0,0,2,0,차대차 - 기타,교차로운행방법위반,건조,맑음,교차로 - 교차로안,승용,남,40세,상해없음,승용,남,30세,경상
2013031400100033,2013년 3월 14일 01시,목요일,충청북도 청주시 흥덕구 봉명동,중상사고,0,1,0,0,차대사람 - 길가장자리구역통행중,안전운전불이행,건조,맑음,교차로 - 교차로부근,화물,남,18세,상해없음,보행자,남,56세,중상
2013031400100076,2013년 3월 14일 04시,목요일,충청북도 청주시 흥덕구 사창동,경상사고,0,0,1,0,차대차 - 측면직각충돌,안전운전불이행,건조,맑음,단일로 - 기타,승용,남,21세,상해없음,승용,남,65세,경상
2013031400100148,2013년 3월 14일 08시,목요일,충청북도 청주시 상당구 내덕동,경상사고,0,0,1,0,차대차 - 추돌 - 주정차중,안전운전불이행,건조,맑음,교차로 - 교차로부근,원동기,남,17세,상해없음,승합,남,60세,상해없음
2013031400100149,2013년 3월 14일 08시,목요일,충청북도 청주시 상당구 방서동,경상사고,0,0,1,0,차대차 - 추돌 - 진행중,신호위반,건조,맑음,교차로 - 교차로안,승합,남,38세,상해없음,승용,여,30세,경상
2013031400100182,2013년 3월 14일 09시,목요일,충청북도 제천시 왕암동,중상사고,0,1,0,0,차대차 - 기타,안전운전불이행,건조,맑음,기타 - 기타,승용,남,63세,상해없음,승용,남,59세,중상
2013031400100193,2013년 3월 14일 10시,목요일,충청북도 충주시 목행동,중상사고,0,1,0,0,차대차 - 추돌 - 진행중,교차로운행방법위반,건조,맑음,교차로 - 교차로안,승용,남,31세,상해없음,승용,남,59세,중상
2013031400100240,2013년 3월 14일 12시,목요일,충청북도 제천시 청전동,경상사고,0,0,1,0,차대차 - 기타,직진우회전진행방해,건조,맑음,교차로 - 교차로안,승용,남,68세,상해없음,승용,남,60세,경상
2013031400100266,2013년 3월 14일 13시,목요일,충청북도 청주시 상당구 용암동,경상사고,0,0,7,0,차대차 - 기타,안전운전불이행,건조,맑음,교차로 - 교차로안,승용,남,71세,경상,승용,남,53세,경상
2013031400100373,2013년 3월 14일 17시,목요일,충청북도 충주시 앙성면,경상사고,0,0,2,0,차량단독 - 전도전복,안전운전불이행,건조,맑음,단일로 - 기타,화물,남,47세,상해없음,,,,
2013031400100374,2013년 3월 14일 17시,목요일,충청북도 청주시 흥덕구 분평동,중상사고,0,1,0,0,차대사람 - 횡단중,안전운전불이행,건조,맑음,교차로 - 교차로부근,화물,남,50세,상해없음,보행자,남,5세,중상
2013031400100375,2013년 3월 14일 17시,목요일,충청북도 청원군 남이면,경상사고,0,0,1,0,차대차 - 기타,신호위반,건조,맑음,교차로 - 교차로안,승용,남,42세,상해없음,화물,남,54세,경상
2013031400100401,2013년 3월 14일 18시,목요일,충청북도 청주시 상당구 오동동,중상사고,0,1,1,0,차대차 - 기타,안전운전불이행,건조,맑음,교차로 - 교차로부근,승용,남,36세,상해없음,승용,여,39세,중상
2013031400100402,2013년 3월 14일 18시,목요일,충청북도 청주시 흥덕구 봉명동,경상사고,0,0,1,0,차대사람 - 횡단중,보행자보호의무위반,건조,맑음,단일로 - 횡단보도상,승용,여,44세,상해없음,보행자,남,12세,경상
2013031400100440,2013년 3월 14일 19시,목요일,충청북도 청주시 상당구 율량동,중상사고,0,1,1,0,차대차 - 기타,신호위반,건조,맑음,교차로 - 교차로안,이륜,남,36세,상해없음,승용,남,27세,경상
2013031400100441,2013년 3월 14일 19시,목요일,충청북도 청주시 흥덕구 가경동,경상사고,0,0,1,0,차대차 - 측면직각충돌,안전운전불이행,건조,맑음,단일로 - 횡단보도상,화물,남,52세,상해없음,자전거,여,26세,경상
2013031400100481,2013년 3월 14일 20시,목요일,충청북도 충주시 달천동,중상사고,0,1,1,0,차대차 - 추돌 - 진행중,안전운전불이행,건조,흐림,단일로 - 기타,승용,남,24세,상해없음,승용,남,40세,중상
2013031400100482,2013년 3월 14일 20시,목요일,충청북도 괴산군 칠성면,부상신고사고,0,0,0,1,차량단독 - 기타,안전운전불이행,건조,맑음,단일로 - 기타,이륜,남,34세,부상신고,,,,
2013031400100539,2013년 3월 14일 22시,목요일,충청북도 청주시 흥덕구 복대동,경상사고,0,0,3,0,차대차 - 측면직각충돌,불법유턴,건조,맑음,교차로 - 교차로안,화물,남,40세,상해없음,승용,남,20세,경상
2013031500100021,2013년 3월 15일 01시,금요일,충청북도 청주시 흥덕구 미평동,중상사고,0,1,0,0,차대차 - 기타,중앙선침범,건조,맑음,단일로 - 기타,승용,여,42세,상해없음,승용,남,33세,중상
2013031500100052,2013년 3월 15일 04시,금요일,충청북도 음성군 대소면,부상신고사고,0,0,0,1,차대차 - 기타,교차로운행방법위반,건조,맑음,교차로 - 교차로안,특수,남,45세,상해없음,승용,남,55세,상해없음
2013031500100090,2013년 3월 15일 07시,금요일,충청북도 청원군 북이면,중상사고,0,1,0,0,차대차 - 기타,신호위반,건조,맑음,교차로 - 교차로안,승용,남,39세,상해없음,승용,남,30세,중상