사고번호,사고일시,요일,시군구,사고내용,사망자수,중상자수,경상자수,부상신고자수,사고유형,법규위반,노면상태,기상상태,도로형태,가해운전자 차종,가해운전자 성별,가해운전자 연령,가해운전자 상해정도,피해운전자 차종,피해운전자 성별,피해운전자 연령,피해운전자 상해정도
2013031500100091,2013년 3월 15일 07시,금요일,충청북도 청주시 상당구 내덕동,중상사고,0,1,0,0,차대차 - 측면직각충돌,안전운전불이행,건조,맑음,교차로 - 교차로안,승용,남,74세,상해없음,자전거,여,55세,중상
2013031500100133,2013년 3월 15일 08시,금요일,충청북도 청주시 흥덕구 봉명동,중상사고,0,1,0,0,차대사람 - 횡단중,안전운전불이행,건조,맑음,단일로 - 기타,승용,남,57세,상해없음,보행자,여,20세,중상
2013031500100237,2013년 3월 15일 12시,금요일,충청북도 충주시 교현동,경상사고,0,0,1,0,차대차 - 추돌 - 진행중,교차로운행방법위반,건조,맑음,교차로 - 교차로부근,화물,남,64세,상해없음,자전거,여,58세,경상
2013031500100254,2013년 3월 15일 13시,금요일,충청북도 청주시 상당구 용정동,경상사고,0,0,1,0,차대차 - 측면직각충돌,안전운전불이행,건조,맑음,교차로 - 교차로부근,승용,여,49세,상해없음,승용,여,49세,경상
2013031500100294,2013년 3월 15일 14시,금요일,충청북도 충주시 주덕읍,중상사고,0,1,0,0,차대차 - 추돌 - 주정차중,안전운전불이행,건조,맑음,단일로 - 기타,화물,남,36세,상해없음,자전거,남,60세,중상
2013031500100322,2013년 3월 15일 15시,금요일,충청북도 음성군 금왕읍,경상사고,0,0,1,0,차대차 - 기타,기타,건조,맑음,교차로 - 교차로안,원동기,남,58세,경상,승용,여,39세,상해없음
2013031500100323,2013년 3월 15일 15시,금요일,충청북도 청주시 흥덕구 강서동,경상사고,0,0,1,0,차대차 - 기타,안전운전불이행,건조,맑음,단일로 - 기타,화물,남,53세,상해없음,승합,남,42세,상해없음
2013031500100324,2013년 3월 15일 15시,금요일,충청북도 청주시 흥덕구 분평동,중상사고,0,1,2,0,차대차 - 추돌 - 진행중,신호위반,건조,맑음,교차로 - 교차로안,승용,여,42세,상해없음,승합,남,34세,경상
2013031500100360,2013년 3월 15일 16시,금요일,충청북도 충주시 용산동,사망사고,1,0,0,0,차대사람 - 기타,안전운전불이행,건조,맑음,교차로 - 교차로부근,승용,여,38세,상해없음,보행자,남,78세,사망
2013031500100361,2013년 3월 15일 16시,금요일,충청북도 음성군 삼성면,중상사고,0,1,0,0,차대차 - 측면직각충돌,기타,건조,맑음,교차로 - 교차로안,화물,남,48세,상해없음,원동기,남,70세,중상
2013031500100414,2013년 3월 15일 18시,금요일,충청북도 제천시 강제동,경상사고,0,0,1,0,차대차 - 기타,안전운전불이행,건조,맑음,단일로 - 횡단보도상,원동기,남,70세,경상,승용,남,53세,상해없음
2013031500100415,2013년 3월 15일 18시,금요일,충청북도 영동군 심천면,중상사고,0,1,0,0,차대차 - 측면직각충돌,신호위반,건조,맑음,교차로 - 교차로안,화물,남,62세,상해없음,승용,여,43세,중상
2013031500100443,2013년 3월 15일 19시,금요일,충청북도 청주시 흥덕구 사창동,경상사고,0,0,1,0,차대차 - 측면직각충돌,안전운전불이행,건조,맑음,교차로 - 교차로부근,승용,남,61세,상해없음,승용,남,53세,상해없음
2013031500100486,2013년 3월 15일 20시,금요일,충청북도 음성군 대소면,중상사고,0,1,0,0,차대차 - 기타,안전운전불이행,건조,맑음,단일로 - 기타,승용,남,52세,상해없음,자전거,남,52세,중상
2013031500100521,2013년 3월 15일 21시,금요일,충청북도 청주시 흥덕구 분평동,경상사고,0,0,2,0,차대차 - 기타,안전운전불이행,건조,맑음,단일로 - 기타,승용,남,37세,경상,승합,남,59세,경상
2013031500100556,2013년 3월 15일 22시,금요일,충청북도 청주시 흥덕구 복대동,경상사고,0,0,1,0,차대차 - 측면직각충돌,중앙선침범,건조,맑음,교차로 - 교차로부근,승용,남,52세,상해없음,승용,남,48세,경상
2013031500100587,2013년 3월 15일 23시,금요일,충청북도 청주시 흥덕구 봉명동,중상사고,0,1,0,0,차대사람 - 횡단중,안전운전불이행,건조,맑음,단일로 - 기타,기타불명,기타불명,기타불명,기타불명,보행자,남,22세,중상
2013031600100040,2013년 3월 16일 01시,토요일,충청북도 보은군 보은읍,경상사고,0,0,1,0,차대차 - 측면직각충돌,교차로운행방법위반,건조,맑음,교차로 - 교차로안,승합,남,36세,상해없음,승용,남,54세,상해없음
2013031600100058,2013년 3월 16일 02시,토요일,충청북도 청주시 흥덕구 신촌동,중상사고,0,1,1,0,차대차 - 측면직각충돌,교차로운행방법위반,건조,맑음,교차로 - 교차로안,승용,남,47세,중상,특수,남,46세,상해없음
2013031600100059,2013년 3월 16일 02시,토요일,충청북도 청주시 흥덕구 분평동,경상사고,0,0,4,0,차대차 - 기타,안전운전불이행,건조,맑음,단일로 - 기타,승용,남,32세,상해없음,승용,남,58세,경상
2013031600100092,2013년 3월 16일 05시,토요일,충청북도 청주시 흥덕구 강서동,경상사고,0,0,2,0,차대차 - 측면직각충돌,안전운전불이행,건조,맑음,단일로 - 기타,승용,남,25세,기타불명,승용,여,23세,경상
2013031600100105,2013년 3월 16일 06시,토요일,충청북도 제천시 왕암동,경상사고,0,0,1,0,차대차 - 측면직각충돌,신호위반,건조,맑음,교차로 - 교차로안,승용,남,19세,경상,화물,남,39세,상해없음
2013031600100130,2013년 3월 16일 08시,토요일,충청북도 단양군 단양읍,중상사고,0,1,0,0,차대차 - 측면직각충돌,직진우회전진행방해,건조,맑음,교차로 - 교차로안,승용,남,50세,상해없음,승용,남,35세,중상
2013031600100163,2013년 3월 16일 10시,토요일,충청북도 청원군 오창읍,중상사고,0,1,0,0,차대차 - 추돌 - 주정차중,안전운전불이행,건조,맑음,교차로 - 교차로부근,화물,남,53세,상해없음,승용,여,32세,중상
2013031600100164,2013년 3월 16일 10시,토요일,충청북도 청주시 흥덕구 봉명동,사망사고,1,0,1,0,차대사람 - 횡단중,보행자보호의무위반,건조,맑음,교차로 - 교차로안,화물,남,45세,상해없음,보행자,남,35세,경상
2013031600100184,2013년 3월 16일 11시,토요일,충청북도 제천시 청전동,경상사고,0,0,1,0,차량단독 - 기타,안전거리미확보,건조,맑음,교차로 - 교차로부근,승용,남,64세,기타불명,,,,
2013031600100253,2013년 3월 16일 14시,토요일,충청북도 청원군 문의면,경상사고,0,0,3,0,차대차 - 기타,중앙선침범,건조,맑음,단일로 - 기타,승용,남,69세,상해없음,승용,여,59세,경상
2013031600100349,2013년 3월 16일 17시,토요일,충청북도 청주시 상당구 금천동,중상사고,0,1,0,0,차대차 - 측면직각충돌,안전운전불이행,건조,맑음,교차로 - 교차로안,승용,남,28세,상해없음,승용,남,33세,중상
2013031600100386,2013년 3월 16일 18시,토요일,충청북도 청주시 상당구 주중동,경상사고,0,0,1,0,차대차 - 추돌 - 주정차중,안전운전불이행,건조,맑음,교차로 - 교차로부근,화물,남,54세,상해없음,승용,남,36세,경상
2013031600100387,2013년 3월 16일 18시,토요일,충청북도 청주시 상당구 용암동,경상사고,0,0,1,0,차대차 - 기타,안전운전불이행,건조,맑음,기타 - 기타,승용,남,39세,상해없음,승용,남,50세,경상
2013031600100420,2013년 3월 16일 19시,토요일,충청북도 괴산군 소수면,경상사고,0,0,1,0,차대차 - 측면직각충돌,중앙선침범,건조,맑음,단일로 - 기타,화물,남,47세,상해없음,화물,남,47세,경상
2013031600100463,2013년 3월 16일 20시,토요일,충청북도 보은군 삼승면,경상사고,0,0,1,0,차대차 - 정면충돌,중앙선침범,건조,맑음,단일로 - 기타,승합,남,57세,상해없음,화물,여,39세,경상
2013031600100492,2013년 3월 16일 21시,토요일,충청북도 청주시 흥덕구 사창동,중상사고,0,1,5,0,차대차 - 추돌 - 진행중,안전운전불이행,건조,맑음,단일로 - 기타,승용,남,59세,중상,승용,남,52세,상해없음
2013031600100493,2013년 3월 16일 21시,토요일,충청북도 청주시 흥덕구 복대동,경상사고,0,0,2,0,차대차 - 추돌 - 주정차중,안전운전불이행,건조,맑음,교차로 - 교차로부근,승용,남,36세,상해없음,승용,남,28세,경상
2013031600100494,2013년 3월 16일 21시,토요일,충청북도 청주시 상당구 용암동,중상사고,0,1,0,0,차대사람 - 기타,안전운전불이행,건조,맑음,단일로 - 기타,기타불명,기타불명,기타불명,기타불명,보행자,여,24세,중상
2013031600100531,2013년 3월 16일 22시,토요일,충청북도 옥천군 옥천읍,중상사고,0,1,0,0,차량단독 - 기타,안전운전불이행,건조,맑음,단일로 - 기타,승용,남,42세,상해없음,,,,
2013031600100566,2013년 3월 16일 23시,토요일,충청북도 청주시 흥덕구 봉명동,중상사고,0,1,0,0,차대사람 - 길가장자리구역통행중,안전운전불이행,건조,맑음,교차로 - 교차로부근,승용,남,28세,상해없음,보행자,남,16세,중상
2013031600100567,2013년 3월 16일 23시,토요일,충청북도 청주시 흥덕구 사창동,경상사고,0,0,1,0,차대차 - 측면직각충돌,안전운전불이행,건조,맑음,교차로 - 교차로안,기타불명,기타불명,90세 이상,기타불명,승용,여,90세 이상,경상
2013031700100059,2013년 3월 17일 02시,일요일,충청북도 제천시 청전동,경상사고,0,0,1,0,차대차 - 기타,안전운전불이행,건조,맑음,단일로 - 기타,승용,남,33세,상해없음,승용,여,56세,경상
2013031700100112,2013년 3월 17일 06시,일요일,충청북도 청주시 흥덕구 송절동,중상사고,0,1,0,0,차대차 - 추돌 - 주정차중,안전운전불이행,건조,맑음,교차로 - 교차로부근,승용,남,46세,상해없음,승합,남,55세,상해없음
2013031700100193,2013년 3월 17일 12시,일요일,충청북도 충주시 가금면,경상사고,0,0,4,0,차대차 - 기타,중앙선침범,건조,맑음,단일로 - 기타,승용,여,60세,상해없음,승용,남,40세,경상
2013031700100194,2013년 3월 17일 12시,일요일,충청북도 청주시 흥덕구 가경동,중상사고,0,1,0,0,차대사람 - 횡단중,안전운전불이행,건조,맑음,교차로 - 교차로안,승용,여,25세,상해없음,보행자,여,77세,중상
2013031700100241,2013년 3월 17일 14시,일요일,충청북도 청주시 흥덕구 가경동,중상사고,0,1,0,0,차대사람 - 길가장자리구역통행중,신호위반,건조,맑음,단일로 - 기타,기타불명,기타불명,기타불명,기타불명,보행자,남,20세,중상
2013031700100242,2013년 3월 17일 14시,일요일,충청북도 청주시 상당구 명암동,경상사고,0,0,1,0,차량단독 - 공작물충돌,안전운전불이행,건조,맑음,기타 - 기타,승용,남,32세,상해없음,,,,
2013031700100259,2013년 3월 17일 15시,일요일,충청북도 제천시 명지동,중상사고,0,1,0,0,차대차 - 기타,안전운전불이행,건조,맑음,교차로 - 교차로안,승용,남,52세,상해없음,승용,남,48세,중상
2013031700100281,2013년 3월 17일 16시,일요일,충청북도 청주시 상당구 석교동,경상사고,0,0,3,0,차대차 - 기타,안전운전불이행,건조,맑음,단일로 - 교량,승용,여,38세,상해없음,승용,여,57세,경상
2013031700100338,2013년 3월 17일 18시,일요일,충청북도 청주시 흥덕구 사창동,경상사고,0,0,1,0,차대차 - 측면직각충돌,교차로운행방법위반,건조,맑음,교차로 - 교차로안,승용,남,53세,상해없음,자전거,남,12세,경상
2013031700100339,2013년 3월 17일 18시,일요일,충청북도 청주시 흥덕구 비하동,경상사고,0,0,1,0,차대차 - 추돌 - 주정차중,안전운전불이행,건조,맑음,교차로 - 교차로안,승용,남,57세,상해없음,승용,남,37세,경상
2013031700100340,2013년 3월 17일 18시,일요일,충청북도 청원군 남이면,중상사고,0,1,1,0,차대차 - 추돌 - 진행중,안전운전불이행,건조,흐림,교차로 - 교차로안,화물,남,72세,상해없음,승용,남,34세,경상
2013031700100385,2013년 3월 17일 19시,일요일,충청북도 청원군 오창읍,중상사고,0,1,2,0,차대차 - 추돌 - 진행중,중앙선침범,습기,비,단일로 - 기타,승용,여,58세,경상,화물,남,26세,중상
2013031700100386,2013년 3월 17일 19시,일요일,충청북도 음성군 금왕읍,중상사고,0,1,2,0,차대차 - 기타,안전운전불이행,건조,맑음,기타 - 기타,화물,남,46세,상해없음,승용,남,50세,중상
2013031700100442,2013년 3월 17일 20시,일요일,충청북도 충주시 성서동,경상사고,0,0,1,0,차대사람 - 기타,안전운전불이행,건조,맑음,단일로 - 기타,이륜,남,16세,상해없음,보행자,여,25세,경상
2013031700100538,2013년 3월 17일 22시,일요일,충청북도 청주시 흥덕구 운천동,중상사고,0,1,0,0,차대차 - 측면직각충돌,신호위반,습기,비,교차로 - 교차로안,자전거,남,30세,중상,승용,남,44세,상해없음
2013031700100539,2013년 3월 17일 22시,일요일,충청북도 청주시 흥덕구 분평동,경상사고,0,0,3,0,차대차 - 기타,교차로운행방법위반,습기,비,교차로 - 교차로안,승용,남,50세,경상,승용,여,46세,경상
2013031700100577,2013년 3월 17일 23시,일요일,충청북도 청주시 흥덕구 봉명동,중상사고,0,1,0,0,차대사람 - 횡단중,안전운전불이행,건조,맑음,단일로 - 횡단보도상,승용,남,63세,상해없음,보행자,여,51세,중상
2013031800100013,2013년 3월 18일 00시,월요일,충청북도 제천시 중앙로1가,경상사고,0,0,1,0,차대차 - 기타,안전운전불이행,습기,비,교차로 - 교차로부근,승용,남,45세,상해없음,승용,남,57세,경상
2013031800100014,2013년 3월 18일 00시,월요일,충청북도 청주시 상당구 용암동,중상사고,0,2,0,0,차대차 - 기타,신호위반,습기,비,교차로 - 교차로안,승용,남,28세,상해없음,승용,남,52세,중상
2013031800100076,2013년 3월 18일 05시,월요일,충청북도 청원군 옥산면,중상사고,0,1,0,0,차량단독 - 기타,안전운전불이행,습기,비,단일로 - 기타,화물,남,27세,상해없음,,,,
2013031800100088,2013년 3월 18일 06시,월요일,충청북도 진천군 진천읍,경상사고,0,0,2,0,차대차 - 측면직각충돌,교차로운행방법위반,습기,안개,교차로 - 교차로안,승용,남,51세,상해없음,승용,남,57세,경상
2013031800100117,2013년 3월 18일 07시,월요일,충청북도 청주시 상당구 내덕동,경상사고,0,0,1,0,차대차 - 측면직각충돌,안전거리미확보,건조,맑음,단일로 - 기타,승용,남,48세,상해없음,승용,남,43세,경상
2013031800100118,2013년 3월 18일 07시,월요일,충청북도 제천시 왕암동,중상사고,0,1,0,0,차대차 - 기타,직진우회전진행방해,습기,흐림,교차로 - 교차로안,승용,여,27세,상해없음,승용,여,42세,중상
2013031800100175,2013년 3월 18일 09시,월요일,충청북도 청주시 상당구 수동,경상사고,0,0,1,0,차대차 - 기타,교차로운행방법위반,건조,맑음,교차로 - 교차로안,승용,남,53세,상해없음,승용,남,65세,상해없음
2013031800100176,2013년 3월 18일 09시,월요일,충청북도 청주시 흥덕구 사창동,중상사고,0,1,0,0,차대차 - 측면직각충돌,안전운전불이행,건조,맑음,교차로 - 교차로안,승용,여,31세,상해없음,승용,여,27세,중상
2013031800100200,2013년 3월 18일 10시,월요일,충청북도 단양군 단양읍,경상사고,0,0,2,0,차대차 - 기타,안전운전불이행,건조,맑음,단일로 - 기타,화물,남,30세,상해없음,화물,남,54세,경상
2013031800100228,2013년 3월 18일 11시,월요일,충청북도 청주시 흥덕구 가경동,중상사고,0,1,0,0,차대차 - 측면직각충돌,안전운전불이행,건조,맑음,교차로 - 교차로부근,승용,여,47세,상해없음,자전거,남,73세,중상
2013031800100253,2013년 3월 18일 12시,월요일,충청북도 청주시 상당구 사천동,경상사고,0,0,2,0,차대차 - 추돌 - 주정차중,안전운전불이행,건조,흐림,교차로 - 교차로부근,승용,남,43세,상해없음,승용,남,54세,상해없음
2013031800100254,2013년 3월 18일 12시,월요일,충청북도 진천군 진천읍,중상사고,0,1,0,0,차대차 - 기타,신호위반,건조,맑음,교차로 - 교차로안,승용,남,53세,상해없음,원동기,남,71세,중상
2013031800100255,2013년 3월 18일 12시,월요일,충청북도 청주시 흥덕구 수곡동,경상사고,0,0,1,0,차대사람 - 기타,안전운전불이행,건조,맑음,기타 - 기타,승용,남,58세,상해없음,보행자,남,48세,경상
2013031800100315,2013년 3월 18일 14시,월요일,충청북도 청주시 상당구 율량동,중상사고,0,1,0,0,차대차 - 기타,안전거리미확보,건조,맑음,단일로 - 기타,승용,남,40세,상해없음,승용,여,43세,중상
2013031800100347,2013년 3월 18일 15시,월요일,충청북도 청주시 흥덕구 가경동,경상사고,0,0,2,0,차대차 - 측면직각충돌,불법유턴,건조,맑음,단일로 - 횡단보도상,원동기,여,18세,경상,승용,남,70세,상해없음
2013031800100348,2013년 3월 18일 15시,월요일,충청북도 청주시 흥덕구 모충동,경상사고,0,0,1,0,차대차 - 기타,안전운전불이행,건조,맑음,교차로 - 교차로부근,승용,여,42세,상해없음,승용,여,30세,상해없음
2013031800100374,2013년 3월 18일 16시,월요일,충청북도 영동군 학산면,경상사고,0,0,1,0,차대차 - 기타,안전거리미확보,건조,맑음,기타 - 기타,승용,여,56세,상해없음,승용,여,32세,경상
2013031800100375,2013년 3월 18일 16시,월요일,충청북도 옥천군 옥천읍,경상사고,0,0,1,0,차대사람 - 기타,안전운전불이행,건조,맑음,단일로 - 기타,이륜,남,63세,상해없음,보행자,여,66세,경상
2013031800100376,2013년 3월 18일 16시,월요일,충청북도 청주시 흥덕구 사창동,경상사고,0,0,1,0,차대사람 - 길가장자리구역통행중,안전운전불이행,건조,맑음,단일로 - 기타,승용,남,48세,상해없음,보행자,여,19세,경상
2013031800100377,2013년 3월 18일 16시,월요일,충청북도 청주시 흥덕구 사직동,경상사고,0,0,1,0,차대차 - 추돌 - 진행중,기타,건조,맑음,교차로 - 교차로부근,승용,남,45세,상해없음,승용,여,33세,경상
2013031800100418,2013년 3월 18일 17시,월요일,충청북도 음성군 음성읍,경상사고,0,0,3,0,차대차 - 기타,안전운전불이행,건조,맑음,단일로 - 기타,승용,여,62세,상해없음,승용,여,28세,경상
2013031800100419,2013년 3월 18일 17시,월요일,충청북도 청주시 흥덕구 복대동,중상사고,0,1,0,0,차대차 - 측면직각충돌,안전운전불이행,건조,맑음,단일로 - 기타,화물,남,49세,상해없음,원동기,남,87세,중상
2013031800100457,2013년 3월 18일 18시,월요일,충청북도 괴산군 괴산읍,중상사고,0,1,0,0,차대차 - 추돌 - 진행중,안전거리미확보,건조,맑음,교차로 - 교차로안,승용,여,42세,상해없음,원동기,여,46세,중상
2013031800100458,2013년 3월 18일 18시,월요일,충청북도 청주시 흥덕구 신봉동,중상사고,0,1,0,0,차대차 - 추돌 - 주정차중,안전운전불이행,건조,맑음,교차로 - 교차로부근,승용,남,44세,상해없음,승용,여,24세,중상
2013031800100459,2013년 3월 18일 18시,월요일,충청북도 청원군 남이면,부상신고사고,0,0,0,1,차대차 - 기타,안전운전불이행,건조,맑음,교차로 - 교차로부근,이륜,남,42세,부상신고,승용,여,31세,상해없음
2013031800100493,2013년 3월 18일 19시,월요일,충청북도 청주시 흥덕구 분평동,경상사고,0,0,2,0,차대차 - 기타,신호위반,건조,흐림,교차로 - 교차로안,승용,남,24세,상해없음,승용,남,42세,경상
2013031800100527,2013년 3월 18일 20시,월요일,충청북도 청주시 상당구 남주동,경상사고,0,0,2,0,차대차 - 기타,안전운전불이행,건조,맑음,교차로 - 교차로부근,승용,남,38세,상해없음,승용,여,45세,경상
2013031800100528,2013년 3월 18일 20시,월요일,충청북도 청주시 흥덕구 수곡동,경상사고,0,0,1,0,차대차 - 측면직각충돌,안전운전불이행,건조,맑음,단일로 - 기타,기타불명,기타불명,기타불명,기타불명,자전거,남,14세,경상
2013031800100559,2013년 3월 18일 21시,월요일,충청북도 괴산군 괴산읍,경상사고,0,0,2,0,차대차 - 측면직각충돌,안전운전불이행,건조,맑음,교차로 - 교차로안,승용,남,42세,경상,화물,남,23세,경상
2013031800100560,2013년 3월 18일 21시,월요일,충청북도 옥천군 옥천읍,경상사고,0,0,2,0,차대차 - 추돌 - 진행중,안전운전불이행,건조,맑음,교차로 - 교차로부근,승용,남,23세,상해없음,승용,남,33세,경상
2013031800100561,2013년 3월 18일 21시,월요일,충청북도 진천군 진천읍,중상사고,0,1,0,0,차대사람 - 차도통행중,안전운전불이행,건조,맑음,단일로 - 기타,승용,여,19세,상해없음,보행자,남,33세,중상
2013031800100591,2013년 3월 18일 22시,월요일,충청북도 청주시 흥덕구 복대동,경상사고,0,0,3,0,차대차 - 추돌 - 주정차중,안전운전불이행,건조,맑음,단일로 - 기타,승용,남,43세,상해없음,승용,남,19세,경상
2013031800100614,2013년 3월 18일 23시,월요일,충청북도 단양군 매포읍,중상사고,0,1,0,0,차량단독 - 전도전복,안전운전불이행,건조,맑음,단일로 - 기타,원동기,남,38세,중상,,,,
2013031800100615,2013년 3월 18일 23시,월요일,충청북도 청주시 흥덕구 복대동,중상사고,0,1,0,0,차대차 - 측면직각충돌,안전운전불이행,건조,맑음,단일로 - 기타,승용,여,51세,상해없음,원동기,남,50세,중상
2013031900100121,2013년 3월 19일 08시,화요일,충청북도 충주시 칠금동,중상사고,0,1,0,0,차량단독 - 공작물충돌,안전운전불이행,건조,맑음,교차로 - 교차로부근,승용,남,75세,중상,,,,
2013031900100122,2013년 3월 19일 08시,화요일,충청북도 충주시 앙성면,경상사고,0,0,1,0,차대차 - 추돌 - 진행중,안전운전불이행,건조,맑음,단일로 - 기타,승용,남,38세,상해없음,승용,여,46세,경상
2013031900100123,2013년 3월 19일 08시,화요일,충청북도 제천시 신백동,중상사고,0,1,2,0,차대차 - 기타,안전거리미확보,건조,맑음,단일로 - 기타,승용,여,48세,상해없음,승용,남,31세,경상
2013031900100124,2013년 3월 19일 08시,화요일,충청북도 청주시 흥덕구 성화동,경상사고,0,0,2,0,차대차 - 추돌 - 주정차중,안전운전불이행,건조,맑음,단일로 - 기타,승용,여,54세,상해없음,이륜,여,20세,경상
2013031900100125,2013년 3월 19일 08시,화요일,충청북도 청주시 흥덕구 수곡동,중상사고,0,1,2,0,차대차 - 추돌 - 진행중,교차로운행방법위반,건조,맑음,교차로 - 교차로안,승용,남,46세,경상,화물,남,26세,경상
2013031900100194,2013년 3월 19일 11시,화요일,충청북도 충주시 칠금동,중상사고,0,1,0,0,차대차 - 기타,안전운전불이행,건조,맑음,단일로 - 기타,화물,남,65세,상해없음,승용,남,31세,중상
2013031900100245,2013년 3월 19일 13시,화요일,충청북도 진천군 초평면,중상사고,0,2,0,0,차량단독 - 전도전복,안전운전불이행,건조,맑음,단일로 - 기타,승용,남,25세,중상,,,,
2013031900100265,2013년 3월 19일 14시,화요일,충청북도 충주시 봉방동,중상사고,0,1,0,0,차대차 - 추돌 - 진행중,안전운전불이행,건조,맑음,교차로 - 교차로부근,승용,남,69세,상해없음,자전거,남,72세,중상
2013031900100285,2013년 3월 19일 15시,화요일,충청북도 제천시 남천동,중상사고,0,1,1,0,차대차 - 기타,기타,건조,맑음,교차로 - 교차로안,승용,남,25세,상해없음,승용,남,74세,중상
2013031900100335,2013년 3월 19일 17시,화요일,충청북도 단양군 매포읍,경상사고,0,0,2,0,차대차 - 추돌 - 진행중,안전운전불이행,건조,맑음,교차로 - 교차로안,건설기계,남,49세,상해없음,승용,여,38세,경상
2013031900100365,2013년 3월 19일 18시,화요일,충청북도 충주시 목행동,중상사고,0,1,0,0,차대차 - 추돌 - 진행중,안전거리미확보,건조,맑음,단일로 - 기타,화물,남,33세,상해없음,승용,남,24세,중상
2013031900100366,2013년 3월 19일 18시,화요일,충청북도 청주시 흥덕구 봉명동,중상사고,0,1,0,0,차대차 - 측면직각충돌,안전운전불이행,건조,맑음,단일로 - 기타,승용,남,47세,상해없음,이륜,여,30세,중상
2013031900100392,2013년 3월 19일 19시,화요일,충청북도 청주시 상당구 석교동,중상사고,0,1,0,0,차대차 - 측면직각충돌,안전운전불이행,건조,맑음,단일로 - 기타,승용,남,26세,상해없음,원동기,남,35세,중상
2013031900100393,2013년 3월 19일 19시,화요일,충청북도 진천군 진천읍,경상사고,0,0,2,0,차대차 - 측면직각충돌,신호위반,건조,맑음,교차로 - 교차로안,승용,여,60세,상해없음,승용,남,61세,경상
2013031900100428,2013년 3월 19일 20시,화요일,충청북도 청주시 흥덕구 복대동,경상사고,0,0,1,0,차대차 - 측면직각충돌,안전운전불이행,건조,맑음,교차로 - 교차로부근,승용,남,55세,상해없음,승용,남,31세,경상
2013031900100470,2013년 3월 19일 22시,화요일,충청북도 제천시 송학면,경상사고,0,0,1,0,차대차 - 추돌 - 주정차중,안전운전불이행,건조,맑음,단일로 - 기타,승용,남,38세,경상,승용,남,56세,상해없음
2013031900100471,2013년 3월 19일 22시,화요일,충청북도 제천시 신월동,경상사고,0,0,2,0,차대차 - 기타,안전운전불이행,건조,맑음,단일로 - 기타,화물,남,22세,상해없음,승용,남,22세,경상
2013031900100472,2013년 3월 19일 22시,화요일,충청북도 증평군 도안면,경상사고,0,0,1,0,차량단독 - 공작물충돌,안전운전불이행,건조,맑음,교차로 - 교차로부근,화물,남,46세,경상,,,,
2013031900100473,2013년 3월 19일 22시,화요일,충청북도 옥천군 옥천읍,중상사고,0,1,2,0,차대차 - 추돌 - 진행중,안전운전불이행,건조,맑음,교차로 - 교차로부근,승용,남,50세,상해없음,승용,남,43세,중상
2013031900100474,2013년 3월 19일 22시,화요일,충청북도 청주시 흥덕구 가경동,경상사고,0,0,1,0,차대차 - 측면직각충돌,교차로운행방법위반,건조,맑음,교차로 - 교차로안,승용,남,39세,상해없음,승용,남,55세,경상
2013031900100507,2013년 3월 19일 23시,화요일,충청북도 충주시 교현동,경상사고,0,0,2,0,차대차 - 측면직각충돌,신호위반,건조,맑음,교차로 - 교차로안,승용,남,39세,상해없음,이륜,남,16세,경상
2013031900100508,2013년 3월 19일 23시,화요일,충청북도 음성군 금왕읍,경상사고,0,0,2,0,차대차 - 기타,교차로운행방법위반,건조,맑음,교차로 - 교차로안,승용,여,28세,경상,승용,남,31세,상해없음
2013031900100509,2013년 3월 19일 23시,화요일,충청북도 단양군 단양읍,중상사고,0,1,1,0,차대차 - 추돌 - 진행중,안전운전불이행,건조,맑음,단일로 - 기타,화물,남,42세,기타불명,승용,여,52세,경상
2013031900100510,2013년 3월 19일 23시,화요일,충청북도 청주시 흥덕구 복대동,경상사고,0,0,2,0,차대차 - 측면직각충돌,중앙선침범,건조,맑음,단일로 - 기타,승용,남,32세,상해없음,승용,남,46세,경상
2013031900100511,2013년 3월 19일 23시,화요일,충청북도 청주시 흥덕구 분평동,중상사고,0,1,0,0,차대차 - 측면직각충돌,안전운전불이행,건조,맑음,단일로 - 기타,이륜,남,17세,중상,화물,남,27세,상해없음
2013032000100043,2013년 3월 20일 02시,수요일,충청북도 청주시 흥덕구 복대동,중상사고,0,1,0,0,차대사람 - 차도통행중,안전운전불이행,건조,맑음,단일로 - 기타,승용,남,58세,상해없음,보행자,남,23세,중상
2013032000100069,2013년 3월 20일 04시,수요일,충청북도 청주시 흥덕구 외북동,경상사고,0,0,1,0,차량단독 - 공작물충돌,안전운전불이행,건조,맑음,단일로 - 기타,승용,남,30세,경상,,,,
2013032000100070,2013년 3월 20일 04시,수요일,충청북도 청주시 흥덕구 사직동,중상사고,0,1,0,0,차량단독 - 공작물충돌,안전운전불이행,건조,맑음,기타 - 기타,원동기,남,56세,중상,,,,
2013032000100105,2013년 3월 20일 07시,수요일,충청북도 제천시 명동,경상사고,0,0,1,0,차대사람 - 기타,안전운전불이행,습기,비,기타 - 기타,승용,여,43세,상해없음,보행자,여,52세,경상
2013032000100140,2013년 3월 20일 08시,수요일,충청북도 진천군 진천읍,경상사고,0,0,1,0,차대사람 - 기타,안전운전불이행,습기,비,단일로 - 기타,승용,남,40세,상해없음,보행자,여,17세,경상
2013032000100175,2013년 3월 20일 09시,수요일,충청북도 청주시 흥덕구 가경동,경상사고,0,0,2,0,차대차 - 추돌 - 주정차중,안전운전불이행,건조,맑음,교차로 - 교차로부근,승용,남,31세,상해없음,승용,남,31세,경상