사고번호,사고일시,요일,시군구,사고내용,사망자수,중상자수,경상자수,부상신고자수,사고유형,법규위반,노면상태,기상상태,도로형태,가해운전자 차종,가해운전자 성별,가해운전자 연령,가해운전자 상해정도,피해운전자 차종,피해운전자 성별,피해운전자 연령,피해운전자 상해정도
2013040600100433,2013년 4월 6일 16시,토요일,충청북도 청원군 오창읍,경상사고,0,0,1,0,차대차 - 기타,안전운전불이행,습기,비,단일로 - 기타,화물,남,56세,상해없음,승용,남,50세,경상
2013040600100434,2013년 4월 6일 16시,토요일,충청북도 옥천군 이원면,중상사고,0,1,0,0,차대차 - 추돌 - 진행중,안전운전불이행,습기,비,단일로 - 기타,화물,남,52세,상해없음,농기계,남,60세,중상
2013040600100462,2013년 4월 6일 17시,토요일,충청북도 제천시 봉양읍,경상사고,0,0,2,0,차대차 - 측면직각충돌,안전운전불이행,습기,비,기타 - 기타,승용,여,44세,경상,승용,남,54세,상해없음
2013040600100463,2013년 4월 6일 17시,토요일,충청북도 진천군 진천읍,중상사고,0,1,1,0,차대차 - 측면직각충돌,안전운전불이행,습기,비,교차로 - 교차로안,승용,남,55세,상해없음,승용,남,52세,경상
2013040600100464,2013년 4월 6일 17시,토요일,충청북도 청주시 흥덕구 가경동,중상사고,0,2,1,0,차대차 - 추돌 - 주정차중,안전운전불이행,습기,비,교차로 - 교차로부근,승용,남,48세,상해없음,승용,남,38세,경상
2013040600100465,2013년 4월 6일 17시,토요일,충청북도 청주시 흥덕구 가경동,중상사고,0,1,0,0,차대차 - 추돌 - 주정차중,안전운전불이행,건조,맑음,교차로 - 교차로부근,승합,남,50세,기타불명,승용,남,34세,상해없음
2013040600100498,2013년 4월 6일 18시,토요일,충청북도 청주시 상당구 금천동,경상사고,0,0,1,0,차대사람 - 길가장자리구역통행중,안전운전불이행,습기,비,단일로 - 기타,승용,남,41세,상해없음,보행자,남,37세,경상
2013040600100499,2013년 4월 6일 18시,토요일,충청북도 제천시 고암동,중상사고,0,1,3,0,차대차 - 추돌 - 주정차중,안전운전불이행,습기,비,단일로 - 기타,승합,남,61세,상해없음,승용,남,53세,상해없음
2013040600100500,2013년 4월 6일 18시,토요일,충청북도 청원군 문의면,중상사고,0,1,0,0,차대차 - 추돌 - 진행중,안전운전불이행,습기,비,단일로 - 기타,승용,남,23세,상해없음,화물,남,39세,중상
2013040600100540,2013년 4월 6일 19시,토요일,충청북도 제천시 왕암동,경상사고,0,0,1,0,차량단독 - 공작물충돌,안전운전불이행,습기,비,교차로 - 교차로안,화물,남,54세,경상,,,,
2013040600100541,2013년 4월 6일 19시,토요일,충청북도 제천시 남천동,중상사고,0,1,0,0,차대사람 - 기타,보행자보호의무위반,습기,비,교차로 - 교차로안,승용,남,62세,상해없음,보행자,여,68세,중상
2013040600100655,2013년 4월 6일 21시,토요일,충청북도 충주시 용산동,경상사고,0,0,2,0,차대차 - 추돌 - 주정차중,안전운전불이행,습기,비,단일로 - 횡단보도부근,승용,여,53세,기타불명,승용,남,46세,경상
2013040600100656,2013년 4월 6일 21시,토요일,충청북도 음성군 금왕읍,중상사고,0,1,0,0,차대사람 - 길가장자리구역통행중,안전운전불이행,습기,비,단일로 - 기타,승용,여,44세,상해없음,보행자,남,39세,중상
2013040600100704,2013년 4월 6일 22시,토요일,충청북도 충주시 용산동,중상사고,0,2,1,0,차대차 - 측면직각충돌,교차로운행방법위반,건조,맑음,교차로 - 교차로안,승용,남,51세,상해없음,승용,남,60세,중상
2013040600100705,2013년 4월 6일 22시,토요일,충청북도 충주시 연수동,경상사고,0,0,1,0,차대차 - 측면직각충돌,신호위반,습기,비,교차로 - 교차로안,승용,남,31세,상해없음,승용,남,40세,경상
2013040600100706,2013년 4월 6일 22시,토요일,충청북도 청주시 흥덕구 모충동,중상사고,0,2,0,0,차대사람 - 기타,보행자보호의무위반,습기,비,교차로 - 교차로부근,승용,남,55세,상해없음,보행자,남,16세,중상
2013040600100707,2013년 4월 6일 22시,토요일,충청북도 청주시 흥덕구 분평동,경상사고,0,0,2,0,차대차 - 기타,차로위반,건조,맑음,단일로 - 기타,승용,여,46세,상해없음,승용,남,28세,경상
2013040600100755,2013년 4월 6일 23시,토요일,충청북도 청주시 상당구 율량동,중상사고,0,3,0,0,차대차 - 추돌 - 주정차중,안전운전불이행,건조,맑음,교차로 - 교차로부근,승용,남,31세,상해없음,승용,남,27세,중상
2013040600100756,2013년 4월 6일 23시,토요일,충청북도 청주시 흥덕구 모충동,경상사고,0,0,1,0,차대차 - 기타,안전운전불이행,습기,흐림,교차로 - 교차로안,승용,여,43세,상해없음,승용,여,26세,경상
2013040700100018,2013년 4월 7일 00시,일요일,충청북도 단양군 매포읍,중상사고,0,1,0,0,차대차 - 기타,안전거리미확보,습기,비,단일로 - 기타,승용,남,41세,상해없음,화물,남,49세,중상
2013040700100019,2013년 4월 7일 00시,일요일,충청북도 청원군 남일면,경상사고,0,0,1,0,차대차 - 기타,안전운전불이행,습기,흐림,교차로 - 교차로부근,승용,남,52세,상해없음,승용,남,34세,상해없음
2013040700100082,2013년 4월 7일 02시,일요일,충청북도 청주시 상당구 우암동,중상사고,0,1,0,0,차대사람 - 기타,안전운전불이행,건조,맑음,단일로 - 횡단보도부근,승용,남,49세,상해없음,보행자,남,35세,중상
2013040700100169,2013년 4월 7일 09시,일요일,충청북도 청주시 흥덕구 사직동,중상사고,0,1,0,0,차대사람 - 기타,안전운전불이행,건조,맑음,단일로 - 기타,승용,여,54세,상해없음,보행자,남,82세,중상
2013040700100170,2013년 4월 7일 09시,일요일,충청북도 청주시 흥덕구 정봉동,경상사고,0,0,4,0,차대차 - 추돌 - 주정차중,안전운전불이행,건조,맑음,교차로 - 교차로부근,화물,남,50세,상해없음,승용,남,29세,경상
2013040700100186,2013년 4월 7일 10시,일요일,충청북도 청주시 흥덕구 분평동,경상사고,0,0,2,0,차대차 - 기타,교차로운행방법위반,건조,맑음,교차로 - 교차로안,승용,남,67세,경상,승용,여,37세,경상
2013040700100272,2013년 4월 7일 14시,일요일,충청북도 제천시 교동,중상사고,0,1,0,0,차대차 - 기타,불법유턴,건조,맑음,단일로 - 기타,승용,남,44세,상해없음,원동기,남,25세,중상
2013040700100309,2013년 4월 7일 15시,일요일,충청북도 충주시 교현동,중상사고,0,1,0,0,차대차 - 기타,안전운전불이행,건조,맑음,단일로 - 기타,승용,남,32세,상해없음,자전거,남,69세,중상
2013040700100338,2013년 4월 7일 16시,일요일,충청북도 영동군 심천면,중상사고,0,2,3,0,차대차 - 기타,불법유턴,건조,맑음,단일로 - 기타,승용,남,56세,중상,승용,남,31세,경상
2013040700100339,2013년 4월 7일 16시,일요일,충청북도 증평군 증평읍,경상사고,0,0,1,0,차대차 - 기타,안전거리미확보,건조,맑음,단일로 - 기타,승용,여,19세,상해없음,승합,남,44세,상해없음
2013040700100377,2013년 4월 7일 17시,일요일,충청북도 청원군 내수읍,경상사고,0,0,1,0,차량단독 - 공작물충돌,안전운전불이행,건조,맑음,단일로 - 기타,원동기,남,59세,경상,,,,
2013040700100378,2013년 4월 7일 17시,일요일,충청북도 청주시 흥덕구 사창동,중상사고,0,1,0,0,차대사람 - 길가장자리구역통행중,안전운전불이행,건조,맑음,단일로 - 기타,승용,남,61세,상해없음,보행자,남,6세,중상
2013040700100457,2013년 4월 7일 19시,일요일,충청북도 청주시 상당구 용암동,경상사고,0,0,1,2,차대차 - 측면직각충돌,안전운전불이행,건조,맑음,교차로 - 교차로부근,승용,여,46세,경상,승용,남,34세,부상신고
2013040700100491,2013년 4월 7일 20시,일요일,충청북도 청주시 상당구 우암동,중상사고,0,1,0,0,차대사람 - 보도통행중,보행자보호의무위반,건조,맑음,단일로 - 횡단보도상,승합,남,72세,상해없음,보행자,남,52세,중상
2013040700100522,2013년 4월 7일 21시,일요일,충청북도 청주시 상당구 내덕동,중상사고,0,1,2,0,차대사람 - 횡단중,보행자보호의무위반,건조,맑음,교차로 - 교차로부근,원동기,남,68세,상해없음,보행자,남,22세,경상
2013040700100542,2013년 4월 7일 22시,일요일,충청북도 증평군 증평읍,중상사고,0,1,1,0,차대차 - 추돌 - 주정차중,안전운전불이행,건조,맑음,교차로 - 교차로부근,화물,남,47세,경상,승용,여,51세,중상
2013040700100543,2013년 4월 7일 22시,일요일,충청북도 청주시 흥덕구 가경동,중상사고,0,1,0,0,차대사람 - 횡단중,신호위반,건조,맑음,교차로 - 교차로부근,이륜,남,17세,상해없음,보행자,여,21세,중상
2013040700100544,2013년 4월 7일 22시,일요일,충청북도 청원군 남이면,경상사고,0,0,4,0,차대차 - 측면직각충돌,안전운전불이행,건조,맑음,교차로 - 교차로안,승용,남,37세,상해없음,승용,남,30세,경상
2013040800100011,2013년 4월 8일 00시,월요일,충청북도 청주시 상당구 우암동,경상사고,0,0,1,0,차대차 - 기타,안전운전불이행,건조,맑음,교차로 - 교차로부근,승합,남,46세,상해없음,승용,남,30세,경상
2013040800100012,2013년 4월 8일 00시,월요일,충청북도 제천시 청전동,경상사고,0,0,1,0,차대사람 - 기타,안전운전불이행,건조,맑음,교차로 - 교차로부근,승용,남,24세,기타불명,보행자,남,35세,경상
2013040800100051,2013년 4월 8일 05시,월요일,충청북도 증평군 증평읍,사망사고,1,0,1,0,차대차 - 측면직각충돌,신호위반,건조,맑음,교차로 - 교차로안,화물,남,49세,경상,승용,남,74세,사망
2013040800100062,2013년 4월 8일 06시,월요일,충청북도 증평군 증평읍,경상사고,0,0,1,0,차대차 - 추돌 - 진행중,안전운전불이행,건조,맑음,단일로 - 기타,승용,남,41세,상해없음,승용,남,29세,경상
2013040800100085,2013년 4월 8일 07시,월요일,충청북도 청원군 옥산면,경상사고,0,0,1,0,차대차 - 측면직각충돌,기타,건조,맑음,교차로 - 교차로안,승용,남,45세,상해없음,화물,남,43세,경상
2013040800100214,2013년 4월 8일 12시,월요일,충청북도 청주시 흥덕구 수곡동,경상사고,0,0,3,0,차대차 - 기타,안전운전불이행,건조,맑음,교차로 - 교차로안,자전거,남,82세,경상,승용,남,56세,상해없음
2013040800100215,2013년 4월 8일 12시,월요일,충청북도 음성군 대소면,중상사고,0,1,0,0,차대차 - 추돌 - 진행중,안전운전불이행,건조,맑음,단일로 - 기타,화물,남,36세,상해없음,화물,남,27세,중상
2013040800100237,2013년 4월 8일 13시,월요일,충청북도 충주시 칠금동,경상사고,0,0,1,0,차대차 - 추돌 - 진행중,안전거리미확보,건조,맑음,단일로 - 기타,화물,남,32세,상해없음,화물,남,71세,경상
2013040800100238,2013년 4월 8일 13시,월요일,충청북도 제천시 화산동,경상사고,0,0,1,0,차대사람 - 기타,안전운전불이행,건조,맑음,교차로 - 교차로부근,승용,여,34세,상해없음,보행자,여,37세,경상
2013040800100239,2013년 4월 8일 13시,월요일,충청북도 제천시 영천동,부상신고사고,0,0,0,1,차대차 - 기타,신호위반,건조,맑음,교차로 - 교차로안,원동기,남,71세,부상신고,승용,남,52세,상해없음
2013040800100288,2013년 4월 8일 15시,월요일,충청북도 옥천군 이원면,중상사고,0,1,0,0,차대차 - 측면직각충돌,안전운전불이행,건조,맑음,교차로 - 교차로안,이륜,남,56세,중상,승용,여,35세,상해없음
2013040800100382,2013년 4월 8일 18시,월요일,충청북도 청주시 상당구 대성동,중상사고,0,1,0,0,차대차 - 측면직각충돌,안전운전불이행,건조,맑음,단일로 - 기타,승용,남,34세,상해없음,이륜,남,45세,중상
2013040800100383,2013년 4월 8일 18시,월요일,충청북도 청주시 상당구 서운동,경상사고,0,0,1,0,차량단독 - 기타,안전운전불이행,건조,맑음,단일로 - 기타,승합,남,48세,기타불명,,,,
2013040800100384,2013년 4월 8일 18시,월요일,충청북도 음성군 원남면,경상사고,0,0,2,1,차대차 - 기타,교차로운행방법위반,건조,맑음,교차로 - 교차로안,화물,남,50세,경상,승용,여,40세,경상
2013040800100417,2013년 4월 8일 19시,월요일,충청북도 청주시 상당구 용암동,중상사고,0,1,1,0,차대차 - 추돌 - 주정차중,안전운전불이행,건조,맑음,교차로 - 교차로부근,승용,여,45세,상해없음,승합,남,45세,중상
2013040800100515,2013년 4월 8일 22시,월요일,충청북도 청주시 흥덕구 향정동,경상사고,0,0,1,0,차대차 - 측면직각충돌,안전거리미확보,건조,맑음,교차로 - 교차로안,승용,남,44세,상해없음,승용,여,37세,경상
2013040800100552,2013년 4월 8일 23시,월요일,충청북도 청원군 오송읍,중상사고,0,1,0,0,차대차 - 측면직각충돌,신호위반,건조,맑음,교차로 - 교차로안,승용,남,49세,상해없음,승용,남,41세,중상
2013040900100010,2013년 4월 9일 00시,화요일,충청북도 충주시 연수동,경상사고,0,0,1,0,차대차 - 기타,안전운전불이행,습기,비,교차로 - 교차로부근,승용,남,24세,상해없음,원동기,남,18세,경상
2013040900100049,2013년 4월 9일 02시,화요일,충청북도 청주시 흥덕구 분평동,경상사고,0,0,1,0,차대차 - 기타,신호위반,건조,맑음,교차로 - 교차로안,승합,남,54세,기타불명,승용,남,42세,경상
2013040900100060,2013년 4월 9일 03시,화요일,충청북도 청주시 흥덕구 모충동,경상사고,0,0,3,0,차대차 - 기타,교차로운행방법위반,습기,비,교차로 - 교차로안,승용,남,48세,경상,이륜,남,17세,경상
2013040900100077,2013년 4월 9일 05시,화요일,충청북도 충주시 안림동,중상사고,0,1,0,1,차대차 - 기타,안전운전불이행,건조,맑음,교차로 - 교차로안,승용,남,57세,부상신고,승용,남,27세,중상
2013040900100090,2013년 4월 9일 06시,화요일,충청북도 음성군 맹동면,경상사고,0,0,1,0,차대차 - 기타,교차로운행방법위반,건조,맑음,교차로 - 교차로안,이륜,남,68세,경상,승용,여,38세,상해없음
2013040900100110,2013년 4월 9일 07시,화요일,충청북도 청주시 흥덕구 복대동,경상사고,0,0,1,0,차대차 - 추돌 - 진행중,차로위반,건조,맑음,단일로 - 기타,승용,남,52세,기타불명,승용,남,33세,경상
2013040900100136,2013년 4월 9일 08시,화요일,충청북도 청원군 내수읍,사망사고,1,0,0,0,차량단독 - 전도전복,안전운전불이행,건조,맑음,단일로 - 기타,화물,남,63세,사망,,,,
2013040900100137,2013년 4월 9일 08시,화요일,충청북도 청주시 흥덕구 수곡동,중상사고,0,1,0,0,차대차 - 측면직각충돌,안전운전불이행,건조,맑음,교차로 - 교차로부근,승용,남,36세,상해없음,이륜,여,57세,중상
2013040900100171,2013년 4월 9일 09시,화요일,충청북도 음성군 금왕읍,중상사고,0,2,0,0,차대차 - 기타,교차로운행방법위반,건조,맑음,교차로 - 교차로안,승용,남,64세,중상,특수,남,43세,상해없음
2013040900100205,2013년 4월 9일 10시,화요일,충청북도 청주시 상당구 용암동,경상사고,0,0,1,0,차대차 - 기타,안전운전불이행,건조,맑음,교차로 - 교차로안,승용,남,54세,상해없음,승용,남,33세,경상
2013040900100301,2013년 4월 9일 14시,화요일,충청북도 청주시 상당구 석교동,경상사고,0,0,1,0,차대차 - 추돌 - 주정차중,안전운전불이행,건조,맑음,교차로 - 교차로부근,승용,남,62세,상해없음,승용,남,30세,경상
2013040900100302,2013년 4월 9일 14시,화요일,충청북도 충주시 호암동,중상사고,0,1,0,0,차대차 - 추돌 - 진행중,신호위반,건조,맑음,교차로 - 교차로안,화물,여,59세,상해없음,승용,여,23세,중상
2013040900100303,2013년 4월 9일 14시,화요일,충청북도 청주시 흥덕구 송절동,경상사고,0,0,2,0,차대차 - 측면직각충돌,안전운전불이행,건조,맑음,단일로 - 기타,승용,여,45세,상해없음,승용,여,27세,경상
2013040900100324,2013년 4월 9일 15시,화요일,충청북도 청주시 흥덕구 사창동,경상사고,0,0,1,0,차대차 - 측면직각충돌,안전운전불이행,건조,맑음,교차로 - 교차로안,승용,남,29세,상해없음,이륜,남,23세,경상
2013040900100351,2013년 4월 9일 16시,화요일,충청북도 충주시 봉방동,부상신고사고,0,0,0,1,차대차 - 기타,안전운전불이행,건조,맑음,단일로 - 기타,기타불명,기타불명,기타불명,기타불명,자전거,여,10세,부상신고
2013040900100352,2013년 4월 9일 16시,화요일,충청북도 영동군 매곡면,중상사고,0,1,0,0,차대사람 - 기타,안전운전불이행,건조,맑음,단일로 - 기타,승용,여,43세,상해없음,보행자,남,68세,중상
2013040900100380,2013년 4월 9일 17시,화요일,충청북도 충주시 교현동,중상사고,0,1,3,0,차대차 - 추돌 - 진행중,직진우회전진행방해,건조,맑음,교차로 - 교차로안,화물,남,46세,상해없음,승용,여,31세,경상
2013040900100381,2013년 4월 9일 17시,화요일,충청북도 청주시 흥덕구 수곡동,경상사고,0,0,5,0,차대차 - 추돌 - 진행중,안전운전불이행,건조,맑음,교차로 - 교차로부근,화물,남,49세,상해없음,승용,남,55세,경상
2013040900100449,2013년 4월 9일 19시,화요일,충청북도 청주시 상당구 용암동,경상사고,0,0,1,0,차대차 - 측면직각충돌,신호위반,건조,맑음,교차로 - 교차로안,기타불명,기타불명,기타불명,기타불명,원동기,남,43세,경상
2013040900100505,2013년 4월 9일 21시,화요일,충청북도 청주시 상당구 북문로3가동,경상사고,0,0,1,0,차대차 - 측면직각충돌,신호위반,건조,맑음,단일로 - 횡단보도부근,이륜,남,17세,경상,승용,남,20세,상해없음
2013041000100031,2013년 4월 10일 01시,수요일,충청북도 청원군 오창읍,경상사고,0,0,1,0,차대차 - 기타,중앙선침범,건조,맑음,단일로 - 기타,기타불명,기타불명,기타불명,기타불명,승용,남,45세,경상
2013041000100057,2013년 4월 10일 05시,수요일,충청북도 제천시 신월동,중상사고,0,1,2,0,차량단독 - 공작물충돌,안전운전불이행,건조,맑음,단일로 - 기타,승용,남,26세,상해없음,,,,
2013041000100124,2013년 4월 10일 08시,수요일,충청북도 청주시 상당구 금천동,중상사고,0,1,1,0,차대사람 - 횡단중,신호위반,건조,맑음,교차로 - 교차로안,승합,여,42세,상해없음,보행자,여,14세,중상
2013041000100125,2013년 4월 10일 08시,수요일,충청북도 청주시 흥덕구 사직동,경상사고,0,0,2,0,차대차 - 측면직각충돌,안전운전불이행,건조,맑음,교차로 - 교차로부근,승용,여,32세,상해없음,승용,남,38세,경상
2013041000100269,2013년 4월 10일 13시,수요일,충청북도 청원군 문의면,경상사고,0,0,2,0,차대차 - 추돌 - 진행중,안전운전불이행,건조,맑음,단일로 - 기타,승용,남,51세,상해없음,승용,남,39세,경상
2013041000100288,2013년 4월 10일 14시,수요일,충청북도 충주시 교현동,중상사고,0,1,0,1,차대차 - 추돌 - 진행중,안전운전불이행,건조,맑음,단일로 - 기타,승용,여,50세,부상신고,승용,남,50세,중상
2013041000100289,2013년 4월 10일 14시,수요일,충청북도 제천시 송학면,중상사고,0,1,0,0,차대차 - 기타,안전거리미확보,건조,맑음,단일로 - 기타,화물,남,45세,상해없음,승용,남,27세,중상
2013041000100290,2013년 4월 10일 14시,수요일,충청북도 진천군 백곡면,경상사고,0,0,1,0,차대차 - 측면직각충돌,신호위반,건조,맑음,교차로 - 교차로안,승용,남,40세,상해없음,이륜,남,76세,경상
2013041000100291,2013년 4월 10일 14시,수요일,충청북도 청주시 흥덕구 가경동,경상사고,0,0,1,0,차대사람 - 기타,보행자보호의무위반,건조,맑음,교차로 - 교차로부근,승용,여,39세,상해없음,보행자,남,8세,경상
2013041000100318,2013년 4월 10일 15시,수요일,충청북도 청주시 상당구 내덕동,중상사고,0,1,0,0,차대사람 - 횡단중,안전운전불이행,건조,맑음,단일로 - 기타,화물,남,45세,상해없음,보행자,여,68세,중상
2013041000100319,2013년 4월 10일 15시,수요일,충청북도 진천군 초평면,중상사고,0,1,1,0,차대차 - 측면직각충돌,신호위반,건조,맑음,교차로 - 교차로안,화물,남,54세,상해없음,승용,남,63세,경상
2013041000100320,2013년 4월 10일 15시,수요일,충청북도 청주시 흥덕구 가경동,중상사고,0,1,0,0,차대사람 - 횡단중,보행자보호의무위반,건조,맑음,교차로 - 교차로부근,화물,남,31세,상해없음,보행자,여,14세,중상
2013041000100344,2013년 4월 10일 16시,수요일,충청북도 충주시 교현동,중상사고,0,1,0,0,차대차 - 측면직각충돌,안전운전불이행,건조,맑음,교차로 - 교차로안,승용,남,47세,상해없음,자전거,남,13세,중상
2013041000100377,2013년 4월 10일 17시,수요일,충청북도 충주시 가금면,경상사고,0,0,2,0,차대차 - 측면직각충돌,안전거리미확보,건조,맑음,단일로 - 기타,화물,남,54세,상해없음,특수,남,32세,경상
2013041000100417,2013년 4월 10일 18시,수요일,충청북도 충주시 연수동,경상사고,0,0,1,0,차대사람 - 기타,안전운전불이행,건조,맑음,단일로 - 기타,원동기,남,67세,상해없음,보행자,여,2세,경상
2013041000100418,2013년 4월 10일 18시,수요일,충청북도 청주시 흥덕구 사창동,경상사고,0,0,3,0,차대차 - 측면직각충돌,안전운전불이행,건조,맑음,단일로 - 기타,승용,여,31세,경상,승용,남,44세,상해없음
2013041000100419,2013년 4월 10일 18시,수요일,충청북도 청주시 흥덕구 수곡동,중상사고,0,1,1,0,차대차 - 기타,교차로운행방법위반,건조,맑음,교차로 - 교차로안,승용,여,41세,중상,화물,남,72세,경상
2013041000100453,2013년 4월 10일 19시,수요일,충청북도 단양군 단양읍,중상사고,0,1,3,0,차대차 - 측면직각충돌,직진우회전진행방해,건조,맑음,교차로 - 교차로안,승용,남,55세,상해없음,승용,남,47세,경상
2013041000100487,2013년 4월 10일 20시,수요일,충청북도 청주시 흥덕구 사직동,경상사고,0,0,3,0,차대차 - 추돌 - 진행중,안전운전불이행,건조,맑음,단일로 - 기타,승용,여,43세,상해없음,승용,남,24세,경상
2013041000100523,2013년 4월 10일 21시,수요일,충청북도 청원군 현도면,경상사고,0,0,1,0,차대차 - 기타,안전운전불이행,건조,맑음,단일로 - 기타,화물,남,42세,상해없음,승용,남,38세,경상
2013041000100549,2013년 4월 10일 22시,수요일,충청북도 충주시 연수동,중상사고,0,2,0,1,차대차 - 추돌 - 주정차중,안전운전불이행,건조,맑음,단일로 - 기타,승용,남,46세,부상신고,승용,남,30세,중상
2013041000100550,2013년 4월 10일 22시,수요일,충청북도 청주시 상당구 용암동,경상사고,0,0,1,0,차대차 - 기타,안전운전불이행,건조,흐림,단일로 - 기타,승용,남,32세,상해없음,승용,남,52세,상해없음
2013041000100579,2013년 4월 10일 23시,수요일,충청북도 청주시 흥덕구 복대동,경상사고,0,0,2,0,차대차 - 측면직각충돌,안전운전불이행,건조,맑음,교차로 - 교차로부근,승용,남,27세,상해없음,승용,여,45세,경상
2013041000100580,2013년 4월 10일 23시,수요일,충청북도 청주시 흥덕구 수곡동,사망사고,1,0,0,0,차대사람 - 횡단중,보행자보호의무위반,건조,맑음,교차로 - 교차로안,승용,남,32세,상해없음,보행자,여,61세,사망
2013041100100014,2013년 4월 11일 00시,목요일,충청북도 제천시 청전동,중상사고,0,2,2,0,차량단독 - 공작물충돌,안전운전불이행,건조,맑음,단일로 - 기타,승용,남,23세,중상,,,,
2013041100100032,2013년 4월 11일 01시,목요일,충청북도 청주시 흥덕구 복대동,경상사고,0,0,3,0,차대차 - 측면직각충돌,신호위반,건조,맑음,교차로 - 교차로안,승용,남,30세,상해없음,승용,남,35세,경상
2013041100100088,2013년 4월 11일 06시,목요일,충청북도 충주시 봉방동,경상사고,0,0,1,1,차대차 - 추돌 - 주정차중,신호위반,건조,맑음,교차로 - 교차로안,승용,남,23세,부상신고,화물,남,56세,경상
2013041100100139,2013년 4월 11일 08시,목요일,충청북도 제천시 하소동,경상사고,0,0,2,0,차대차 - 측면직각충돌,교차로운행방법위반,건조,맑음,교차로 - 교차로안,승용,여,28세,상해없음,승용,남,44세,경상
2013041100100207,2013년 4월 11일 11시,목요일,충청북도 청원군 강내면,중상사고,0,1,2,0,차대차 - 추돌 - 진행중,안전운전불이행,건조,맑음,단일로 - 기타,화물,남,25세,상해없음,승용,남,54세,경상
2013041100100236,2013년 4월 11일 12시,목요일,충청북도 영동군 영동읍,중상사고,0,1,1,0,차대차 - 측면직각충돌,안전거리미확보,건조,맑음,단일로 - 교량,화물,남,68세,경상,승용,남,29세,중상
2013041100100237,2013년 4월 11일 12시,목요일,충청북도 청주시 흥덕구 수곡동,경상사고,0,0,1,0,차대사람 - 기타,신호위반,건조,맑음,교차로 - 교차로안,승용,남,49세,상해없음,보행자,여,71세,경상
2013041100100269,2013년 4월 11일 13시,목요일,충청북도 청주시 상당구 금천동,중상사고,0,1,0,0,차대사람 - 횡단중,보행자보호의무위반,건조,맑음,단일로 - 기타,승용,여,42세,상해없음,보행자,여,63세,중상
2013041100100295,2013년 4월 11일 14시,목요일,충청북도 청주시 흥덕구 모충동,부상신고사고,0,0,0,1,차대사람 - 기타,기타,건조,맑음,교차로 - 교차로부근,승합,남,64세,상해없음,보행자,남,23세,부상신고
2013041100100318,2013년 4월 11일 15시,목요일,충청북도 충주시 가금면,중상사고,0,1,0,0,차대차 - 추돌 - 진행중,중앙선침범,건조,맑음,단일로 - 기타,승용,여,21세,상해없음,승용,남,72세,중상
2013041100100343,2013년 4월 11일 16시,목요일,충청북도 보은군 보은읍,경상사고,0,0,2,0,차대차 - 측면직각충돌,안전운전불이행,건조,맑음,기타 - 기타,승용,여,43세,상해없음,승용,여,31세,경상
2013041100100404,2013년 4월 11일 18시,목요일,충청북도 청주시 상당구 내덕동,경상사고,0,0,1,0,차대차 - 측면직각충돌,중앙선침범,건조,맑음,단일로 - 기타,승용,남,32세,상해없음,승합,남,55세,경상
2013041100100405,2013년 4월 11일 18시,목요일,충청북도 충주시 교현동,중상사고,0,1,0,0,차대차 - 추돌 - 진행중,기타,건조,맑음,단일로 - 기타,화물,남,34세,기타불명,원동기,남,17세,중상
2013041100100406,2013년 4월 11일 18시,목요일,충청북도 보은군 보은읍,중상사고,0,1,0,0,차대차 - 측면직각충돌,교차로운행방법위반,건조,맑음,교차로 - 교차로안,승용,남,51세,상해없음,원동기,남,68세,중상
2013041100100407,2013년 4월 11일 18시,목요일,충청북도 청주시 흥덕구 수곡동,중상사고,0,1,0,0,차대사람 - 기타,안전운전불이행,건조,맑음,단일로 - 횡단보도부근,승합,남,66세,상해없음,보행자,남,14세,중상
2013041100100441,2013년 4월 11일 19시,목요일,충청북도 제천시 장락동,중상사고,0,1,0,0,차대차 - 기타,안전운전불이행,건조,맑음,단일로 - 기타,승용,남,54세,상해없음,원동기,남,38세,중상
2013041100100442,2013년 4월 11일 19시,목요일,충청북도 청주시 상당구 용암동,경상사고,0,0,1,0,차대차 - 기타,안전운전불이행,건조,맑음,단일로 - 기타,화물,남,51세,상해없음,승용,남,52세,경상
2013041100100544,2013년 4월 11일 22시,목요일,충청북도 충주시 용산동,경상사고,0,0,1,0,차대차 - 측면직각충돌,직진우회전진행방해,건조,맑음,교차로 - 교차로안,승용,남,38세,상해없음,승용,남,46세,경상
2013041100100586,2013년 4월 11일 23시,목요일,충청북도 청주시 흥덕구 모충동,경상사고,0,0,3,0,차대차 - 측면직각충돌,신호위반,건조,맑음,교차로 - 교차로안,승용,여,46세,상해없음,승용,남,52세,경상
2013041200100097,2013년 4월 12일 06시,금요일,충청북도 증평군 증평읍,중상사고,0,1,0,0,차대차 - 측면직각충돌,신호위반,건조,맑음,교차로 - 교차로안,승용,남,47세,상해없음,화물,남,54세,상해없음
2013041200100118,2013년 4월 12일 07시,금요일,충청북도 충주시 호암동,경상사고,0,0,1,0,차대사람 - 기타,안전운전불이행,건조,맑음,단일로 - 기타,화물,여,44세,상해없음,보행자,남,36세,경상
2013041200100119,2013년 4월 12일 07시,금요일,충청북도 청주시 흥덕구 복대동,경상사고,0,0,2,0,차대차 - 측면직각충돌,안전운전불이행,건조,맑음,교차로 - 교차로안,승용,여,39세,상해없음,승용,남,38세,경상