사고번호,사고일시,요일,시군구,사고내용,사망자수,중상자수,경상자수,부상신고자수,사고유형,법규위반,노면상태,기상상태,도로형태,가해운전자 차종,가해운전자 성별,가해운전자 연령,가해운전자 상해정도,피해운전자 차종,피해운전자 성별,피해운전자 연령,피해운전자 상해정도
2013041200100213,2013년 4월 12일 10시,금요일,충청북도 진천군 광혜원면,중상사고,0,1,1,0,차대차 - 측면직각충돌,안전운전불이행,건조,맑음,단일로 - 기타,화물,남,50세,상해없음,화물,남,61세,경상
2013041200100214,2013년 4월 12일 10시,금요일,충청북도 청원군 옥산면,경상사고,0,0,1,0,차대차 - 측면직각충돌,안전거리미확보,건조,맑음,단일로 - 기타,원동기,남,80세,경상,화물,남,43세,상해없음
2013041200100237,2013년 4월 12일 11시,금요일,충청북도 청원군 오창읍,경상사고,0,0,1,0,차대차 - 추돌 - 주정차중,안전운전불이행,건조,맑음,단일로 - 기타,화물,남,53세,상해없음,승용,여,36세,경상
2013041200100238,2013년 4월 12일 11시,금요일,충청북도 청원군 오송읍,경상사고,0,0,1,0,차대차 - 측면직각충돌,안전거리미확보,건조,맑음,단일로 - 기타,화물,남,67세,상해없음,승용,남,76세,경상
2013041200100317,2013년 4월 12일 14시,금요일,충청북도 충주시 성서동,부상신고사고,0,0,0,1,차대사람 - 기타,보행자보호의무위반,건조,맑음,단일로 - 기타,기타불명,기타불명,기타불명,기타불명,보행자,여,19세,부상신고
2013041200100348,2013년 4월 12일 15시,금요일,충청북도 음성군 대소면,경상사고,0,0,1,0,차대차 - 기타,교차로운행방법위반,건조,맑음,교차로 - 교차로안,이륜,남,77세,경상,승용,남,56세,상해없음
2013041200100381,2013년 4월 12일 16시,금요일,충청북도 청원군 낭성면,중상사고,0,1,0,0,차대차 - 기타,안전운전불이행,건조,맑음,교차로 - 교차로부근,승용,여,36세,상해없음,화물,남,51세,중상
2013041200100416,2013년 4월 12일 17시,금요일,충청북도 청주시 흥덕구 사직동,경상사고,0,0,2,0,차대차 - 측면직각충돌,교차로운행방법위반,건조,맑음,교차로 - 교차로안,승용,남,44세,상해없음,승용,남,52세,경상
2013041200100462,2013년 4월 12일 18시,금요일,충청북도 청주시 흥덕구 사직동,중상사고,0,1,3,0,차대차 - 측면직각충돌,안전운전불이행,건조,맑음,교차로 - 교차로안,승용,남,35세,상해없음,승합,남,32세,경상
2013041200100463,2013년 4월 12일 18시,금요일,충청북도 청주시 흥덕구 수곡동,중상사고,0,1,0,0,차대차 - 기타,안전운전불이행,건조,맑음,교차로 - 교차로안,승용,여,23세,상해없음,이륜,남,16세,중상
2013041200100547,2013년 4월 12일 20시,금요일,충청북도 제천시 남천동,경상사고,0,0,1,0,차대차 - 측면직각충돌,직진우회전진행방해,건조,맑음,교차로 - 교차로안,승용,남,71세,상해없음,원동기,남,51세,경상
2013041200100587,2013년 4월 12일 21시,금요일,충청북도 충주시 교현동,중상사고,0,2,0,0,차대차 - 추돌 - 진행중,신호위반,건조,맑음,교차로 - 교차로안,승용,남,58세,상해없음,승용,남,32세,중상
2013041200100588,2013년 4월 12일 21시,금요일,충청북도 청주시 상당구 용암동,경상사고,0,0,2,0,차대차 - 추돌 - 진행중,안전운전불이행,건조,맑음,단일로 - 기타,승용,남,29세,상해없음,승합,남,50세,상해없음
2013041300100042,2013년 4월 13일 02시,토요일,충청북도 청주시 상당구 내덕동,중상사고,0,2,0,0,차대차 - 측면직각충돌,신호위반,건조,맑음,교차로 - 교차로안,승용,남,53세,상해없음,승용,남,43세,중상
2013041300100106,2013년 4월 13일 07시,토요일,충청북도 충주시 연수동,중상사고,0,1,0,0,차대차 - 기타,신호위반,건조,맑음,교차로 - 교차로안,승용,남,23세,상해없음,원동기,남,79세,중상
2013041300100155,2013년 4월 13일 09시,토요일,충청북도 충주시 금릉동,경상사고,0,0,1,0,차량단독 - 공작물충돌,안전운전불이행,건조,맑음,단일로 - 기타,승용,여,44세,기타불명,,,,
2013041300100156,2013년 4월 13일 09시,토요일,충청북도 청주시 상당구 용암동,중상사고,0,1,0,0,차대사람 - 횡단중,보행자보호의무위반,건조,흐림,교차로 - 교차로안,승용,남,54세,상해없음,보행자,여,14세,중상
2013041300100157,2013년 4월 13일 09시,토요일,충청북도 청주시 흥덕구 수곡동,경상사고,0,0,1,0,차대사람 - 기타,안전운전불이행,건조,맑음,교차로 - 교차로안,이륜,남,61세,상해없음,보행자,여,23세,경상
2013041300100182,2013년 4월 13일 10시,토요일,충청북도 청주시 상당구 금천동,경상사고,0,0,4,0,차대차 - 측면직각충돌,신호위반,건조,맑음,교차로 - 교차로안,승용,여,40세,상해없음,화물,남,59세,경상
2013041300100183,2013년 4월 13일 10시,토요일,충청북도 보은군 보은읍,중상사고,0,2,1,0,차대차 - 측면직각충돌,교차로운행방법위반,건조,맑음,교차로 - 교차로안,승용,남,73세,상해없음,승용,남,73세,상해없음
2013041300100246,2013년 4월 13일 12시,토요일,충청북도 청원군 오창읍,중상사고,0,2,2,0,차대차 - 추돌 - 진행중,안전거리미확보,건조,맑음,단일로 - 기타,승용,남,22세,상해없음,승용,남,42세,중상
2013041300100280,2013년 4월 13일 13시,토요일,충청북도 충주시 교현동,중상사고,0,1,0,0,차대차 - 기타,신호위반,건조,맑음,단일로 - 기타,승용,여,55세,상해없음,원동기,남,63세,중상
2013041300100281,2013년 4월 13일 13시,토요일,충청북도 제천시 수산면,경상사고,0,0,2,0,차대차 - 기타,안전운전불이행,건조,맑음,교차로 - 교차로안,승용,남,61세,상해없음,화물,남,48세,경상
2013041300100282,2013년 4월 13일 13시,토요일,충청북도 진천군 문백면,중상사고,0,1,0,0,차대사람 - 길가장자리구역통행중,안전운전불이행,건조,맑음,단일로 - 기타,승용,남,31세,상해없음,보행자,남,61세,중상
2013041300100283,2013년 4월 13일 13시,토요일,충청북도 청주시 흥덕구 산남동,경상사고,0,0,1,0,차대차 - 기타,안전운전불이행,건조,맑음,교차로 - 교차로부근,이륜,남,17세,경상,승용,남,49세,상해없음
2013041300100325,2013년 4월 13일 14시,토요일,충청북도 청주시 상당구 율량동,중상사고,0,1,0,0,차대사람 - 횡단중,안전운전불이행,건조,맑음,단일로 - 기타,건설기계,남,38세,상해없음,보행자,남,70세,중상
2013041300100326,2013년 4월 13일 14시,토요일,충청북도 진천군 이월면,경상사고,0,0,1,0,차대차 - 측면직각충돌,교차로운행방법위반,건조,맑음,교차로 - 교차로안,건설기계,남,38세,상해없음,이륜,남,75세,경상
2013041300100445,2013년 4월 13일 17시,토요일,충청북도 제천시 신월동,중상사고,0,1,0,0,차량단독 - 기타,안전운전불이행,건조,맑음,단일로 - 기타,승용,남,41세,상해없음,,,,
2013041300100474,2013년 4월 13일 18시,토요일,충청북도 충주시 안림동,중상사고,0,2,5,0,차대차 - 기타,안전운전불이행,건조,맑음,단일로 - 기타,승용,남,29세,상해없음,승용,여,46세,중상
2013041300100475,2013년 4월 13일 18시,토요일,충청북도 괴산군 문광면,중상사고,0,1,0,0,차량단독 - 공작물충돌,중앙선침범,건조,맑음,단일로 - 기타,화물,남,41세,중상,,,,
2013041300100476,2013년 4월 13일 18시,토요일,충청북도 청주시 흥덕구 모충동,경상사고,0,0,1,0,차대사람 - 기타,안전운전불이행,건조,맑음,단일로 - 기타,승용,여,36세,기타불명,보행자,남,65세,경상
2013041300100552,2013년 4월 13일 20시,토요일,충청북도 충주시 앙성면,경상사고,0,0,1,0,차대차 - 기타,직진우회전진행방해,건조,맑음,교차로 - 교차로안,승용,남,60세,상해없음,승합,남,41세,상해없음
2013041300100553,2013년 4월 13일 20시,토요일,충청북도 음성군 음성읍,중상사고,0,1,1,0,차대차 - 기타,교차로운행방법위반,건조,맑음,교차로 - 교차로안,승용,여,52세,경상,승용,남,40세,중상
2013041300100554,2013년 4월 13일 20시,토요일,충청북도 청원군 오송읍,경상사고,0,0,1,0,차대차 - 추돌 - 진행중,안전거리미확보,건조,맑음,단일로 - 기타,승용,남,59세,상해없음,승용,남,59세,경상
2013041300100617,2013년 4월 13일 22시,토요일,충청북도 충주시 연수동,경상사고,0,0,1,0,차대사람 - 기타,안전운전불이행,건조,맑음,단일로 - 기타,승용,여,56세,상해없음,보행자,여,47세,경상
2013041300100618,2013년 4월 13일 22시,토요일,충청북도 제천시 영천동,경상사고,0,0,2,0,차대차 - 측면직각충돌,안전운전불이행,건조,맑음,단일로 - 기타,승합,남,53세,상해없음,승용,여,39세,경상
2013041400100024,2013년 4월 14일 01시,일요일,충청북도 청주시 상당구 우암동,경상사고,0,0,1,0,차량단독 - 공작물충돌,안전운전불이행,습기,비,단일로 - 기타,승용,남,19세,상해없음,,,,
2013041400100025,2013년 4월 14일 01시,일요일,충청북도 청주시 흥덕구 수곡동,경상사고,0,0,1,0,차대차 - 기타,안전운전불이행,건조,맑음,교차로 - 교차로안,이륜,남,59세,상해없음,승용,남,56세,경상
2013041400100057,2013년 4월 14일 03시,일요일,충청북도 충주시 연수동,중상사고,0,1,0,0,차대사람 - 기타,안전운전불이행,습기,비,단일로 - 기타,승용,남,25세,상해없음,보행자,남,43세,중상
2013041400100140,2013년 4월 14일 09시,일요일,충청북도 음성군 대소면,경상사고,0,0,3,0,차대차 - 기타,안전운전불이행,습기,비,단일로 - 기타,화물,남,55세,상해없음,화물,남,44세,경상
2013041400100154,2013년 4월 14일 10시,일요일,충청북도 제천시 흑석동,경상사고,0,0,1,0,차대차 - 기타,직진우회전진행방해,건조,맑음,교차로 - 교차로안,화물,남,55세,상해없음,승용,남,37세,상해없음
2013041400100194,2013년 4월 14일 12시,일요일,충청북도 청주시 상당구 내덕동,경상사고,0,0,1,0,차대차 - 기타,안전거리미확보,건조,맑음,교차로 - 교차로부근,기타불명,기타불명,기타불명,기타불명,승합,남,53세,상해없음
2013041400100195,2013년 4월 14일 12시,일요일,충청북도 청주시 흥덕구 사창동,중상사고,0,1,0,0,차대차 - 추돌 - 진행중,안전운전불이행,건조,맑음,단일로 - 기타,승용,남,51세,상해없음,이륜,남,32세,중상
2013041400100232,2013년 4월 14일 13시,일요일,충청북도 음성군 생극면,중상사고,0,1,1,0,차량단독 - 공작물충돌,안전운전불이행,건조,맑음,단일로 - 기타,이륜,남,29세,경상,,,,
2013041400100258,2013년 4월 14일 14시,일요일,충청북도 음성군 생극면,중상사고,0,1,0,0,차대차 - 기타,안전운전불이행,건조,맑음,단일로 - 기타,승용,남,42세,상해없음,원동기,남,58세,중상
2013041400100314,2013년 4월 14일 16시,일요일,충청북도 충주시 안림동,경상사고,0,0,2,0,차대차 - 추돌 - 주정차중,기타,건조,맑음,단일로 - 기타,승용,남,26세,상해없음,승용,남,32세,경상
2013041400100315,2013년 4월 14일 16시,일요일,충청북도 단양군 단양읍,경상사고,0,0,7,0,차대차 - 측면직각충돌,안전거리미확보,건조,맑음,단일로 - 교량,화물,남,45세,상해없음,승합,여,52세,상해없음
2013041400100458,2013년 4월 14일 20시,일요일,충청북도 충주시 문화동,중상사고,0,1,0,0,차대차 - 기타,안전운전불이행,건조,맑음,교차로 - 교차로부근,승용,여,36세,상해없음,승용,여,26세,중상
2013041400100459,2013년 4월 14일 20시,일요일,충청북도 제천시 청전동,경상사고,0,0,3,0,차대차 - 측면직각충돌,직진우회전진행방해,건조,맑음,교차로 - 교차로안,승용,남,22세,상해없음,승용,남,54세,경상
2013041400100460,2013년 4월 14일 20시,일요일,충청북도 청주시 흥덕구 가경동,중상사고,0,2,0,0,차대차 - 측면직각충돌,안전거리미확보,건조,맑음,교차로 - 교차로부근,승용,남,33세,상해없음,승용,여,36세,중상
2013041400100461,2013년 4월 14일 20시,일요일,충청북도 청원군 오창읍,중상사고,0,1,1,0,차대차 - 추돌 - 진행중,안전운전불이행,건조,맑음,단일로 - 기타,승용,남,54세,상해없음,승용,남,24세,중상
2013041400100482,2013년 4월 14일 21시,일요일,충청북도 충주시 대소원면,경상사고,0,0,1,1,차대차 - 기타,신호위반,건조,맑음,교차로 - 교차로안,화물,남,66세,부상신고,승용,남,35세,경상
2013041400100512,2013년 4월 14일 23시,일요일,충청북도 제천시 모산동,경상사고,0,0,1,0,차대차 - 추돌 - 진행중,안전운전불이행,건조,맑음,단일로 - 교량,원동기,남,19세,상해없음,원동기,남,26세,경상
2013041500100005,2013년 4월 15일 00시,월요일,충청북도 단양군 단양읍,경상사고,0,0,3,0,차대차 - 측면직각충돌,직진우회전진행방해,건조,맑음,교차로 - 교차로안,승용,남,27세,경상,승용,남,45세,경상
2013041500100150,2013년 4월 15일 10시,월요일,충청북도 청원군 북이면,중상사고,0,1,0,0,차대차 - 측면직각충돌,교차로운행방법위반,건조,맑음,교차로 - 교차로안,화물,남,32세,중상,화물,남,48세,상해없음
2013041500100151,2013년 4월 15일 10시,월요일,충청북도 충주시 문화동,경상사고,0,0,1,0,차대차 - 추돌 - 진행중,안전거리미확보,건조,맑음,단일로 - 기타,승용,남,64세,상해없음,승용,남,43세,경상
2013041500100170,2013년 4월 15일 11시,월요일,충청북도 청주시 흥덕구 수곡동,중상사고,0,1,0,0,차대사람 - 기타,안전운전불이행,건조,맑음,단일로 - 기타,기타불명,기타불명,기타불명,기타불명,보행자,남,30세,중상
2013041500100253,2013년 4월 15일 15시,월요일,충청북도 청주시 흥덕구 분평동,중상사고,0,1,0,0,차대차 - 측면직각충돌,교차로운행방법위반,건조,맑음,교차로 - 교차로안,승합,남,52세,상해없음,자전거,남,64세,중상
2013041500100317,2013년 4월 15일 17시,월요일,충청북도 제천시 남천동,경상사고,0,0,1,0,차대사람 - 횡단중,안전운전불이행,건조,맑음,단일로 - 기타,승용,남,55세,상해없음,보행자,여,80세,경상
2013041500100318,2013년 4월 15일 17시,월요일,충청북도 옥천군 이원면,경상사고,0,0,1,0,차대차 - 측면직각충돌,안전운전불이행,건조,맑음,교차로 - 교차로안,승용,남,39세,경상,승용,남,53세,상해없음
2013041500100343,2013년 4월 15일 18시,월요일,충청북도 청원군 내수읍,중상사고,0,2,2,0,차대차 - 측면직각충돌,신호위반,건조,맑음,교차로 - 교차로안,승용,여,57세,경상,승용,남,22세,중상
2013041500100344,2013년 4월 15일 18시,월요일,충청북도 괴산군 괴산읍,경상사고,0,0,1,0,차대사람 - 횡단중,신호위반,건조,흐림,교차로 - 교차로부근,승용,남,41세,상해없음,보행자,여,10세,경상
2013041500100345,2013년 4월 15일 18시,월요일,충청북도 진천군 광혜원면,중상사고,0,2,0,0,차대사람 - 횡단중,안전운전불이행,건조,맑음,교차로 - 교차로부근,이륜,남,17세,중상,보행자,여,6세,중상
2013041500100375,2013년 4월 15일 19시,월요일,충청북도 청주시 흥덕구 봉명동,경상사고,0,0,2,0,차대차 - 측면직각충돌,안전운전불이행,건조,맑음,단일로 - 기타,승용,남,48세,경상,이륜,남,35세,경상
2013041500100376,2013년 4월 15일 19시,월요일,충청북도 음성군 삼성면,사망사고,1,0,0,0,차대차 - 정면충돌,중앙선침범,건조,맑음,단일로 - 기타,이륜,남,80세,사망,승용,남,49세,상해없음
2013041500100413,2013년 4월 15일 20시,월요일,충청북도 청주시 상당구 우암동,경상사고,0,0,1,0,차대차 - 측면직각충돌,신호위반,건조,맑음,교차로 - 교차로부근,승용,남,23세,상해없음,원동기,남,39세,경상
2013041500100414,2013년 4월 15일 20시,월요일,충청북도 청주시 흥덕구 복대동,경상사고,0,0,1,0,차대차 - 측면직각충돌,중앙선침범,건조,맑음,단일로 - 기타,승용,남,30세,상해없음,자전거,남,57세,경상
2013041500100443,2013년 4월 15일 21시,월요일,충청북도 제천시 청전동,경상사고,0,0,1,0,차대차 - 기타,교차로운행방법위반,건조,맑음,교차로 - 교차로안,승용,남,56세,상해없음,승용,남,54세,상해없음
2013041500100444,2013년 4월 15일 21시,월요일,충청북도 청주시 흥덕구 복대동,경상사고,0,0,3,0,차대차 - 추돌 - 주정차중,안전거리미확보,건조,맑음,교차로 - 교차로안,승용,남,33세,상해없음,승용,남,33세,경상
2013041500100502,2013년 4월 15일 23시,월요일,충청북도 청주시 흥덕구 봉명동,중상사고,0,1,0,0,차대사람 - 횡단중,안전운전불이행,건조,맑음,단일로 - 기타,승용,남,54세,상해없음,보행자,남,43세,중상
2013041500100503,2013년 4월 15일 23시,월요일,충청북도 청주시 흥덕구 가경동,중상사고,0,1,1,0,차대차 - 측면직각충돌,신호위반,건조,맑음,교차로 - 교차로안,승용,남,44세,상해없음,승용,남,44세,경상
2013041600100008,2013년 4월 16일 00시,화요일,충청북도 청주시 상당구 우암동,경상사고,0,0,2,0,차대차 - 정면충돌,안전운전불이행,건조,맑음,단일로 - 기타,승용,남,28세,상해없음,승용,남,53세,경상
2013041600100009,2013년 4월 16일 00시,화요일,충청북도 청주시 흥덕구 신전동,경상사고,0,0,1,0,차대사람 - 차도통행중,안전운전불이행,건조,맑음,교차로 - 교차로안,화물,남,59세,상해없음,보행자,남,59세,경상
2013041600100042,2013년 4월 16일 03시,화요일,충청북도 청주시 상당구 내덕동,경상사고,0,0,1,0,차대차 - 측면직각충돌,안전운전불이행,건조,맑음,단일로 - 기타,승합,남,29세,상해없음,승용,남,46세,경상
2013041600100116,2013년 4월 16일 08시,화요일,충청북도 청주시 흥덕구 복대동,중상사고,0,1,0,0,차대차 - 측면직각충돌,안전운전불이행,건조,맑음,교차로 - 교차로부근,기타불명,기타불명,90세 이상,기타불명,자전거,남,90세 이상,중상
2013041600100117,2013년 4월 16일 08시,화요일,충청북도 청주시 흥덕구 모충동,경상사고,0,0,1,0,차대차 - 기타,교차로운행방법위반,건조,맑음,교차로 - 교차로안,승용,여,32세,상해없음,이륜,남,16세,경상
2013041600100185,2013년 4월 16일 11시,화요일,충청북도 제천시 하소동,중상사고,0,1,0,0,차대차 - 기타,불법유턴,건조,맑음,단일로 - 기타,화물,남,54세,상해없음,원동기,남,51세,중상
2013041600100186,2013년 4월 16일 11시,화요일,충청북도 음성군 음성읍,경상사고,0,0,2,0,차대차 - 기타,교차로운행방법위반,건조,맑음,교차로 - 교차로안,화물,남,51세,경상,승용,여,46세,경상
2013041600100187,2013년 4월 16일 11시,화요일,충청북도 청주시 흥덕구 사창동,경상사고,0,0,1,0,차대차 - 측면직각충돌,안전운전불이행,건조,맑음,교차로 - 교차로부근,자전거,남,26세,경상,승용,여,31세,상해없음
2013041600100205,2013년 4월 16일 12시,화요일,충청북도 진천군 초평면,사망사고,1,0,1,0,차대차 - 추돌 - 진행중,안전거리미확보,건조,맑음,단일로 - 기타,화물,남,48세,사망,화물,남,50세,경상
2013041600100267,2013년 4월 16일 14시,화요일,충청북도 충주시 가금면,경상사고,0,0,1,0,차대차 - 추돌 - 주정차중,안전운전불이행,건조,맑음,단일로 - 기타,승용,남,54세,상해없음,화물,남,65세,경상
2013041600100268,2013년 4월 16일 14시,화요일,충청북도 충주시 봉방동,중상사고,0,1,5,0,차대차 - 추돌 - 진행중,직진우회전진행방해,건조,맑음,교차로 - 교차로안,승합,남,27세,상해없음,승용,남,50세,중상
2013041600100269,2013년 4월 16일 14시,화요일,충청북도 청주시 흥덕구 정봉동,경상사고,0,0,1,0,차대차 - 추돌 - 진행중,신호위반,건조,맑음,교차로 - 교차로부근,승합,남,36세,상해없음,화물,남,43세,경상
2013041600100292,2013년 4월 16일 15시,화요일,충청북도 청주시 흥덕구 운천동,경상사고,0,0,4,0,차대차 - 측면직각충돌,교차로운행방법위반,건조,맑음,교차로 - 교차로안,승용,남,50세,경상,승용,남,64세,경상
2013041600100293,2013년 4월 16일 15시,화요일,충청북도 청주시 흥덕구 산남동,경상사고,0,0,1,0,차대차 - 기타,안전운전불이행,건조,맑음,단일로 - 기타,건설기계,남,48세,상해없음,원동기,남,37세,경상
2013041600100294,2013년 4월 16일 15시,화요일,충청북도 청주시 흥덕구 모충동,경상사고,0,0,1,0,차대차 - 기타,안전운전불이행,건조,맑음,단일로 - 기타,원동기,남,75세,경상,승용,여,52세,상해없음
2013041600100322,2013년 4월 16일 16시,화요일,충청북도 충주시 안림동,경상사고,0,0,2,0,차대차 - 측면직각충돌,안전거리미확보,건조,맑음,단일로 - 기타,화물,남,54세,상해없음,특수,여,42세,경상
2013041600100323,2013년 4월 16일 16시,화요일,충청북도 청주시 흥덕구 모충동,중상사고,0,1,0,0,차대사람 - 횡단중,안전운전불이행,건조,맑음,단일로 - 기타,승용,남,62세,상해없음,보행자,남,14세,중상
2013041600100360,2013년 4월 16일 17시,화요일,충청북도 충주시 성내동,중상사고,0,1,0,0,차대차 - 추돌 - 진행중,안전운전불이행,건조,맑음,단일로 - 기타,승용,남,37세,상해없음,자전거,남,66세,중상
2013041600100361,2013년 4월 16일 17시,화요일,충청북도 제천시 중앙로1가,중상사고,0,1,0,0,차대차 - 추돌 - 주정차중,안전운전불이행,건조,맑음,단일로 - 기타,승용,남,40세,상해없음,승용,남,36세,중상
2013041600100362,2013년 4월 16일 17시,화요일,충청북도 청주시 흥덕구 복대동,경상사고,0,0,1,0,차대사람 - 횡단중,안전운전불이행,건조,맑음,단일로 - 기타,승용,남,42세,상해없음,보행자,여,4세,경상
2013041600100427,2013년 4월 16일 19시,화요일,충청북도 청주시 상당구 남주동,중상사고,0,1,0,0,차대차 - 측면직각충돌,교차로운행방법위반,건조,맑음,교차로 - 교차로안,승용,남,24세,상해없음,승용,여,51세,중상
2013041600100428,2013년 4월 16일 19시,화요일,충청북도 충주시 엄정면,중상사고,0,1,0,0,차량단독 - 도로외이탈 - 추락,안전운전불이행,건조,흐림,단일로 - 기타,승용,남,47세,중상,,,,
2013041600100438,2013년 4월 16일 20시,화요일,충청북도 옥천군 옥천읍,경상사고,0,0,2,0,차대차 - 추돌 - 진행중,과속,건조,맑음,단일로 - 기타,승용,남,30세,경상,승용,여,45세,경상
2013041600100439,2013년 4월 16일 20시,화요일,충청북도 청주시 흥덕구 개신동,경상사고,0,0,1,0,차대차 - 측면직각충돌,안전운전불이행,건조,맑음,교차로 - 교차로부근,승용,남,58세,상해없음,자전거,남,50세,경상
2013041600100440,2013년 4월 16일 20시,화요일,충청북도 청주시 흥덕구 모충동,중상사고,0,1,0,0,차대사람 - 횡단중,안전운전불이행,건조,맑음,교차로 - 교차로안,승용,남,42세,상해없음,보행자,남,45세,중상
2013041600100474,2013년 4월 16일 21시,화요일,충청북도 충주시 소태면,부상신고사고,0,0,0,1,차량단독 - 도로외이탈 - 추락,안전운전불이행,건조,맑음,단일로 - 기타,화물,남,46세,부상신고,,,,
2013041600100502,2013년 4월 16일 22시,화요일,충청북도 괴산군 괴산읍,중상사고,0,1,3,0,차대차 - 추돌 - 진행중,안전운전불이행,건조,기타,단일로 - 교량,승용,남,20세,상해없음,승용,남,79세,중상
2013041600100503,2013년 4월 16일 22시,화요일,충청북도 음성군 음성읍,중상사고,0,2,1,0,차대차 - 측면직각충돌,신호위반,건조,맑음,교차로 - 교차로안,화물,남,49세,경상,승용,남,24세,중상
2013041600100504,2013년 4월 16일 22시,화요일,충청북도 청주시 흥덕구 외북동,중상사고,0,1,0,0,차대차 - 측면직각충돌,교차로운행방법위반,건조,맑음,교차로 - 교차로안,승용,여,30세,상해없음,이륜,남,44세,중상
2013041600100505,2013년 4월 16일 22시,화요일,충청북도 청주시 흥덕구 분평동,경상사고,0,0,1,0,차대차 - 측면직각충돌,안전운전불이행,건조,맑음,교차로 - 교차로안,승용,남,49세,상해없음,자전거,남,15세,경상
2013041700100010,2013년 4월 17일 00시,수요일,충청북도 충주시 가금면,중상사고,0,3,1,1,차대차 - 추돌 - 진행중,안전운전불이행,습기,흐림,단일로 - 기타,승용,남,44세,부상신고,화물,남,46세,경상
2013041700100058,2013년 4월 17일 04시,수요일,충청북도 청주시 흥덕구 모충동,중상사고,0,3,0,0,차대차 - 기타,안전운전불이행,습기,비,단일로 - 기타,승용,남,31세,중상,건설기계,남,51세,기타불명
2013041700100096,2013년 4월 17일 07시,수요일,충청북도 제천시 영천동,중상사고,0,1,0,0,차대차 - 기타,안전거리미확보,건조,맑음,단일로 - 기타,화물,남,33세,상해없음,화물,남,65세,중상
2013041700100097,2013년 4월 17일 07시,수요일,충청북도 청주시 흥덕구 신봉동,경상사고,0,0,1,0,차대차 - 추돌 - 진행중,차로위반,건조,맑음,단일로 - 기타,승용,남,51세,상해없음,화물,남,42세,경상
2013041700100145,2013년 4월 17일 08시,수요일,충청북도 청주시 흥덕구 강서동,경상사고,0,0,2,0,차대차 - 기타,안전운전불이행,건조,맑음,단일로 - 횡단보도부근,승용,여,44세,상해없음,승용,남,52세,경상
2013041700100146,2013년 4월 17일 08시,수요일,충청북도 청주시 흥덕구 사직동,중상사고,0,1,0,0,차대차 - 측면직각충돌,중앙선침범,건조,맑음,단일로 - 기타,승합,여,52세,상해없음,이륜,남,25세,중상
2013041700100178,2013년 4월 17일 09시,수요일,충청북도 제천시 중앙로2가,중상사고,0,1,0,0,차대사람 - 기타,불법유턴,건조,맑음,교차로 - 교차로안,승용,남,56세,상해없음,보행자,여,80세,중상
2013041700100296,2013년 4월 17일 14시,수요일,충청북도 영동군 영동읍,중상사고,0,1,0,0,차대사람 - 기타,안전운전불이행,건조,맑음,교차로 - 교차로안,기타불명,기타불명,기타불명,기타불명,보행자,남,87세,중상
2013041700100316,2013년 4월 17일 15시,수요일,충청북도 제천시 서부동,경상사고,0,0,1,0,차대차 - 기타,안전운전불이행,건조,맑음,교차로 - 교차로안,승용,남,56세,상해없음,승용,여,42세,경상
2013041700100343,2013년 4월 17일 16시,수요일,충청북도 증평군 증평읍,경상사고,0,0,2,0,차대차 - 추돌 - 주정차중,안전운전불이행,건조,맑음,단일로 - 기타,화물,남,38세,상해없음,승합,여,36세,경상
2013041700100344,2013년 4월 17일 16시,수요일,충청북도 진천군 진천읍,경상사고,0,0,1,0,차대차 - 측면직각충돌,안전운전불이행,건조,맑음,단일로 - 기타,화물,남,65세,상해없음,승용,여,45세,경상
2013041700100420,2013년 4월 17일 18시,수요일,충청북도 제천시 명동,경상사고,0,0,1,0,차대차 - 기타,중앙선침범,건조,맑음,교차로 - 교차로부근,화물,남,44세,상해없음,승용,남,52세,경상
2013041700100421,2013년 4월 17일 18시,수요일,충청북도 청주시 흥덕구 가경동,경상사고,0,0,1,0,차대차 - 측면직각충돌,안전운전불이행,건조,맑음,교차로 - 교차로안,승용,남,59세,상해없음,자전거,남,19세,경상
2013041700100422,2013년 4월 17일 18시,수요일,충청북도 청주시 상당구 용암동,경상사고,0,0,1,0,차대사람 - 기타,안전운전불이행,건조,맑음,단일로 - 기타,승용,남,29세,상해없음,보행자,남,7세,경상
2013041700100485,2013년 4월 17일 20시,수요일,충청북도 제천시 하소동,중상사고,0,1,0,0,차대사람 - 횡단중,안전운전불이행,건조,맑음,단일로 - 기타,화물,남,61세,상해없음,보행자,여,31세,중상
2013041700100558,2013년 4월 17일 22시,수요일,충청북도 충주시 교현동,경상사고,0,0,1,0,차대차 - 기타,안전운전불이행,건조,맑음,교차로 - 교차로안,승용,남,24세,상해없음,원동기,남,18세,경상
2013041700100559,2013년 4월 17일 22시,수요일,충청북도 충주시 목행동,중상사고,0,1,3,0,차대차 - 기타,신호위반,건조,맑음,교차로 - 교차로안,승용,남,36세,상해없음,승용,여,57세,중상
2013041700100560,2013년 4월 17일 22시,수요일,충청북도 청주시 흥덕구 복대동,경상사고,0,0,6,0,차대차 - 측면직각충돌,안전운전불이행,건조,맑음,단일로 - 기타,승용,여,33세,경상,승용,남,34세,경상
2013041800100010,2013년 4월 18일 00시,목요일,충청북도 충주시 연수동,중상사고,0,1,0,0,차대차 - 기타,차로위반,건조,맑음,단일로 - 기타,승용,남,28세,상해없음,원동기,남,16세,중상