사고번호,사고일시,요일,시군구,사고내용,사망자수,중상자수,경상자수,부상신고자수,사고유형,법규위반,노면상태,기상상태,도로형태,가해운전자 차종,가해운전자 성별,가해운전자 연령,가해운전자 상해정도,피해운전자 차종,피해운전자 성별,피해운전자 연령,피해운전자 상해정도
2013041800100011,2013년 4월 18일 00시,목요일,충청북도 청주시 흥덕구 운천동,경상사고,0,0,1,0,차대차 - 측면직각충돌,신호위반,건조,맑음,교차로 - 교차로안,승용,남,27세,상해없음,승용,남,52세,경상
2013041800100050,2013년 4월 18일 03시,목요일,충청북도 청주시 흥덕구 분평동,중상사고,0,1,1,0,차대차 - 기타,신호위반,건조,맑음,교차로 - 교차로안,승용,여,51세,중상,화물,남,61세,경상
2013041800100090,2013년 4월 18일 07시,목요일,충청북도 청주시 흥덕구 운천동,경상사고,0,0,2,0,차대차 - 추돌 - 주정차중,안전운전불이행,건조,맑음,교차로 - 교차로부근,화물,남,43세,경상,승용,남,56세,경상
2013041800100114,2013년 4월 18일 08시,목요일,충청북도 청주시 흥덕구 산남동,경상사고,0,0,1,0,차대차 - 기타,중앙선침범,건조,맑음,교차로 - 교차로안,화물,남,23세,상해없음,자전거,남,28세,경상
2013041800100227,2013년 4월 18일 12시,목요일,충청북도 청주시 흥덕구 사직동,중상사고,0,1,2,0,차대차 - 측면직각충돌,안전운전불이행,건조,맑음,단일로 - 기타,승용,여,53세,중상,승용,남,29세,경상
2013041800100260,2013년 4월 18일 13시,목요일,충청북도 단양군 단양읍,중상사고,0,3,0,0,차대차 - 기타,중앙선침범,건조,맑음,단일로 - 기타,화물,남,48세,상해없음,승용,여,53세,중상
2013041800100313,2013년 4월 18일 15시,목요일,충청북도 제천시 고암동,경상사고,0,0,2,0,차대차 - 기타,직진우회전진행방해,건조,맑음,교차로 - 교차로안,승용,남,53세,상해없음,승용,여,56세,경상
2013041800100338,2013년 4월 18일 16시,목요일,충청북도 단양군 매포읍,경상사고,0,0,2,0,차대차 - 추돌 - 주정차중,안전운전불이행,건조,맑음,단일로 - 기타,화물,남,55세,상해없음,화물,남,58세,상해없음
2013041800100342,2013년 4월 18일 16시,목요일,충청북도 청주시 흥덕구 석소동,중상사고,0,1,1,1,차대차 - 추돌 - 진행중,안전운전불이행,건조,맑음,단일로 - 기타,승합,남,29세,상해없음,승용,남,39세,경상
2013041800100426,2013년 4월 18일 18시,목요일,충청북도 청주시 흥덕구 복대동,부상신고사고,0,0,0,1,차대차 - 측면직각충돌,안전운전불이행,건조,맑음,교차로 - 교차로부근,승용,남,58세,상해없음,승용,남,30세,상해없음
2013041800100552,2013년 4월 18일 22시,목요일,충청북도 청원군 오창읍,경상사고,0,0,3,0,차대차 - 추돌 - 주정차중,안전운전불이행,건조,맑음,교차로 - 교차로부근,승용,남,27세,상해없음,화물,남,46세,경상
2013041800100581,2013년 4월 18일 23시,목요일,충청북도 청주시 상당구 금천동,중상사고,0,1,0,0,차대차 - 측면직각충돌,교차로운행방법위반,건조,맑음,교차로 - 교차로안,이륜,남,17세,중상,승용,남,24세,상해없음
2013041800100582,2013년 4월 18일 23시,목요일,충청북도 청주시 흥덕구 가경동,경상사고,0,0,1,0,차대차 - 측면직각충돌,안전운전불이행,건조,맑음,단일로 - 기타,승용,남,50세,상해없음,원동기,남,17세,경상
2013041800100583,2013년 4월 18일 23시,목요일,충청북도 청주시 상당구 용암동,경상사고,0,0,1,0,차대차 - 추돌 - 진행중,안전운전불이행,건조,맑음,교차로 - 교차로부근,승용,남,31세,상해없음,승용,여,44세,경상
2013041900100030,2013년 4월 19일 01시,금요일,충청북도 청주시 상당구 용암동,경상사고,0,0,1,0,차대차 - 측면직각충돌,안전운전불이행,건조,맑음,단일로 - 기타,승용,남,41세,상해없음,원동기,남,31세,경상
2013041900100065,2013년 4월 19일 04시,금요일,충청북도 청주시 흥덕구 개신동,중상사고,0,1,0,0,차대차 - 측면직각충돌,안전운전불이행,건조,맑음,교차로 - 교차로안,화물,남,32세,상해없음,이륜,남,28세,중상
2013041900100079,2013년 4월 19일 05시,금요일,충청북도 청주시 흥덕구 가경동,경상사고,0,0,1,0,차대차 - 추돌 - 진행중,안전운전불이행,건조,맑음,교차로 - 교차로부근,승용,여,37세,상해없음,이륜,남,42세,경상
2013041900100090,2013년 4월 19일 06시,금요일,충청북도 옥천군 군북면,중상사고,0,1,0,0,차량단독 - 공작물충돌,안전운전불이행,건조,맑음,단일로 - 기타,승용,남,26세,중상,,,,
2013041900100111,2013년 4월 19일 07시,금요일,충청북도 청원군 남일면,중상사고,0,3,6,0,차대차 - 측면직각충돌,안전운전불이행,건조,맑음,단일로 - 기타,승용,남,70세,중상,승합,남,54세,경상
2013041900100141,2013년 4월 19일 08시,금요일,충청북도 청원군 오창읍,경상사고,0,0,1,0,차대차 - 측면직각충돌,안전거리미확보,건조,맑음,단일로 - 기타,승합,남,54세,상해없음,승용,남,27세,경상
2013041900100142,2013년 4월 19일 08시,금요일,충청북도 진천군 진천읍,중상사고,0,1,2,0,차대차 - 측면직각충돌,안전운전불이행,건조,맑음,교차로 - 교차로안,화물,남,50세,상해없음,승용,남,29세,중상
2013041900100143,2013년 4월 19일 08시,금요일,충청북도 청원군 오송읍,경상사고,0,0,1,0,차대차 - 측면직각충돌,안전운전불이행,건조,맑음,교차로 - 교차로부근,승용,여,58세,상해없음,자전거,남,23세,경상
2013041900100196,2013년 4월 19일 10시,금요일,충청북도 청주시 상당구 주성동,경상사고,0,0,1,0,차대차 - 기타,안전거리미확보,건조,맑음,단일로 - 기타,승용,여,42세,상해없음,승용,여,22세,경상
2013041900100222,2013년 4월 19일 11시,금요일,충청북도 제천시 수산면,중상사고,0,3,1,0,차대차 - 기타,직진우회전진행방해,건조,맑음,교차로 - 교차로안,화물,남,47세,중상,승용,남,44세,경상
2013041900100223,2013년 4월 19일 11시,금요일,충청북도 영동군 용산면,사망사고,1,0,1,0,차대차 - 추돌 - 진행중,안전운전불이행,건조,맑음,단일로 - 기타,화물,남,51세,상해없음,화물,남,57세,상해없음
2013041900100303,2013년 4월 19일 14시,금요일,충청북도 청주시 상당구 서문동,중상사고,0,1,0,0,차대차 - 기타,교차로운행방법위반,건조,맑음,교차로 - 교차로안,원동기,남,22세,중상,승용,남,31세,상해없음
2013041900100304,2013년 4월 19일 14시,금요일,충청북도 청주시 흥덕구 성화동,중상사고,0,2,0,0,차대차 - 측면직각충돌,신호위반,건조,맑음,교차로 - 교차로안,승용,여,46세,상해없음,이륜,남,80세,중상
2013041900100305,2013년 4월 19일 14시,금요일,충청북도 청주시 상당구 방서동,중상사고,0,1,0,0,차대차 - 추돌 - 진행중,안전운전불이행,건조,맑음,교차로 - 교차로부근,승용,여,38세,상해없음,원동기,남,29세,중상
2013041900100306,2013년 4월 19일 14시,금요일,충청북도 청주시 흥덕구 산남동,중상사고,0,1,0,0,차대차 - 추돌 - 주정차중,안전운전불이행,건조,맑음,교차로 - 교차로부근,승용,남,44세,상해없음,승용,여,57세,중상
2013041900100420,2013년 4월 19일 17시,금요일,충청북도 청주시 흥덕구 복대동,중상사고,0,1,0,0,차대사람 - 횡단중,안전운전불이행,건조,맑음,단일로 - 기타,승합,남,52세,상해없음,보행자,여,60세,중상
2013041900100502,2013년 4월 19일 19시,금요일,충청북도 청원군 남이면,중상사고,0,1,0,0,차대차 - 추돌 - 진행중,안전운전불이행,건조,맑음,기타 - 기타,화물,남,37세,상해없음,자전거,남,50세,중상
2013041900100503,2013년 4월 19일 19시,금요일,충청북도 청주시 흥덕구 모충동,중상사고,0,1,0,0,차대사람 - 길가장자리구역통행중,안전운전불이행,건조,맑음,교차로 - 교차로안,화물,남,51세,상해없음,보행자,남,65세,중상
2013041900100585,2013년 4월 19일 21시,금요일,충청북도 음성군 생극면,경상사고,0,0,2,0,차량단독 - 기타,안전운전불이행,건조,맑음,단일로 - 기타,승용,남,31세,경상,,,,
2013041900100621,2013년 4월 19일 22시,금요일,충청북도 충주시 목행동,중상사고,0,1,0,0,차대차 - 측면직각충돌,신호위반,건조,맑음,교차로 - 교차로안,원동기,여,55세,상해없음,승용,남,55세,중상
2013041900100622,2013년 4월 19일 22시,금요일,충청북도 진천군 진천읍,중상사고,0,1,2,0,차대차 - 추돌 - 주정차중,안전운전불이행,건조,맑음,단일로 - 기타,승용,남,55세,상해없음,승용,남,36세,중상
2013041900100623,2013년 4월 19일 22시,금요일,충청북도 청주시 흥덕구 분평동,중상사고,0,1,5,0,차대차 - 추돌 - 진행중,안전운전불이행,건조,맑음,단일로 - 기타,승용,남,27세,상해없음,승합,남,48세,상해없음
2013041900100664,2013년 4월 19일 23시,금요일,충청북도 청주시 상당구 금천동,경상사고,0,0,1,0,차대차 - 기타,안전거리미확보,건조,맑음,단일로 - 기타,승용,남,17세,상해없음,승용,남,29세,경상
2013042000100049,2013년 4월 20일 01시,토요일,충청북도 음성군 맹동면,경상사고,0,0,1,0,차대차 - 기타,교차로운행방법위반,건조,맑음,교차로 - 교차로안,승용,남,44세,상해없음,승용,여,54세,경상
2013042000100050,2013년 4월 20일 01시,토요일,충청북도 청주시 흥덕구 수곡동,중상사고,0,1,1,0,차대차 - 기타,안전운전불이행,건조,맑음,교차로 - 교차로안,승용,남,32세,상해없음,승용,남,46세,상해없음
2013042000100067,2013년 4월 20일 02시,토요일,충청북도 충주시 문화동,중상사고,0,1,0,1,차대사람 - 횡단중,안전운전불이행,건조,맑음,단일로 - 횡단보도부근,승용,남,54세,부상신고,보행자,남,46세,중상
2013042000100115,2013년 4월 20일 05시,토요일,충청북도 청주시 상당구 우암동,중상사고,0,2,0,0,차대차 - 측면직각충돌,신호위반,습기,비,교차로 - 교차로안,화물,남,32세,상해없음,승용,남,55세,중상
2013042000100175,2013년 4월 20일 08시,토요일,충청북도 청주시 상당구 주성동,경상사고,0,0,1,0,차대차 - 측면직각충돌,안전운전불이행,습기,비,단일로 - 기타,화물,남,70세,상해없음,승용,여,34세,경상
2013042000100206,2013년 4월 20일 09시,토요일,충청북도 충주시 대소원면,중상사고,0,2,0,0,차대차 - 측면직각충돌,안전거리미확보,습기,비,단일로 - 기타,화물,여,55세,기타불명,승용,여,46세,중상
2013042000100207,2013년 4월 20일 09시,토요일,충청북도 제천시 덕산면,중상사고,0,3,0,0,차대차 - 측면직각충돌,직진우회전진행방해,습기,비,교차로 - 교차로안,승용,남,68세,상해없음,승용,남,41세,중상
2013042000100242,2013년 4월 20일 10시,토요일,충청북도 청주시 상당구 우암동,경상사고,0,0,1,0,차대사람 - 보도통행중,보행자보호의무위반,건조,맑음,단일로 - 횡단보도상,화물,남,47세,상해없음,보행자,여,58세,경상
2013042000100243,2013년 4월 20일 10시,토요일,충청북도 충주시 금가면,중상사고,0,3,4,0,차대차 - 추돌 - 주정차중,안전거리미확보,습기,비,단일로 - 기타,화물,남,36세,상해없음,승용,남,58세,경상
2013042000100244,2013년 4월 20일 10시,토요일,충청북도 제천시 청전동,경상사고,0,0,1,0,차대차 - 측면직각충돌,직진우회전진행방해,습기,비,교차로 - 교차로안,승합,남,23세,상해없음,승용,여,42세,경상
2013042000100245,2013년 4월 20일 10시,토요일,충청북도 영동군 양강면,경상사고,0,0,1,0,차대차 - 기타,기타,습기,눈,단일로 - 기타,화물,남,59세,상해없음,승용,남,19세,경상
2013042000100246,2013년 4월 20일 10시,토요일,충청북도 음성군 음성읍,경상사고,0,0,1,0,차량단독 - 공작물충돌,안전운전불이행,습기,비,단일로 - 기타,화물,남,54세,경상,,,,
2013042000100287,2013년 4월 20일 11시,토요일,충청북도 제천시 금성면,중상사고,0,1,0,0,차량단독 - 기타,안전운전불이행,습기,비,단일로 - 교량,승용,남,23세,기타불명,,,,
2013042000100314,2013년 4월 20일 12시,토요일,충청북도 영동군 추풍령면,중상사고,0,1,1,0,차대차 - 추돌 - 진행중,안전운전불이행,습기,비,단일로 - 기타,화물,남,49세,중상,화물,남,53세,경상
2013042000100351,2013년 4월 20일 13시,토요일,충청북도 청주시 상당구 북문로2가동,경상사고,0,0,1,0,차량단독 - 기타,안전운전불이행,건조,흐림,단일로 - 기타,승합,남,56세,상해없음,,,,
2013042000100352,2013년 4월 20일 13시,토요일,충청북도 제천시 수산면,경상사고,0,0,2,0,차대차 - 측면직각충돌,중앙선침범,습기,비,단일로 - 기타,승용,남,50세,상해없음,승합,남,60세,경상
2013042000100353,2013년 4월 20일 13시,토요일,충청북도 음성군 금왕읍,중상사고,0,1,1,0,차대차 - 추돌 - 주정차중,안전운전불이행,건조,맑음,교차로 - 교차로부근,화물,남,59세,경상,승용,남,34세,중상
2013042000100384,2013년 4월 20일 14시,토요일,충청북도 제천시 청전동,경상사고,0,0,1,0,차대차 - 측면직각충돌,직진우회전진행방해,습기,비,교차로 - 교차로안,화물,남,28세,상해없음,승용,남,51세,경상
2013042000100385,2013년 4월 20일 14시,토요일,충청북도 청주시 흥덕구 죽림동,경상사고,0,0,2,0,차대차 - 추돌 - 진행중,안전운전불이행,건조,맑음,교차로 - 교차로부근,승용,남,28세,상해없음,승합,남,36세,경상
2013042000100388,2013년 4월 20일 14시,토요일,충청북도 청원군 현도면,중상사고,0,3,2,0,차대차 - 추돌 - 진행중,안전운전불이행,습기,비,단일로 - 기타,승용,여,29세,중상,승용,여,49세,상해없음
2013042000100459,2013년 4월 20일 16시,토요일,충청북도 청주시 상당구 율량동,경상사고,0,0,1,0,차대차 - 측면직각충돌,안전운전불이행,건조,맑음,단일로 - 기타,승용,남,35세,상해없음,승용,여,33세,경상
2013042000100460,2013년 4월 20일 16시,토요일,충청북도 청주시 흥덕구 송정동,경상사고,0,0,2,0,차대차 - 측면직각충돌,교차로운행방법위반,건조,맑음,교차로 - 교차로안,승용,여,52세,경상,승용,남,62세,경상
2013042000100484,2013년 4월 20일 17시,토요일,충청북도 음성군 금왕읍,중상사고,0,3,1,0,차대차 - 추돌 - 주정차중,안전운전불이행,습기,비,단일로 - 기타,화물,남,65세,중상,화물,남,47세,경상
2013042000100512,2013년 4월 20일 18시,토요일,충청북도 충주시 목행동,부상신고사고,0,0,0,1,차대차 - 측면직각충돌,신호위반,습기,눈,교차로 - 교차로안,원동기,남,70세,부상신고,승용,남,47세,상해없음
2013042000100513,2013년 4월 20일 18시,토요일,충청북도 제천시 중앙로1가,중상사고,0,1,1,0,차대차 - 기타,안전거리미확보,건조,맑음,단일로 - 기타,승용,남,27세,상해없음,승용,남,51세,상해없음
2013042000100514,2013년 4월 20일 18시,토요일,충청북도 단양군 매포읍,경상사고,0,0,1,0,차대차 - 기타,기타,건조,맑음,단일로 - 기타,화물,남,42세,상해없음,자전거,남,67세,경상
2013042000100547,2013년 4월 20일 19시,토요일,충청북도 충주시 주덕읍,경상사고,0,0,1,0,차대사람 - 기타,안전운전불이행,건조,맑음,단일로 - 기타,화물,남,58세,상해없음,보행자,남,52세,경상
2013042000100548,2013년 4월 20일 19시,토요일,충청북도 제천시 청전동,중상사고,0,1,0,0,차대차 - 측면직각충돌,직진우회전진행방해,습기,비,교차로 - 교차로안,승용,남,42세,상해없음,원동기,남,20세,중상
2013042000100549,2013년 4월 20일 19시,토요일,충청북도 영동군 영동읍,중상사고,0,1,0,0,차대차 - 기타,교차로운행방법위반,습기,비,교차로 - 교차로안,화물,남,27세,상해없음,승용,남,34세,상해없음
2013042000100596,2013년 4월 20일 20시,토요일,충청북도 제천시 교동,중상사고,0,1,0,0,차대차 - 측면직각충돌,안전운전불이행,건조,맑음,교차로 - 교차로안,원동기,남,52세,중상,승용,여,46세,상해없음
2013042000100597,2013년 4월 20일 20시,토요일,충청북도 증평군 증평읍,사망사고,1,0,0,0,차대사람 - 횡단중,안전운전불이행,습기,흐림,단일로 - 기타,승용,여,43세,상해없음,보행자,남,37세,사망
2013042000100644,2013년 4월 20일 21시,토요일,충청북도 청주시 상당구 우암동,사망사고,1,1,0,0,차대사람 - 횡단중,안전운전불이행,습기,비,단일로 - 기타,승용,남,26세,상해없음,보행자,남,44세,사망
2013042000100645,2013년 4월 20일 21시,토요일,충청북도 청주시 상당구 용암동,중상사고,0,1,0,0,차대차 - 기타,안전운전불이행,건조,흐림,단일로 - 기타,승용,남,57세,상해없음,이륜,여,52세,중상
2013042000100673,2013년 4월 20일 22시,토요일,충청북도 제천시 장락동,경상사고,0,0,1,0,차대사람 - 기타,안전운전불이행,건조,맑음,교차로 - 교차로안,승합,남,30세,상해없음,보행자,남,25세,경상
2013042000100674,2013년 4월 20일 22시,토요일,충청북도 청주시 상당구 용암동,경상사고,0,0,1,0,차대차 - 기타,신호위반,건조,맑음,교차로 - 교차로안,승용,남,31세,상해없음,원동기,여,37세,경상
2013042000100697,2013년 4월 20일 23시,토요일,충청북도 청주시 흥덕구 복대동,경상사고,0,0,1,0,차대차 - 측면직각충돌,신호위반,건조,맑음,교차로 - 교차로안,화물,남,57세,상해없음,승용,남,49세,경상
2013042000100698,2013년 4월 20일 23시,토요일,충청북도 청주시 흥덕구 가경동,경상사고,0,0,2,0,차대차 - 측면직각충돌,신호위반,건조,맑음,교차로 - 교차로안,승용,남,28세,상해없음,승용,여,46세,경상
2013042100100019,2013년 4월 21일 00시,일요일,충청북도 충주시 연수동,중상사고,0,1,2,1,차대차 - 측면직각충돌,신호위반,건조,맑음,교차로 - 교차로안,승용,남,21세,부상신고,승용,남,43세,중상
2013042100100020,2013년 4월 21일 00시,일요일,충청북도 충주시 용산동,중상사고,0,2,0,0,차대사람 - 기타,안전운전불이행,습기,흐림,단일로 - 교량,화물,남,44세,상해없음,보행자,남,45세,중상
2013042100100021,2013년 4월 21일 00시,일요일,충청북도 청주시 흥덕구 복대동,경상사고,0,0,1,0,차대차 - 측면직각충돌,기타,건조,맑음,단일로 - 기타,승용,남,47세,상해없음,이륜,남,16세,경상
2013042100100067,2013년 4월 21일 03시,일요일,충청북도 청주시 흥덕구 사직동,중상사고,0,2,1,0,차대차 - 측면직각충돌,교차로운행방법위반,건조,맑음,교차로 - 교차로안,승용,여,38세,경상,승합,남,51세,중상
2013042100100142,2013년 4월 21일 09시,일요일,충청북도 청주시 흥덕구 사창동,경상사고,0,0,1,0,차대차 - 측면직각충돌,중앙선침범,건조,맑음,단일로 - 기타,승용,남,35세,상해없음,승용,남,56세,경상
2013042100100217,2013년 4월 21일 13시,일요일,충청북도 청주시 흥덕구 복대동,중상사고,0,1,0,0,차대차 - 측면직각충돌,교차로운행방법위반,건조,맑음,교차로 - 교차로안,승용,남,44세,상해없음,자전거,남,14세,중상
2013042100100241,2013년 4월 21일 14시,일요일,충청북도 청주시 흥덕구 사창동,경상사고,0,0,1,0,차대차 - 추돌 - 진행중,안전운전불이행,건조,맑음,단일로 - 기타,승용,남,58세,상해없음,승용,남,19세,경상
2013042100100306,2013년 4월 21일 16시,일요일,충청북도 진천군 진천읍,중상사고,0,1,0,0,차대차 - 기타,안전거리미확보,건조,맑음,교차로 - 교차로안,이륜,남,16세,중상,승용,여,40세,상해없음
2013042100100342,2013년 4월 21일 17시,일요일,충청북도 청주시 상당구 남문로1가동,부상신고사고,0,0,0,1,차대차 - 추돌 - 진행중,안전운전불이행,건조,맑음,단일로 - 기타,이륜,남,43세,부상신고,승용,남,56세,상해없음
2013042100100373,2013년 4월 21일 18시,일요일,충청북도 청주시 상당구 주성동,경상사고,0,0,2,0,차대차 - 측면직각충돌,안전운전불이행,건조,맑음,단일로 - 기타,승용,남,45세,상해없음,승용,남,34세,경상
2013042100100374,2013년 4월 21일 18시,일요일,충청북도 제천시 고암동,중상사고,0,1,0,0,차대차 - 기타,기타,건조,맑음,교차로 - 교차로부근,승용,남,64세,상해없음,화물,남,48세,중상
2013042100100375,2013년 4월 21일 18시,일요일,충청북도 괴산군 청천면,경상사고,0,0,1,0,차량단독 - 도로외이탈 - 추락,안전운전불이행,건조,맑음,단일로 - 기타,화물,남,50세,경상,,,,
2013042100100399,2013년 4월 21일 19시,일요일,충청북도 음성군 금왕읍,경상사고,0,0,2,0,차대차 - 기타,안전운전불이행,건조,맑음,단일로 - 기타,승용,남,46세,경상,승용,남,31세,경상
2013042100100400,2013년 4월 21일 19시,일요일,충청북도 청원군 남일면,경상사고,0,0,2,0,차대차 - 기타,안전운전불이행,건조,맑음,단일로 - 기타,화물,여,61세,상해없음,승용,남,36세,경상
2013042100100441,2013년 4월 21일 20시,일요일,충청북도 증평군 증평읍,중상사고,0,4,2,0,차대차 - 정면충돌,중앙선침범,건조,맑음,단일로 - 기타,승용,남,40세,경상,승용,남,57세,중상
2013042100100442,2013년 4월 21일 20시,일요일,충청북도 청원군 문의면,경상사고,0,0,2,0,차대차 - 기타,안전운전불이행,건조,맑음,단일로 - 기타,승합,남,43세,상해없음,승용,남,45세,경상
2013042100100472,2013년 4월 21일 21시,일요일,충청북도 청주시 흥덕구 분평동,경상사고,0,0,1,0,차대사람 - 기타,안전운전불이행,건조,맑음,단일로 - 기타,승용,남,65세,상해없음,보행자,남,32세,경상
2013042100100522,2013년 4월 21일 23시,일요일,충청북도 청주시 상당구 율량동,경상사고,0,0,1,1,차대차 - 추돌 - 주정차중,안전운전불이행,건조,맑음,단일로 - 기타,승용,남,50세,기타불명,승용,남,26세,경상
2013042200100045,2013년 4월 22일 05시,월요일,충청북도 청주시 흥덕구 가경동,경상사고,0,0,2,0,차대차 - 측면직각충돌,신호위반,건조,맑음,교차로 - 교차로안,승용,남,54세,상해없음,승용,남,55세,경상
2013042200100055,2013년 4월 22일 06시,월요일,충청북도 청주시 흥덕구 성화동,중상사고,0,1,0,0,차대차 - 추돌 - 진행중,안전운전불이행,건조,맑음,단일로 - 기타,승용,남,53세,상해없음,이륜,남,75세,중상
2013042200100159,2013년 4월 22일 09시,월요일,충청북도 충주시 대소원면,중상사고,0,1,3,0,차대차 - 기타,신호위반,건조,맑음,교차로 - 교차로안,화물,남,33세,경상,승용,남,47세,상해없음
2013042200100160,2013년 4월 22일 09시,월요일,충청북도 충주시 달천동,경상사고,0,0,1,0,차대차 - 정면충돌,중앙선침범,건조,맑음,교차로 - 교차로안,승용,여,55세,상해없음,승용,여,39세,경상
2013042200100161,2013년 4월 22일 09시,월요일,충청북도 음성군 대소면,중상사고,0,1,0,0,차대차 - 기타,안전운전불이행,건조,맑음,단일로 - 기타,승용,남,49세,상해없음,승용,남,43세,중상
2013042200100186,2013년 4월 22일 10시,월요일,충청북도 청주시 상당구 서운동,경상사고,0,0,2,0,차대차 - 측면직각충돌,신호위반,건조,맑음,교차로 - 교차로안,승용,남,45세,상해없음,자전거,남,43세,경상
2013042200100187,2013년 4월 22일 10시,월요일,충청북도 청주시 흥덕구 봉명동,경상사고,0,0,1,0,차대차 - 측면직각충돌,교차로운행방법위반,건조,맑음,교차로 - 교차로안,이륜,남,46세,경상,화물,남,50세,상해없음
2013042200100223,2013년 4월 22일 11시,월요일,충청북도 음성군 음성읍,중상사고,0,2,1,0,차대차 - 기타,교차로운행방법위반,건조,맑음,교차로 - 교차로안,승용,남,69세,중상,건설기계,남,55세,상해없음
2013042200100224,2013년 4월 22일 11시,월요일,충청북도 청주시 흥덕구 봉명동,사망사고,1,0,0,0,차대사람 - 기타,안전운전불이행,건조,맑음,단일로 - 기타,화물,남,41세,상해없음,보행자,남,73세,사망
2013042200100252,2013년 4월 22일 12시,월요일,충청북도 단양군 단양읍,중상사고,0,1,0,0,차대차 - 측면직각충돌,직진우회전진행방해,건조,맑음,교차로 - 교차로안,승용,남,51세,상해없음,승용,여,42세,중상
2013042200100254,2013년 4월 22일 12시,월요일,충청북도 청원군 강내면,중상사고,0,1,0,0,차대차 - 측면직각충돌,차로위반,건조,맑음,단일로 - 기타,화물,남,69세,상해없음,화물,남,59세,중상
2013042200100279,2013년 4월 22일 13시,월요일,충청북도 청주시 흥덕구 수곡동,중상사고,0,2,1,0,차대차 - 기타,신호위반,건조,맑음,교차로 - 교차로부근,승용,여,48세,상해없음,이륜,남,44세,중상
2013042200100332,2013년 4월 22일 15시,월요일,충청북도 청원군 오창읍,경상사고,0,0,1,0,차대차 - 측면직각충돌,안전운전불이행,건조,맑음,교차로 - 교차로안,승용,여,29세,상해없음,자전거,여,9세,경상
2013042200100358,2013년 4월 22일 16시,월요일,충청북도 제천시 고암동,경상사고,0,0,1,0,차대차 - 기타,안전운전불이행,건조,맑음,단일로 - 기타,승용,남,48세,상해없음,화물,남,58세,기타불명
2013042200100399,2013년 4월 22일 17시,월요일,충청북도 제천시 중앙로1가,중상사고,0,1,0,0,차대사람 - 횡단중,안전운전불이행,건조,맑음,단일로 - 기타,화물,남,65세,상해없음,보행자,남,80세,중상
2013042200100400,2013년 4월 22일 17시,월요일,충청북도 청원군 오송읍,경상사고,0,0,7,0,차대차 - 추돌 - 진행중,차로위반,건조,맑음,단일로 - 기타,승합,남,64세,상해없음,승합,남,51세,경상
2013042200100401,2013년 4월 22일 17시,월요일,충청북도 청주시 흥덕구 석소동,중상사고,0,1,0,0,차대차 - 측면직각충돌,안전운전불이행,건조,맑음,단일로 - 기타,승용,여,40세,상해없음,이륜,남,18세,중상
2013042200100431,2013년 4월 22일 18시,월요일,충청북도 제천시 봉양읍,경상사고,0,0,1,0,차대차 - 기타,안전운전불이행,건조,맑음,교차로 - 교차로부근,농기계,남,56세,상해없음,승합,남,56세,상해없음
2013042200100432,2013년 4월 22일 18시,월요일,충청북도 음성군 금왕읍,사망사고,1,0,0,0,차량단독 - 기타,안전운전불이행,건조,맑음,단일로 - 기타,원동기,남,71세,사망,,,,
2013042200100433,2013년 4월 22일 18시,월요일,충청북도 청주시 상당구 영운동,경상사고,0,0,5,0,차대차 - 기타,안전운전불이행,건조,맑음,교차로 - 교차로안,승용,남,41세,상해없음,승용,여,47세,경상
2013042200100502,2013년 4월 22일 20시,월요일,충청북도 청주시 흥덕구 복대동,중상사고,0,1,0,0,차대차 - 측면직각충돌,신호위반,건조,맑음,교차로 - 교차로안,승용,여,48세,상해없음,이륜,남,21세,중상
2013042200100568,2013년 4월 22일 22시,월요일,충청북도 충주시 교현동,중상사고,0,2,1,0,차대사람 - 횡단중,보행자보호의무위반,건조,맑음,단일로 - 횡단보도상,이륜,남,22세,중상,보행자,남,63세,중상
2013042200100569,2013년 4월 22일 22시,월요일,충청북도 제천시 모산동,경상사고,0,0,1,0,차대차 - 기타,안전운전불이행,건조,맑음,교차로 - 교차로부근,승용,남,54세,상해없음,승용,여,42세,경상
2013042300100013,2013년 4월 23일 00시,화요일,충청북도 청주시 흥덕구 모충동,중상사고,0,1,1,0,차대차 - 정면충돌,교차로운행방법위반,건조,맑음,교차로 - 교차로안,승용,남,22세,경상,이륜,남,20세,중상
2013042300100073,2013년 4월 23일 05시,화요일,충청북도 청원군 오송읍,경상사고,0,0,1,0,차대차 - 측면직각충돌,교차로운행방법위반,건조,맑음,교차로 - 교차로안,승용,여,50세,경상,승용,남,52세,상해없음
2013042300100085,2013년 4월 23일 06시,화요일,충청북도 청주시 흥덕구 강서동,경상사고,0,0,2,0,차대차 - 측면직각충돌,교차로운행방법위반,건조,맑음,교차로 - 교차로안,승용,남,32세,경상,승용,남,37세,경상
2013042300100086,2013년 4월 23일 06시,화요일,충청북도 청주시 상당구 용담동,중상사고,0,2,5,0,차대차 - 기타,안전운전불이행,건조,흐림,단일로 - 기타,승용,남,30세,상해없음,승용,남,54세,경상
2013042300100101,2013년 4월 23일 07시,화요일,충청북도 청주시 상당구 영운동,중상사고,0,1,0,0,차대차 - 기타,안전운전불이행,습기,비,교차로 - 교차로안,승용,남,59세,상해없음,자전거,남,18세,중상