사고번호,사고일시,요일,시군구,사고내용,사망자수,중상자수,경상자수,부상신고자수,사고유형,법규위반,노면상태,기상상태,도로형태,가해운전자 차종,가해운전자 성별,가해운전자 연령,가해운전자 상해정도,피해운전자 차종,피해운전자 성별,피해운전자 연령,피해운전자 상해정도
2013042300100120,2013년 4월 23일 08시,화요일,충청북도 청주시 상당구 주성동,중상사고,0,1,0,0,차대사람 - 기타,안전운전불이행,건조,맑음,단일로 - 기타,승합,남,57세,상해없음,보행자,남,42세,중상
2013042300100121,2013년 4월 23일 08시,화요일,충청북도 충주시 신니면,중상사고,0,2,0,0,차대차 - 추돌 - 진행중,신호위반,건조,맑음,교차로 - 교차로안,승용,남,30세,상해없음,원동기,남,80세,중상
2013042300100122,2013년 4월 23일 08시,화요일,충청북도 영동군 추풍령면,중상사고,0,1,0,0,차대사람 - 기타,안전운전불이행,습기,비,교차로 - 교차로안,화물,남,40세,상해없음,보행자,남,69세,중상
2013042300100123,2013년 4월 23일 08시,화요일,충청북도 증평군 증평읍,중상사고,0,1,1,0,차대사람 - 기타,안전운전불이행,건조,맑음,기타 - 기타,승합,여,36세,상해없음,보행자,남,9세,중상
2013042300100190,2013년 4월 23일 10시,화요일,충청북도 청주시 흥덕구 분평동,경상사고,0,0,1,0,차대차 - 기타,안전운전불이행,습기,비,교차로 - 교차로안,승용,여,53세,상해없음,승용,남,57세,상해없음
2013042300100212,2013년 4월 23일 11시,화요일,충청북도 옥천군 옥천읍,경상사고,0,0,1,0,차대사람 - 차도통행중,교차로운행방법위반,습기,비,교차로 - 교차로안,승용,남,75세,상해없음,보행자,여,66세,경상
2013042300100237,2013년 4월 23일 12시,화요일,충청북도 청주시 상당구 내덕동,경상사고,0,0,1,0,차대사람 - 길가장자리구역통행중,안전운전불이행,습기,비,단일로 - 기타,화물,남,45세,상해없음,보행자,여,57세,경상
2013042300100238,2013년 4월 23일 12시,화요일,충청북도 청원군 강내면,중상사고,0,1,0,0,차대사람 - 횡단중,안전운전불이행,건조,맑음,단일로 - 기타,승용,남,51세,상해없음,보행자,남,44세,중상
2013042300100258,2013년 4월 23일 13시,화요일,충청북도 청주시 흥덕구 복대동,경상사고,0,0,2,0,차대차 - 추돌 - 주정차중,안전운전불이행,습기,비,교차로 - 교차로부근,승용,남,54세,상해없음,승용,남,52세,경상
2013042300100290,2013년 4월 23일 14시,화요일,충청북도 청주시 상당구 율량동,사망사고,1,0,3,0,차대차 - 추돌 - 주정차중,안전운전불이행,습기,비,교차로 - 교차로부근,화물,남,69세,사망,승용,남,38세,경상
2013042300100291,2013년 4월 23일 14시,화요일,충청북도 청주시 상당구 우암동,중상사고,0,1,0,0,차대차 - 추돌 - 진행중,안전운전불이행,건조,맑음,단일로 - 기타,승용,남,50세,상해없음,자전거,남,67세,중상
2013042300100351,2013년 4월 23일 16시,화요일,충청북도 제천시 의림동,중상사고,0,1,1,0,차대차 - 측면직각충돌,직진우회전진행방해,습기,비,교차로 - 교차로안,승용,남,50세,경상,승합,남,37세,중상
2013042300100383,2013년 4월 23일 17시,화요일,충청북도 청주시 상당구 금천동,중상사고,0,1,0,0,차대차 - 측면직각충돌,안전운전불이행,습기,맑음,단일로 - 기타,승용,남,26세,상해없음,이륜,남,46세,중상
2013042300100384,2013년 4월 23일 17시,화요일,충청북도 충주시 교현동,경상사고,0,0,1,0,차대차 - 추돌 - 진행중,직진우회전진행방해,습기,비,교차로 - 교차로안,승용,남,58세,상해없음,승용,남,49세,상해없음
2013042300100385,2013년 4월 23일 17시,화요일,충청북도 영동군 영동읍,경상사고,0,0,1,0,차대차 - 기타,교차로운행방법위반,습기,비,교차로 - 교차로안,승용,남,23세,상해없음,승용,남,49세,경상
2013042300100481,2013년 4월 23일 19시,화요일,충청북도 청주시 흥덕구 복대동,중상사고,0,1,3,0,차대차 - 추돌 - 주정차중,안전운전불이행,건조,맑음,단일로 - 기타,화물,남,47세,상해없음,승용,남,37세,중상
2013042300100482,2013년 4월 23일 19시,화요일,충청북도 청주시 흥덕구 봉명동,경상사고,0,0,1,0,차대사람 - 기타,기타,건조,맑음,단일로 - 기타,승합,남,53세,상해없음,보행자,여,48세,경상
2013042300100537,2013년 4월 23일 20시,화요일,충청북도 충주시 대소원면,부상신고사고,0,0,0,1,차량단독 - 공작물충돌,안전운전불이행,습기,흐림,단일로 - 기타,승용,남,25세,부상신고,,,,
2013042300100538,2013년 4월 23일 20시,화요일,충청북도 음성군 대소면,중상사고,0,3,2,0,차대차 - 기타,교차로운행방법위반,습기,비,교차로 - 교차로안,승용,남,34세,중상,승용,남,38세,중상
2013042300100539,2013년 4월 23일 20시,화요일,충청북도 청주시 흥덕구 봉명동,경상사고,0,0,4,0,차대차 - 측면직각충돌,중앙선침범,습기,비,단일로 - 기타,승용,남,26세,상해없음,승용,여,34세,경상
2013042300100588,2013년 4월 23일 21시,화요일,충청북도 충주시 칠금동,경상사고,0,0,2,0,차대차 - 측면직각충돌,안전거리미확보,습기,비,단일로 - 기타,승용,남,30세,경상,승용,남,28세,경상
2013042300100589,2013년 4월 23일 21시,화요일,충청북도 충주시 목행동,경상사고,0,0,1,0,차대차 - 측면직각충돌,안전운전불이행,습기,비,교차로 - 교차로부근,화물,남,36세,상해없음,승용,남,38세,경상
2013042300100590,2013년 4월 23일 21시,화요일,충청북도 충주시 목행동,경상사고,0,0,1,0,차대차 - 추돌 - 주정차중,안전운전불이행,습기,비,교차로 - 교차로안,승용,남,40세,상해없음,승용,남,30세,경상
2013042300100591,2013년 4월 23일 21시,화요일,충청북도 청주시 흥덕구 개신동,중상사고,0,1,0,0,차대사람 - 기타,안전운전불이행,습기,비,단일로 - 횡단보도부근,승용,여,47세,상해없음,보행자,여,30세,중상
2013042300100634,2013년 4월 23일 22시,화요일,충청북도 증평군 증평읍,경상사고,0,0,1,0,차대사람 - 기타,보행자보호의무위반,습기,비,단일로 - 횡단보도상,이륜,남,17세,상해없음,보행자,남,38세,경상
2013042300100635,2013년 4월 23일 22시,화요일,충청북도 청주시 흥덕구 분평동,중상사고,0,2,0,0,차대사람 - 기타,신호위반,습기,비,단일로 - 기타,원동기,남,17세,상해없음,보행자,남,46세,중상
2013042300100636,2013년 4월 23일 22시,화요일,충청북도 청주시 흥덕구 산남동,경상사고,0,0,4,0,차대차 - 기타,안전운전불이행,습기,비,교차로 - 교차로부근,승용,남,23세,상해없음,승용,여,38세,경상
2013042300100685,2013년 4월 23일 23시,화요일,충청북도 청원군 오창읍,경상사고,0,0,1,0,차대차 - 기타,안전운전불이행,습기,비,단일로 - 기타,승용,남,46세,상해없음,화물,남,47세,경상
2013042400100018,2013년 4월 24일 00시,수요일,충청북도 진천군 진천읍,중상사고,0,2,1,0,차대차 - 측면직각충돌,교차로운행방법위반,습기,비,교차로 - 교차로안,승용,남,57세,상해없음,승용,남,34세,중상
2013042400100071,2013년 4월 24일 03시,수요일,충청북도 영동군 영동읍,중상사고,0,1,0,0,차량단독 - 공작물충돌,안전운전불이행,건조,맑음,단일로 - 기타,승용,여,52세,중상,,,,
2013042400100099,2013년 4월 24일 06시,수요일,충청북도 충주시 연수동,경상사고,0,0,1,0,차대사람 - 횡단중,보행자보호의무위반,건조,맑음,단일로 - 기타,승용,여,45세,상해없음,보행자,여,63세,경상
2013042400100112,2013년 4월 24일 07시,수요일,충청북도 청원군 내수읍,경상사고,0,0,1,0,차대사람 - 횡단중,신호위반,건조,맑음,교차로 - 교차로부근,기타불명,기타불명,기타불명,기타불명,보행자,남,24세,경상
2013042400100113,2013년 4월 24일 07시,수요일,충청북도 청원군 가덕면,중상사고,0,1,0,0,차대사람 - 횡단중,안전운전불이행,건조,맑음,교차로 - 교차로안,승용,여,54세,상해없음,보행자,여,11세,중상
2013042400100143,2013년 4월 24일 08시,수요일,충청북도 청주시 상당구 내덕동,중상사고,0,2,0,0,차대차 - 정면충돌,신호위반,건조,맑음,교차로 - 교차로안,화물,남,52세,상해없음,승용,남,55세,중상
2013042400100144,2013년 4월 24일 08시,수요일,충청북도 옥천군 옥천읍,중상사고,0,1,0,0,차대차 - 측면직각충돌,교차로운행방법위반,건조,맑음,교차로 - 교차로안,승용,여,36세,상해없음,자전거,여,50세,중상
2013042400100145,2013년 4월 24일 08시,수요일,충청북도 청주시 흥덕구 사직동,경상사고,0,0,2,0,차대차 - 측면직각충돌,안전거리미확보,건조,맑음,단일로 - 기타,승용,여,25세,경상,승용,남,38세,경상
2013042400100146,2013년 4월 24일 08시,수요일,충청북도 청주시 흥덕구 성화동,경상사고,0,0,1,0,차대사람 - 기타,안전운전불이행,건조,맑음,단일로 - 기타,승용,여,39세,상해없음,보행자,여,11세,경상
2013042400100210,2013년 4월 24일 11시,수요일,충청북도 단양군 영춘면,중상사고,0,1,0,0,차대사람 - 횡단중,안전운전불이행,건조,맑음,단일로 - 기타,화물,남,29세,상해없음,보행자,여,88세,중상
2013042400100211,2013년 4월 24일 11시,수요일,충청북도 청원군 옥산면,경상사고,0,0,1,0,차대사람 - 횡단중,안전운전불이행,건조,맑음,단일로 - 기타,승용,여,70세,상해없음,보행자,남,33세,경상
2013042400100212,2013년 4월 24일 11시,수요일,충청북도 청주시 흥덕구 분평동,사망사고,1,0,0,0,차대차 - 기타,신호위반,건조,맑음,교차로 - 교차로부근,승합,남,47세,상해없음,원동기,남,50세,사망
2013042400100236,2013년 4월 24일 12시,수요일,충청북도 청주시 흥덕구 봉명동,경상사고,0,0,2,0,차대차 - 측면직각충돌,안전운전불이행,건조,맑음,교차로 - 교차로부근,승용,남,54세,상해없음,승용,남,35세,경상
2013042400100259,2013년 4월 24일 13시,수요일,충청북도 청주시 흥덕구 봉명동,중상사고,0,4,0,0,차대차 - 측면직각충돌,안전운전불이행,건조,맑음,교차로 - 교차로안,승용,여,54세,상해없음,승용,남,39세,중상
2013042400100367,2013년 4월 24일 16시,수요일,충청북도 충주시 엄정면,중상사고,0,1,0,0,차량단독 - 전도전복,안전운전불이행,건조,맑음,단일로 - 기타,원동기,여,63세,중상,,,,
2013042400100405,2013년 4월 24일 17시,수요일,충청북도 청주시 상당구 내덕동,경상사고,0,0,3,0,차대차 - 측면직각충돌,안전거리미확보,건조,맑음,단일로 - 기타,승용,남,31세,경상,승용,남,51세,경상
2013042400100406,2013년 4월 24일 17시,수요일,충청북도 진천군 이월면,경상사고,0,0,1,0,차대차 - 측면직각충돌,안전운전불이행,건조,맑음,기타 - 기타,화물,남,49세,상해없음,승합,여,62세,경상
2013042400100407,2013년 4월 24일 17시,수요일,충청북도 청주시 상당구 영운동,중상사고,0,1,0,0,차대차 - 측면직각충돌,중앙선침범,건조,맑음,단일로 - 기타,승용,남,53세,상해없음,승용,여,57세,중상
2013042400100449,2013년 4월 24일 18시,수요일,충청북도 충주시 동량면,중상사고,0,3,0,1,차대차 - 기타,중앙선침범,건조,맑음,단일로 - 기타,승용,여,34세,부상신고,승용,여,53세,중상
2013042400100450,2013년 4월 24일 18시,수요일,충청북도 청주시 흥덕구 복대동,경상사고,0,0,1,0,차대차 - 측면직각충돌,안전운전불이행,건조,맑음,교차로 - 교차로안,승합,남,51세,상해없음,원동기,여,41세,경상
2013042400100477,2013년 4월 24일 19시,수요일,충청북도 청주시 상당구 내덕동,경상사고,0,0,1,0,차대차 - 측면직각충돌,안전운전불이행,건조,맑음,단일로 - 기타,이륜,남,16세,상해없음,승용,남,57세,경상
2013042400100478,2013년 4월 24일 19시,수요일,충청북도 청원군 오송읍,중상사고,0,1,2,0,차대차 - 측면직각충돌,안전운전불이행,건조,맑음,단일로 - 기타,승용,남,28세,중상,승합,남,36세,경상
2013042400100479,2013년 4월 24일 19시,수요일,충청북도 청주시 흥덕구 산남동,경상사고,0,0,1,0,차대차 - 측면직각충돌,중앙선침범,건조,맑음,교차로 - 교차로안,승용,남,50세,상해없음,승용,남,47세,상해없음
2013042400100510,2013년 4월 24일 20시,수요일,충청북도 단양군 영춘면,사망사고,1,0,1,0,차대사람 - 차도통행중,안전운전불이행,건조,맑음,단일로 - 기타,화물,여,54세,경상,보행자,여,78세,사망
2013042400100540,2013년 4월 24일 21시,수요일,충청북도 충주시 앙성면,부상신고사고,0,0,0,1,차량단독 - 공작물충돌,안전운전불이행,건조,맑음,단일로 - 기타,화물,남,50세,부상신고,,,,
2013042500100009,2013년 4월 25일 00시,목요일,충청북도 청주시 상당구 율량동,사망사고,1,1,0,0,차대차 - 추돌 - 주정차중,안전운전불이행,건조,맑음,교차로 - 교차로부근,승용,남,26세,사망,승용,남,44세,중상
2013042500100010,2013년 4월 25일 00시,목요일,충청북도 충주시 문화동,중상사고,0,1,1,0,차대차 - 기타,안전운전불이행,건조,맑음,단일로 - 기타,화물,남,41세,상해없음,화물,남,42세,중상
2013042500100011,2013년 4월 25일 00시,목요일,충청북도 충주시 문화동,경상사고,0,0,1,0,차대차 - 기타,직진우회전진행방해,건조,맑음,교차로 - 교차로안,승용,남,26세,상해없음,원동기,남,17세,경상
2013042500100031,2013년 4월 25일 01시,목요일,충청북도 충주시 호암동,경상사고,0,0,1,0,차대차 - 기타,안전거리미확보,건조,맑음,교차로 - 교차로부근,승용,남,51세,상해없음,승용,남,28세,경상
2013042500100055,2013년 4월 25일 04시,목요일,충청북도 청주시 흥덕구 가경동,경상사고,0,0,1,0,차대차 - 측면직각충돌,신호위반,건조,맑음,교차로 - 교차로안,승용,남,24세,상해없음,승용,남,61세,경상
2013042500100087,2013년 4월 25일 07시,목요일,충청북도 청주시 상당구 영운동,경상사고,0,0,3,0,차대차 - 기타,안전운전불이행,건조,맑음,단일로 - 기타,승용,남,52세,상해없음,승용,남,52세,경상
2013042500100111,2013년 4월 25일 08시,목요일,충청북도 영동군 황간면,경상사고,0,0,1,0,차대사람 - 기타,안전운전불이행,건조,맑음,교차로 - 교차로안,승용,여,54세,상해없음,보행자,여,13세,경상
2013042500100112,2013년 4월 25일 08시,목요일,충청북도 진천군 이월면,중상사고,0,1,0,0,차대차 - 기타,안전운전불이행,건조,흐림,단일로 - 기타,승용,남,38세,상해없음,화물,남,59세,중상
2013042500100141,2013년 4월 25일 09시,목요일,충청북도 청원군 북이면,중상사고,0,1,1,0,차대차 - 측면직각충돌,신호위반,건조,맑음,교차로 - 교차로안,승용,남,18세,상해없음,승용,남,34세,중상
2013042500100192,2013년 4월 25일 11시,목요일,충청북도 영동군 황간면,중상사고,0,1,0,0,차대차 - 측면직각충돌,안전운전불이행,건조,흐림,교차로 - 교차로안,화물,남,57세,상해없음,자전거,남,71세,중상
2013042500100243,2013년 4월 25일 13시,목요일,충청북도 보은군 장안면,경상사고,0,0,1,0,차대차 - 측면직각충돌,안전운전불이행,습기,비,교차로 - 교차로부근,화물,남,68세,상해없음,승용,남,24세,경상
2013042500100244,2013년 4월 25일 13시,목요일,충청북도 청주시 흥덕구 가경동,경상사고,0,0,1,0,차대차 - 추돌 - 진행중,안전운전불이행,건조,맑음,교차로 - 교차로부근,승용,여,27세,상해없음,승용,남,32세,경상
2013042500100245,2013년 4월 25일 13시,목요일,충청북도 청주시 흥덕구 복대동,중상사고,0,1,0,0,차대사람 - 횡단중,보행자보호의무위반,건조,맑음,단일로 - 기타,승용,여,38세,상해없음,보행자,남,6세,중상
2013042500100273,2013년 4월 25일 14시,목요일,충청북도 청주시 상당구 석교동,경상사고,0,0,1,0,차대차 - 기타,안전운전불이행,건조,맑음,교차로 - 교차로부근,승용,남,67세,상해없음,원동기,남,16세,경상
2013042500100274,2013년 4월 25일 14시,목요일,충청북도 보은군 회인면,사망사고,1,0,0,0,차량단독 - 기타,안전운전불이행,건조,맑음,단일로 - 기타,승용,남,49세,사망,,,,
2013042500100303,2013년 4월 25일 15시,목요일,충청북도 충주시 봉방동,중상사고,0,1,2,0,차대차 - 추돌 - 주정차중,안전운전불이행,건조,맑음,단일로 - 기타,승용,남,55세,상해없음,승용,여,51세,중상
2013042500100304,2013년 4월 25일 15시,목요일,충청북도 청주시 상당구 용암동,중상사고,0,1,0,0,차대차 - 측면직각충돌,안전운전불이행,건조,맑음,교차로 - 교차로안,승용,남,31세,상해없음,승용,여,47세,중상
2013042500100339,2013년 4월 25일 16시,목요일,충청북도 청주시 상당구 탑동,경상사고,0,0,1,0,차대사람 - 횡단중,보행자보호의무위반,건조,맑음,단일로 - 기타,승용,남,49세,상해없음,보행자,남,48세,경상
2013042500100340,2013년 4월 25일 16시,목요일,충청북도 제천시 서부동,중상사고,0,1,0,0,차대차 - 기타,직진우회전진행방해,건조,흐림,교차로 - 교차로안,화물,남,51세,상해없음,원동기,남,71세,중상
2013042500100369,2013년 4월 25일 17시,목요일,충청북도 음성군 맹동면,경상사고,0,0,1,0,차대차 - 기타,교차로운행방법위반,건조,맑음,교차로 - 교차로안,승용,남,58세,경상,승용,남,38세,상해없음
2013042500100396,2013년 4월 25일 18시,목요일,충청북도 제천시 산곡동,중상사고,0,1,0,0,차대차 - 기타,중앙선침범,습기,비,단일로 - 기타,승용,남,63세,상해없음,승용,여,36세,중상
2013042500100422,2013년 4월 25일 19시,목요일,충청북도 충주시 지현동,경상사고,0,0,2,0,차대차 - 추돌 - 진행중,교차로운행방법위반,건조,맑음,교차로 - 교차로안,승용,여,40세,경상,승용,남,58세,경상
2013042500100423,2013년 4월 25일 19시,목요일,충청북도 제천시 왕암동,경상사고,0,0,1,0,차대차 - 기타,신호위반,건조,맑음,교차로 - 교차로안,특수,남,60세,상해없음,승용,남,30세,경상
2013042500100453,2013년 4월 25일 20시,목요일,충청북도 청주시 상당구 우암동,중상사고,0,1,0,0,차대사람 - 횡단중,보행자보호의무위반,건조,맑음,교차로 - 교차로부근,승용,여,24세,상해없음,보행자,여,63세,중상
2013042500100485,2013년 4월 25일 21시,목요일,충청북도 제천시 명지동,경상사고,0,0,1,0,차량단독 - 전도전복,안전운전불이행,건조,흐림,단일로 - 기타,승용,남,41세,상해없음,,,,
2013042500100486,2013년 4월 25일 21시,목요일,충청북도 청주시 흥덕구 사직동,경상사고,0,0,2,0,차대차 - 추돌 - 진행중,안전운전불이행,건조,맑음,교차로 - 교차로부근,승용,남,36세,상해없음,승용,남,33세,경상
2013042500100527,2013년 4월 25일 22시,목요일,충청북도 청주시 상당구 용암동,중상사고,0,2,0,0,차대차 - 정면충돌,중앙선침범,건조,맑음,교차로 - 교차로안,승용,여,41세,상해없음,승용,남,44세,중상
2013042500100550,2013년 4월 25일 23시,목요일,충청북도 음성군 대소면,경상사고,0,0,1,0,차대차 - 기타,안전운전불이행,습기,흐림,기타 - 기타,승용,남,28세,상해없음,승용,남,44세,경상
2013042600100053,2013년 4월 26일 02시,금요일,충청북도 청주시 상당구 우암동,중상사고,0,1,0,0,차대사람 - 기타,신호위반,건조,맑음,교차로 - 교차로안,승용,남,48세,상해없음,보행자,여,67세,중상
2013042600100087,2013년 4월 26일 05시,금요일,충청북도 청주시 상당구 율량동,중상사고,0,1,0,0,차대차 - 측면직각충돌,중앙선침범,건조,맑음,단일로 - 기타,승용,남,22세,기타불명,승합,남,70세,상해없음
2013042600100121,2013년 4월 26일 07시,금요일,충청북도 충주시 엄정면,부상신고사고,0,0,0,1,차량단독 - 전도전복,안전운전불이행,건조,맑음,단일로 - 기타,승용,여,62세,부상신고,,,,
2013042600100188,2013년 4월 26일 09시,금요일,충청북도 청주시 흥덕구 복대동,경상사고,0,0,1,0,차대차 - 측면직각충돌,안전운전불이행,건조,맑음,교차로 - 교차로부근,승용,남,52세,상해없음,승용,남,30세,경상
2013042600100218,2013년 4월 26일 10시,금요일,충청북도 음성군 삼성면,경상사고,0,0,3,0,차대차 - 기타,안전운전불이행,건조,맑음,단일로 - 기타,승용,여,24세,경상,화물,남,59세,경상
2013042600100291,2013년 4월 26일 13시,금요일,충청북도 청주시 흥덕구 가경동,중상사고,0,1,0,0,차대차 - 측면직각충돌,안전운전불이행,건조,맑음,교차로 - 교차로부근,화물,남,31세,상해없음,자전거,남,60세,중상
2013042600100384,2013년 4월 26일 16시,금요일,충청북도 제천시 강제동,경상사고,0,0,1,0,차대사람 - 횡단중,보행자보호의무위반,습기,맑음,단일로 - 횡단보도상,승용,남,39세,상해없음,보행자,남,43세,경상
2013042600100385,2013년 4월 26일 16시,금요일,충청북도 청주시 흥덕구 가경동,경상사고,0,0,1,0,차대차 - 측면직각충돌,안전운전불이행,건조,맑음,교차로 - 교차로안,자전거,남,18세,경상,승합,남,55세,상해없음
2013042600100386,2013년 4월 26일 16시,금요일,충청북도 청원군 가덕면,중상사고,0,1,2,0,차대차 - 기타,안전운전불이행,건조,맑음,교차로 - 교차로부근,승용,남,60세,상해없음,승용,여,36세,경상
2013042600100387,2013년 4월 26일 16시,금요일,충청북도 청주시 흥덕구 수곡동,경상사고,0,0,1,0,차대사람 - 기타,기타,건조,맑음,단일로 - 기타,승합,남,34세,상해없음,보행자,여,59세,경상
2013042600100424,2013년 4월 26일 17시,금요일,충청북도 음성군 맹동면,중상사고,0,1,1,0,차대차 - 기타,신호위반,건조,맑음,교차로 - 교차로안,승용,남,50세,중상,화물,남,56세,경상
2013042600100467,2013년 4월 26일 18시,금요일,충청북도 청주시 상당구 내덕동,경상사고,0,0,1,0,차대사람 - 기타,보행자보호의무위반,건조,맑음,단일로 - 기타,승용,여,38세,상해없음,보행자,여,23세,경상
2013042600100468,2013년 4월 26일 18시,금요일,충청북도 청주시 상당구 용암동,경상사고,0,0,1,0,차대사람 - 기타,안전운전불이행,건조,맑음,교차로 - 교차로부근,승용,여,51세,상해없음,보행자,남,8세,경상
2013042600100532,2013년 4월 26일 20시,금요일,충청북도 충주시 교현동,중상사고,0,1,0,0,차대차 - 정면충돌,중앙선침범,건조,맑음,단일로 - 기타,승용,남,64세,상해없음,이륜,남,16세,중상
2013042600100581,2013년 4월 26일 21시,금요일,충청북도 영동군 영동읍,중상사고,0,1,0,0,차대차 - 기타,교차로운행방법위반,건조,맑음,교차로 - 교차로안,승용,남,29세,상해없음,이륜,남,39세,중상
2013042600100582,2013년 4월 26일 21시,금요일,충청북도 청주시 흥덕구 모충동,경상사고,0,0,2,0,차대사람 - 기타,보행자보호의무위반,건조,맑음,단일로 - 횡단보도상,승용,남,29세,상해없음,보행자,남,22세,경상
2013042600100620,2013년 4월 26일 22시,금요일,충청북도 청주시 흥덕구 봉명동,중상사고,0,1,0,0,차대사람 - 횡단중,안전운전불이행,건조,맑음,단일로 - 기타,승용,남,26세,상해없음,보행자,남,36세,중상
2013042600100621,2013년 4월 26일 22시,금요일,충청북도 청주시 흥덕구 사직동,중상사고,0,1,0,0,차대사람 - 횡단중,기타,건조,맑음,교차로 - 교차로안,승용,남,51세,상해없음,보행자,여,18세,중상
2013042600100622,2013년 4월 26일 22시,금요일,충청북도 청원군 오송읍,중상사고,0,1,3,0,차대차 - 추돌 - 주정차중,안전운전불이행,건조,맑음,교차로 - 교차로부근,승용,남,45세,상해없음,승합,남,54세,경상
2013042700100014,2013년 4월 27일 00시,토요일,충청북도 괴산군 괴산읍,경상사고,0,0,1,0,차량단독 - 공작물충돌,안전운전불이행,건조,맑음,교차로 - 교차로안,승용,여,41세,상해없음,,,,
2013042700100033,2013년 4월 27일 01시,토요일,충청북도 충주시 교현동,부상신고사고,0,0,0,2,차대차 - 추돌 - 주정차중,안전운전불이행,건조,맑음,기타 - 기타,승용,남,47세,상해없음,승용,남,30세,기타불명
2013042700100058,2013년 4월 27일 02시,토요일,충청북도 청주시 상당구 용암동,중상사고,0,1,0,0,차대차 - 기타,안전운전불이행,건조,맑음,교차로 - 교차로안,이륜,남,16세,중상,승용,여,48세,상해없음
2013042700100161,2013년 4월 27일 08시,토요일,충청북도 청주시 흥덕구 봉명동,중상사고,0,1,0,0,차대사람 - 횡단중,안전운전불이행,건조,맑음,단일로 - 기타,승용,남,47세,상해없음,보행자,남,45세,중상
2013042700100179,2013년 4월 27일 09시,토요일,충청북도 청주시 상당구 율량동,중상사고,0,1,2,0,차대차 - 정면충돌,신호위반,건조,맑음,교차로 - 교차로안,승용,남,77세,상해없음,승용,남,47세,경상
2013042700100180,2013년 4월 27일 09시,토요일,충청북도 청원군 낭성면,경상사고,0,0,1,0,차대차 - 추돌 - 진행중,안전운전불이행,건조,맑음,교차로 - 교차로안,승합,남,21세,상해없음,승용,남,66세,경상
2013042700100229,2013년 4월 27일 11시,토요일,충청북도 충주시 용관동,중상사고,0,1,0,0,차량단독 - 공작물충돌,안전운전불이행,건조,맑음,단일로 - 기타,화물,남,40세,중상,,,,
2013042700100230,2013년 4월 27일 11시,토요일,충청북도 음성군 음성읍,중상사고,0,1,1,0,차대차 - 기타,교차로운행방법위반,건조,맑음,교차로 - 교차로안,화물,남,60세,상해없음,승합,남,53세,상해없음
2013042700100264,2013년 4월 27일 12시,토요일,충청북도 제천시 하소동,경상사고,0,0,2,0,차대차 - 기타,직진우회전진행방해,건조,맑음,교차로 - 교차로안,화물,여,51세,경상,승용,남,46세,경상
2013042700100265,2013년 4월 27일 12시,토요일,충청북도 단양군 단양읍,중상사고,0,1,0,0,차대차 - 기타,안전운전불이행,건조,맑음,교차로 - 교차로부근,승용,남,70세,상해없음,원동기,여,66세,중상
2013042700100297,2013년 4월 27일 13시,토요일,충청북도 청주시 상당구 남문로1가동,중상사고,0,1,0,0,차대사람 - 횡단중,안전운전불이행,건조,맑음,교차로 - 교차로안,기타불명,기타불명,기타불명,기타불명,보행자,남,62세,중상
2013042700100324,2013년 4월 27일 14시,토요일,충청북도 음성군 대소면,경상사고,0,0,1,0,차대차 - 기타,기타,건조,맑음,단일로 - 기타,화물,남,26세,상해없음,승용,남,31세,경상
2013042700100480,2013년 4월 27일 18시,토요일,충청북도 청주시 흥덕구 복대동,중상사고,0,1,0,0,차량단독 - 기타,안전운전불이행,건조,맑음,단일로 - 기타,승합,남,38세,상해없음,,,,
2013042700100599,2013년 4월 27일 21시,토요일,충청북도 청주시 흥덕구 산남동,경상사고,0,0,2,0,차대차 - 기타,안전운전불이행,건조,흐림,단일로 - 기타,승용,여,47세,경상,승용,남,62세,경상
2013042700100625,2013년 4월 27일 22시,토요일,충청북도 음성군 대소면,중상사고,0,1,0,0,차대차 - 기타,기타,건조,맑음,교차로 - 교차로안,원동기,남,19세,중상,승용,남,50세,상해없음
2013042700100626,2013년 4월 27일 22시,토요일,충청북도 청주시 흥덕구 봉명동,경상사고,0,0,1,0,차대차 - 추돌 - 주정차중,안전거리미확보,건조,맑음,단일로 - 기타,승용,남,49세,상해없음,승용,여,30세,경상
2013042700100627,2013년 4월 27일 22시,토요일,충청북도 청주시 상당구 용암동,사망사고,1,1,0,0,차대차 - 측면직각충돌,안전운전불이행,건조,맑음,교차로 - 교차로부근,원동기,남,16세,사망,자전거,남,9세,중상
2013042700100654,2013년 4월 27일 23시,토요일,충청북도 청주시 흥덕구 복대동,경상사고,0,0,3,0,차대차 - 추돌 - 주정차중,안전운전불이행,건조,맑음,단일로 - 기타,이륜,남,25세,상해없음,승용,남,47세,경상
2013042700100655,2013년 4월 27일 23시,토요일,충청북도 청주시 상당구 용암동,경상사고,0,0,3,0,차대차 - 기타,안전운전불이행,건조,맑음,교차로 - 교차로부근,승용,남,47세,상해없음,승용,남,22세,경상
2013042800100015,2013년 4월 28일 00시,일요일,충청북도 청주시 흥덕구 봉명동,중상사고,0,1,0,0,차대사람 - 기타,안전운전불이행,건조,맑음,단일로 - 기타,승용,여,52세,상해없음,보행자,남,56세,중상