사고번호,사고일시,요일,시군구,사고내용,사망자수,중상자수,경상자수,부상신고자수,사고유형,법규위반,노면상태,기상상태,도로형태,가해운전자 차종,가해운전자 성별,가해운전자 연령,가해운전자 상해정도,피해운전자 차종,피해운전자 성별,피해운전자 연령,피해운전자 상해정도
2013050300100154,2013년 5월 3일 08시,금요일,충청북도 청주시 상당구 영운동,중상사고,0,1,0,0,차대차 - 측면직각충돌,안전운전불이행,건조,맑음,단일로 - 기타,기타불명,기타불명,기타불명,기타불명,자전거,여,17세,중상
2013050300100179,2013년 5월 3일 09시,금요일,충청북도 청주시 상당구 금천동,경상사고,0,0,2,0,차대차 - 측면직각충돌,안전운전불이행,건조,맑음,교차로 - 교차로안,화물,남,51세,상해없음,이륜,남,70세,경상
2013050300100180,2013년 5월 3일 09시,금요일,충청북도 옥천군 옥천읍,중상사고,0,2,0,0,차대차 - 측면직각충돌,교차로운행방법위반,건조,맑음,교차로 - 교차로안,화물,남,53세,상해없음,이륜,남,63세,중상
2013050300100211,2013년 5월 3일 10시,금요일,충청북도 제천시 영천동,중상사고,0,1,0,0,차대차 - 추돌 - 진행중,안전운전불이행,건조,맑음,단일로 - 기타,승용,남,49세,상해없음,승용,남,65세,중상
2013050300100212,2013년 5월 3일 10시,금요일,충청북도 증평군 증평읍,부상신고사고,0,0,0,1,차대차 - 측면직각충돌,안전거리미확보,건조,맑음,단일로 - 기타,화물,남,37세,부상신고,화물,남,32세,상해없음
2013050300100237,2013년 5월 3일 11시,금요일,충청북도 음성군 음성읍,경상사고,0,0,1,0,차대차 - 기타,안전운전불이행,건조,맑음,기타 - 기타,승용,여,58세,상해없음,화물,남,38세,경상
2013050300100238,2013년 5월 3일 11시,금요일,충청북도 청주시 흥덕구 사직동,중상사고,0,1,0,0,차대차 - 측면직각충돌,안전운전불이행,건조,맑음,단일로 - 기타,승용,여,65세,상해없음,자전거,남,72세,중상
2013050300100256,2013년 5월 3일 12시,금요일,충청북도 제천시 하소동,경상사고,0,0,1,0,차대차 - 측면직각충돌,안전거리미확보,건조,맑음,교차로 - 교차로안,승용,여,57세,상해없음,승용,여,56세,경상
2013050300100257,2013년 5월 3일 12시,금요일,충청북도 청원군 오송읍,경상사고,0,0,1,0,차량단독 - 기타,안전운전불이행,건조,맑음,단일로 - 기타,승용,남,70세,상해없음,,,,
2013050300100258,2013년 5월 3일 12시,금요일,충청북도 음성군 감곡면,중상사고,0,1,3,0,차대차 - 기타,안전운전불이행,건조,맑음,단일로 - 기타,화물,남,40세,상해없음,승용,여,57세,경상
2013050300100322,2013년 5월 3일 14시,금요일,충청북도 청주시 상당구 탑동,경상사고,0,0,1,0,차대사람 - 기타,안전운전불이행,건조,맑음,교차로 - 교차로부근,승용,여,37세,상해없음,보행자,남,52세,경상
2013050300100324,2013년 5월 3일 14시,금요일,충청북도 청주시 흥덕구 신봉동,중상사고,0,1,0,0,차대차 - 측면직각충돌,안전운전불이행,건조,맑음,교차로 - 교차로안,승용,남,39세,상해없음,이륜,남,77세,중상
2013050300100353,2013년 5월 3일 15시,금요일,충청북도 청원군 내수읍,중상사고,0,1,3,0,차대차 - 기타,안전운전불이행,건조,맑음,교차로 - 교차로부근,화물,남,39세,중상,승용,여,40세,경상
2013050300100373,2013년 5월 3일 16시,금요일,충청북도 진천군 초평면,중상사고,0,1,0,0,차대차 - 추돌 - 진행중,안전운전불이행,건조,맑음,기타 - 기타,화물,남,53세,상해없음,화물,남,50세,중상
2013050300100457,2013년 5월 3일 18시,금요일,충청북도 청원군 오창읍,경상사고,0,0,1,0,차대차 - 측면직각충돌,안전운전불이행,건조,맑음,단일로 - 기타,승용,여,39세,상해없음,승용,여,32세,경상
2013050300100496,2013년 5월 3일 19시,금요일,충청북도 청주시 상당구 금천동,경상사고,0,0,1,0,차대차 - 측면직각충돌,안전운전불이행,건조,맑음,교차로 - 교차로부근,승용,여,49세,상해없음,이륜,남,59세,경상
2013050300100497,2013년 5월 3일 19시,금요일,충청북도 제천시 장락동,경상사고,0,0,1,0,차대차 - 추돌 - 주정차중,불법유턴,건조,맑음,교차로 - 교차로안,승용,남,43세,상해없음,승용,여,29세,경상
2013050300100498,2013년 5월 3일 19시,금요일,충청북도 청주시 흥덕구 강서동,경상사고,0,0,2,0,차대차 - 측면직각충돌,안전운전불이행,건조,맑음,단일로 - 기타,승용,여,37세,경상,승용,여,63세,경상
2013050300100535,2013년 5월 3일 20시,금요일,충청북도 보은군 마로면,중상사고,0,1,0,0,차대차 - 추돌 - 진행중,안전운전불이행,건조,맑음,교차로 - 교차로부근,승용,여,50세,상해없음,원동기,남,15세,중상
2013050300100588,2013년 5월 3일 21시,금요일,충청북도 청주시 흥덕구 송정동,경상사고,0,0,1,0,차대차 - 측면직각충돌,안전운전불이행,건조,맑음,교차로 - 교차로부근,승용,남,25세,상해없음,자전거,남,35세,경상
2013050300100631,2013년 5월 3일 22시,금요일,충청북도 충주시 앙성면,중상사고,0,1,1,0,차대차 - 정면충돌,중앙선침범,건조,맑음,단일로 - 기타,승용,남,51세,중상,승용,남,36세,경상
2013050300100632,2013년 5월 3일 22시,금요일,충청북도 음성군 대소면,중상사고,0,2,4,0,차대차 - 기타,안전운전불이행,건조,맑음,단일로 - 기타,승용,남,31세,상해없음,승용,남,41세,중상
2013050300100672,2013년 5월 3일 23시,금요일,충청북도 청주시 상당구 수동,중상사고,0,1,1,0,차대차 - 정면충돌,신호위반,건조,맑음,교차로 - 교차로안,승용,남,21세,상해없음,승용,여,27세,중상
2013050300100673,2013년 5월 3일 23시,금요일,충청북도 충주시 노은면,중상사고,0,2,0,0,차대차 - 기타,안전운전불이행,건조,맑음,단일로 - 기타,승용,남,38세,상해없음,승용,남,31세,중상
2013050400100013,2013년 5월 4일 00시,토요일,충청북도 청원군 오창읍,중상사고,0,2,0,0,차대차 - 기타,신호위반,건조,맑음,교차로 - 교차로안,승용,남,41세,상해없음,승용,남,34세,중상
2013050400100043,2013년 5월 4일 01시,토요일,충청북도 청주시 상당구 서문동,경상사고,0,0,2,0,차대차 - 측면직각충돌,교차로운행방법위반,건조,맑음,교차로 - 교차로안,승용,남,29세,경상,승용,남,50세,경상
2013050400100099,2013년 5월 4일 05시,토요일,충청북도 청주시 흥덕구 복대동,경상사고,0,0,2,0,차대차 - 추돌 - 진행중,신호위반,건조,맑음,교차로 - 교차로안,승용,남,25세,상해없음,승용,남,37세,경상
2013050400100127,2013년 5월 4일 07시,토요일,충청북도 청주시 흥덕구 수곡동,중상사고,0,1,0,0,차대차 - 정면충돌,중앙선침범,건조,맑음,단일로 - 기타,승용,남,19세,상해없음,화물,남,32세,중상
2013050400100164,2013년 5월 4일 09시,토요일,충청북도 옥천군 옥천읍,중상사고,0,1,0,0,차대차 - 측면직각충돌,중앙선침범,건조,맑음,단일로 - 기타,승용,남,76세,상해없음,원동기,여,65세,중상
2013050400100186,2013년 5월 4일 10시,토요일,충청북도 제천시 장락동,경상사고,0,0,1,0,차대사람 - 기타,안전운전불이행,건조,맑음,교차로 - 교차로안,자전거,기타불명,기타불명,기타불명,보행자,여,71세,경상
2013050400100216,2013년 5월 4일 11시,토요일,충청북도 청주시 흥덕구 성화동,중상사고,0,1,0,0,차량단독 - 기타,기타,건조,맑음,단일로 - 기타,승합,남,48세,상해없음,,,,
2013050400100242,2013년 5월 4일 12시,토요일,충청북도 영동군 영동읍,중상사고,0,1,0,0,차대차 - 기타,안전운전불이행,건조,맑음,단일로 - 기타,승용,남,50세,상해없음,원동기,남,74세,중상
2013050400100243,2013년 5월 4일 12시,토요일,충청북도 단양군 단양읍,경상사고,0,0,2,0,차대차 - 측면직각충돌,직진우회전진행방해,건조,맑음,교차로 - 교차로안,승용,남,44세,상해없음,승용,여,34세,경상
2013050400100244,2013년 5월 4일 12시,토요일,충청북도 청주시 흥덕구 가경동,경상사고,0,0,1,0,차대사람 - 기타,기타,건조,맑음,단일로 - 기타,승합,남,42세,상해없음,보행자,남,63세,경상
2013050400100273,2013년 5월 4일 13시,토요일,충청북도 청주시 상당구 석교동,경상사고,0,0,1,0,차대차 - 측면직각충돌,안전운전불이행,건조,맑음,교차로 - 교차로부근,승용,남,35세,상해없음,승용,여,38세,경상
2013050400100274,2013년 5월 4일 13시,토요일,충청북도 청원군 문의면,중상사고,0,1,0,0,차대차 - 측면직각충돌,안전운전불이행,건조,맑음,교차로 - 교차로안,이륜,남,71세,중상,승용,남,44세,상해없음
2013050400100306,2013년 5월 4일 14시,토요일,충청북도 청주시 흥덕구 석곡동,중상사고,0,1,0,0,차대차 - 측면직각충돌,중앙선침범,건조,맑음,단일로 - 기타,승용,남,42세,상해없음,승용,여,38세,중상
2013050400100353,2013년 5월 4일 15시,토요일,충청북도 청원군 내수읍,경상사고,0,0,2,0,차대차 - 측면직각충돌,교차로운행방법위반,건조,맑음,교차로 - 교차로안,건설기계,남,42세,상해없음,승용,남,73세,경상
2013050400100354,2013년 5월 4일 15시,토요일,충청북도 청주시 상당구 외남동,경상사고,0,0,1,0,차대차 - 측면직각충돌,중앙선침범,건조,맑음,교차로 - 교차로안,승용,남,57세,상해없음,승용,남,55세,경상
2013050400100355,2013년 5월 4일 15시,토요일,충청북도 청원군 오창읍,중상사고,0,1,0,0,차대차 - 측면직각충돌,신호위반,건조,맑음,교차로 - 교차로안,승용,남,31세,상해없음,승용,여,53세,중상
2013050400100399,2013년 5월 4일 16시,토요일,충청북도 청원군 북이면,중상사고,0,1,5,0,차대차 - 추돌 - 진행중,안전운전불이행,건조,맑음,단일로 - 기타,승용,남,43세,상해없음,승용,남,35세,경상
2013050400100401,2013년 5월 4일 16시,토요일,충청북도 청원군 옥산면,중상사고,0,4,8,0,차대차 - 측면직각충돌,안전거리미확보,건조,맑음,단일로 - 기타,승용,남,27세,상해없음,승합,남,48세,상해없음
2013050400100425,2013년 5월 4일 17시,토요일,충청북도 청원군 남일면,경상사고,0,0,1,0,차량단독 - 전도전복,안전운전불이행,건조,맑음,단일로 - 기타,승용,남,51세,경상,,,,
2013050400100491,2013년 5월 4일 19시,토요일,충청북도 충주시 칠금동,중상사고,0,1,0,0,차대차 - 기타,신호위반,건조,맑음,교차로 - 교차로안,승합,남,35세,상해없음,원동기,남,35세,중상
2013050400100492,2013년 5월 4일 19시,토요일,충청북도 충주시 용두동,중상사고,0,4,0,0,차대차 - 기타,중앙선침범,건조,맑음,단일로 - 기타,승용,여,39세,상해없음,승용,남,36세,중상
2013050400100520,2013년 5월 4일 20시,토요일,충청북도 제천시 청전동,중상사고,0,1,0,0,차대차 - 측면직각충돌,신호위반,건조,맑음,교차로 - 교차로안,원동기,여,17세,중상,승용,남,41세,상해없음
2013050400100559,2013년 5월 4일 21시,토요일,충청북도 충주시 살미면,경상사고,0,0,1,1,차대차 - 기타,안전운전불이행,건조,맑음,단일로 - 기타,승용,남,52세,부상신고,농기계,남,54세,경상
2013050400100590,2013년 5월 4일 22시,토요일,충청북도 증평군 증평읍,경상사고,0,0,2,0,차대차 - 측면직각충돌,직진우회전진행방해,건조,맑음,교차로 - 교차로안,화물,남,46세,상해없음,승용,남,31세,경상
2013050400100591,2013년 5월 4일 22시,토요일,충청북도 청주시 흥덕구 향정동,경상사고,0,0,2,0,차대차 - 정면충돌,신호위반,건조,맑음,교차로 - 교차로안,승용,여,29세,상해없음,승용,남,51세,경상
2013050500100025,2013년 5월 5일 01시,일요일,충청북도 청주시 흥덕구 사창동,경상사고,0,0,2,0,차대차 - 측면직각충돌,안전운전불이행,건조,맑음,단일로 - 기타,이륜,남,17세,경상,승용,남,26세,상해없음
2013050500100123,2013년 5월 5일 08시,일요일,충청북도 청주시 흥덕구 성화동,경상사고,0,0,1,0,차대차 - 측면직각충돌,중앙선침범,건조,맑음,단일로 - 기타,화물,남,39세,상해없음,승용,남,44세,경상
2013050500100124,2013년 5월 5일 08시,일요일,충청북도 청주시 흥덕구 죽림동,경상사고,0,0,6,0,차대차 - 측면직각충돌,안전운전불이행,건조,맑음,단일로 - 기타,승용,여,53세,경상,승용,여,43세,경상
2013050500100140,2013년 5월 5일 09시,일요일,충청북도 진천군 진천읍,경상사고,0,0,1,0,차대차 - 측면직각충돌,신호위반,건조,맑음,교차로 - 교차로안,승용,남,76세,상해없음,승용,남,28세,경상
2013050500100157,2013년 5월 5일 10시,일요일,충청북도 청원군 현도면,경상사고,0,0,1,0,차대차 - 기타,안전운전불이행,건조,맑음,교차로 - 교차로부근,승용,남,63세,상해없음,승용,남,58세,경상
2013050500100183,2013년 5월 5일 11시,일요일,충청북도 제천시 금성면,중상사고,0,1,1,0,차대차 - 추돌 - 진행중,안전거리미확보,건조,맑음,교차로 - 교차로부근,승용,남,54세,상해없음,승용,남,72세,중상
2013050500100231,2013년 5월 5일 13시,일요일,충청북도 청주시 상당구 탑동,경상사고,0,0,4,0,차대차 - 측면직각충돌,교차로운행방법위반,건조,맑음,교차로 - 교차로안,승용,남,27세,경상,승용,남,54세,경상
2013050500100232,2013년 5월 5일 13시,일요일,충청북도 음성군 금왕읍,중상사고,0,1,1,0,차대차 - 기타,차로위반,건조,맑음,단일로 - 기타,화물,남,56세,중상,승용,여,55세,경상
2013050500100296,2013년 5월 5일 15시,일요일,충청북도 충주시 연수동,경상사고,0,0,1,0,차대차 - 기타,안전운전불이행,건조,맑음,교차로 - 교차로부근,승용,남,49세,상해없음,승용,남,31세,경상
2013050500100300,2013년 5월 5일 15시,일요일,충청북도 청주시 흥덕구 석소동,경상사고,0,0,4,0,차대차 - 추돌 - 주정차중,안전거리미확보,건조,맑음,단일로 - 기타,승용,남,25세,상해없음,승용,여,44세,경상
2013050500100331,2013년 5월 5일 16시,일요일,충청북도 청원군 오창읍,중상사고,0,1,1,0,차대차 - 추돌 - 주정차중,안전운전불이행,건조,맑음,교차로 - 교차로안,승용,남,54세,상해없음,승용,남,49세,경상
2013050500100332,2013년 5월 5일 16시,일요일,충청북도 음성군 생극면,중상사고,0,1,0,0,차대차 - 기타,중앙선침범,건조,맑음,기타 - 기타,승용,남,44세,상해없음,특수,남,38세,중상
2013050500100377,2013년 5월 5일 17시,일요일,충청북도 청주시 상당구 문화동,경상사고,0,0,1,0,차대차 - 측면직각충돌,안전운전불이행,건조,맑음,교차로 - 교차로안,승합,남,58세,상해없음,원동기,남,16세,경상
2013050500100417,2013년 5월 5일 18시,일요일,충청북도 음성군 맹동면,경상사고,0,0,1,0,차대차 - 기타,기타,건조,맑음,교차로 - 교차로안,승용,남,23세,상해없음,화물,남,41세,경상
2013050500100452,2013년 5월 5일 19시,일요일,충청북도 제천시 청전동,경상사고,0,0,1,0,차대차 - 측면직각충돌,안전운전불이행,건조,맑음,단일로 - 기타,원동기,남,17세,경상,승용,남,20세,상해없음
2013050500100482,2013년 5월 5일 20시,일요일,충청북도 청원군 오창읍,경상사고,0,0,2,0,차대사람 - 횡단중,안전운전불이행,건조,맑음,단일로 - 기타,자전거,남,24세,경상,보행자,남,33세,경상
2013050500100483,2013년 5월 5일 20시,일요일,충청북도 청주시 흥덕구 분평동,경상사고,0,0,2,0,차대차 - 기타,안전운전불이행,건조,맑음,단일로 - 기타,승용,남,34세,상해없음,승용,여,29세,경상
2013050500100484,2013년 5월 5일 20시,일요일,충청북도 청주시 상당구 용암동,중상사고,0,1,0,0,차대차 - 기타,신호위반,건조,맑음,교차로 - 교차로안,이륜,남,53세,중상,승용,남,21세,상해없음
2013050500100514,2013년 5월 5일 21시,일요일,충청북도 음성군 대소면,사망사고,1,0,0,0,차대차 - 기타,중앙선침범,건조,맑음,단일로 - 기타,원동기,남,37세,사망,승용,남,52세,상해없음
2013050500100540,2013년 5월 5일 22시,일요일,충청북도 청주시 흥덕구 복대동,경상사고,0,0,2,0,차대차 - 측면직각충돌,교차로운행방법위반,건조,맑음,교차로 - 교차로안,승용,남,24세,상해없음,승용,여,30세,경상
2013050500100541,2013년 5월 5일 22시,일요일,충청북도 청주시 흥덕구 모충동,중상사고,0,1,0,0,차대차 - 기타,안전운전불이행,건조,맑음,단일로 - 기타,승용,남,51세,상해없음,승용,남,25세,중상
2013050500100559,2013년 5월 5일 23시,일요일,충청북도 충주시 봉방동,중상사고,0,2,1,0,차대차 - 기타,신호위반,건조,맑음,교차로 - 교차로안,승용,남,23세,상해없음,승용,남,50세,중상
2013050500100560,2013년 5월 5일 23시,일요일,충청북도 청주시 상당구 용암동,경상사고,0,0,2,0,차대차 - 기타,안전운전불이행,건조,맑음,교차로 - 교차로안,승용,남,47세,상해없음,화물,남,52세,경상
2013050600100040,2013년 5월 6일 03시,월요일,충청북도 제천시 모산동,경상사고,0,0,1,0,차대차 - 기타,안전운전불이행,건조,맑음,단일로 - 기타,승용,남,22세,경상,승용,남,26세,기타불명
2013050600100072,2013년 5월 6일 07시,월요일,충청북도 제천시 흑석동,경상사고,0,0,1,0,차대차 - 기타,안전거리미확보,건조,맑음,단일로 - 기타,화물,남,64세,상해없음,승용,남,36세,경상
2013050600100148,2013년 5월 6일 09시,월요일,충청북도 충주시 안림동,중상사고,0,1,0,0,차대차 - 기타,직진우회전진행방해,건조,맑음,단일로 - 기타,자전거,여,71세,중상,승용,남,50세,상해없음
2013050600100164,2013년 5월 6일 10시,월요일,충청북도 옥천군 청산면,중상사고,0,1,0,0,차대차 - 측면직각충돌,중앙선침범,건조,맑음,단일로 - 기타,이륜,남,82세,중상,화물,남,32세,상해없음
2013050600100165,2013년 5월 6일 10시,월요일,충청북도 청주시 흥덕구 죽림동,경상사고,0,0,1,0,차대차 - 추돌 - 주정차중,안전운전불이행,건조,맑음,교차로 - 교차로부근,건설기계,남,53세,경상,화물,남,29세,상해없음
2013050600100166,2013년 5월 6일 10시,월요일,충청북도 청원군 문의면,중상사고,0,1,0,0,차대사람 - 기타,안전운전불이행,건조,맑음,단일로 - 기타,승용,남,40세,상해없음,보행자,여,75세,중상
2013050600100212,2013년 5월 6일 12시,월요일,충청북도 충주시 앙성면,중상사고,0,3,0,0,차대차 - 측면직각충돌,안전거리미확보,건조,맑음,단일로 - 기타,화물,남,65세,중상,승용,남,33세,중상
2013050600100246,2013년 5월 6일 13시,월요일,충청북도 청주시 상당구 용암동,중상사고,0,1,0,0,차대차 - 추돌 - 주정차중,보행자보호의무위반,건조,맑음,단일로 - 횡단보도상,화물,남,48세,상해없음,화물,남,52세,기타불명
2013050600100279,2013년 5월 6일 14시,월요일,충청북도 제천시 금성면,사망사고,2,6,0,0,차대차 - 기타,신호위반,건조,맑음,교차로 - 교차로안,승용,남,41세,상해없음,승용,남,46세,중상
2013050600100302,2013년 5월 6일 15시,월요일,충청북도 청주시 흥덕구 사직동,중상사고,0,1,0,0,차대사람 - 횡단중,안전운전불이행,건조,맑음,단일로 - 기타,승용,여,51세,상해없음,보행자,여,6세,중상
2013050600100344,2013년 5월 6일 16시,월요일,충청북도 제천시 장락동,중상사고,0,1,1,0,차대사람 - 기타,안전운전불이행,건조,맑음,교차로 - 교차로부근,승용,여,43세,상해없음,보행자,여,51세,경상
2013050600100372,2013년 5월 6일 17시,월요일,충청북도 제천시 서부동,경상사고,0,0,1,0,차대차 - 측면직각충돌,신호위반,건조,맑음,교차로 - 교차로안,승용,여,41세,상해없음,승용,남,40세,경상
2013050600100373,2013년 5월 6일 17시,월요일,충청북도 제천시 고명동,중상사고,0,2,0,0,차대차 - 측면직각충돌,신호위반,건조,맑음,교차로 - 교차로안,승용,남,33세,상해없음,화물,남,63세,중상
2013050600100411,2013년 5월 6일 18시,월요일,충청북도 진천군 광혜원면,중상사고,0,1,0,0,차대차 - 측면직각충돌,중앙선침범,건조,맑음,단일로 - 기타,승용,남,33세,상해없음,승용,여,59세,중상
2013050600100412,2013년 5월 6일 18시,월요일,충청북도 청주시 상당구 방서동,중상사고,0,1,0,0,차대사람 - 횡단중,안전운전불이행,건조,맑음,교차로 - 교차로부근,승용,여,47세,상해없음,보행자,남,11세,중상
2013050600100441,2013년 5월 6일 19시,월요일,충청북도 청주시 상당구 우암동,중상사고,0,1,0,0,차대사람 - 횡단중,안전운전불이행,건조,맑음,단일로 - 기타,승용,남,66세,상해없음,보행자,여,17세,중상
2013050600100442,2013년 5월 6일 19시,월요일,충청북도 충주시 금가면,경상사고,0,0,1,0,차대차 - 기타,중앙선침범,건조,맑음,단일로 - 기타,승용,여,20세,상해없음,승용,여,66세,경상
2013050700100009,2013년 5월 7일 00시,화요일,충청북도 청원군 내수읍,중상사고,0,1,0,0,차대차 - 기타,안전운전불이행,건조,맑음,단일로 - 기타,화물,남,23세,상해없음,승용,남,28세,기타불명
2013050700100010,2013년 5월 7일 00시,화요일,충청북도 옥천군 이원면,경상사고,0,0,2,0,차대차 - 측면직각충돌,신호위반,건조,맑음,교차로 - 교차로안,승용,남,31세,경상,화물,남,52세,경상
2013050700100062,2013년 5월 7일 05시,화요일,충청북도 충주시 교현동,사망사고,1,0,0,0,차대차 - 기타,신호위반,건조,맑음,교차로 - 교차로안,화물,남,50세,상해없음,이륜,남,66세,사망
2013050700100086,2013년 5월 7일 07시,화요일,충청북도 진천군 진천읍,중상사고,0,1,0,0,차대사람 - 기타,안전운전불이행,건조,맑음,교차로 - 교차로안,기타불명,기타불명,기타불명,기타불명,보행자,여,11세,중상
2013050700100120,2013년 5월 7일 08시,화요일,충청북도 청주시 상당구 내덕동,경상사고,0,0,1,0,차대차 - 기타,안전운전불이행,건조,맑음,단일로 - 기타,승용,남,24세,상해없음,자전거,남,62세,경상
2013050700100121,2013년 5월 7일 08시,화요일,충청북도 충주시 앙성면,중상사고,0,1,0,0,차대차 - 기타,안전운전불이행,건조,맑음,단일로 - 기타,화물,남,49세,상해없음,자전거,남,69세,중상
2013050700100122,2013년 5월 7일 08시,화요일,충청북도 제천시 남천동,경상사고,0,0,3,0,차대차 - 기타,직진우회전진행방해,건조,맑음,교차로 - 교차로안,승용,남,58세,경상,승용,여,24세,경상
2013050700100181,2013년 5월 7일 10시,화요일,충청북도 청주시 상당구 율량동,경상사고,0,0,1,0,차대사람 - 보도통행중,안전운전불이행,건조,맑음,기타 - 기타,승용,남,46세,상해없음,보행자,여,26세,경상
2013050700100209,2013년 5월 7일 11시,화요일,충청북도 청주시 상당구 영동,경상사고,0,0,1,0,차대차 - 기타,안전운전불이행,건조,맑음,단일로 - 기타,화물,남,45세,상해없음,승용,여,30세,경상
2013050700100210,2013년 5월 7일 11시,화요일,충청북도 청주시 흥덕구 강서동,부상신고사고,0,0,0,1,차대차 - 추돌 - 주정차중,안전운전불이행,건조,맑음,단일로 - 기타,승용,남,43세,상해없음,승용,기타불명,기타불명,기타불명
2013050700100284,2013년 5월 7일 14시,화요일,충청북도 청주시 흥덕구 사창동,경상사고,0,0,1,0,차대차 - 측면직각충돌,안전운전불이행,건조,맑음,교차로 - 교차로안,승용,여,43세,상해없음,승용,여,45세,경상
2013050700100341,2013년 5월 7일 16시,화요일,충청북도 충주시 산척면,경상사고,0,0,2,0,차대차 - 측면직각충돌,안전운전불이행,건조,맑음,교차로 - 교차로안,화물,남,46세,경상,승용,남,64세,경상
2013050700100342,2013년 5월 7일 16시,화요일,충청북도 청원군 낭성면,사망사고,1,1,0,0,차대차 - 측면직각충돌,교차로운행방법위반,건조,맑음,교차로 - 교차로안,농기계,남,57세,상해없음,이륜,남,72세,사망
2013050700100373,2013년 5월 7일 17시,화요일,충청북도 단양군 적성면,중상사고,0,1,0,0,차량단독 - 공작물충돌,안전운전불이행,건조,맑음,단일로 - 기타,화물,남,53세,중상,,,,
2013050700100403,2013년 5월 7일 18시,화요일,충청북도 충주시 용산동,경상사고,0,0,1,0,차대차 - 추돌 - 진행중,안전운전불이행,건조,맑음,단일로 - 기타,원동기,남,17세,상해없음,원동기,남,17세,경상
2013050700100432,2013년 5월 7일 19시,화요일,충청북도 청주시 흥덕구 향정동,중상사고,0,1,0,0,차대차 - 측면직각충돌,안전운전불이행,건조,맑음,단일로 - 기타,이륜,남,30세,중상,승용,여,32세,상해없음
2013050700100461,2013년 5월 7일 20시,화요일,충청북도 청주시 상당구 내덕동,경상사고,0,0,1,0,차대차 - 측면직각충돌,중앙선침범,건조,맑음,단일로 - 기타,이륜,남,23세,상해없음,이륜,남,31세,경상
2013050700100462,2013년 5월 7일 20시,화요일,충청북도 청원군 오창읍,경상사고,0,0,1,0,차대차 - 추돌 - 주정차중,안전운전불이행,건조,맑음,교차로 - 교차로부근,승용,남,55세,상해없음,승용,여,32세,경상
2013050700100463,2013년 5월 7일 20시,화요일,충청북도 음성군 금왕읍,중상사고,0,1,0,0,차대차 - 기타,안전거리미확보,건조,맑음,단일로 - 기타,승용,여,29세,상해없음,원동기,남,17세,중상
2013050700100489,2013년 5월 7일 21시,화요일,충청북도 진천군 덕산면,중상사고,0,1,0,0,차대사람 - 기타,안전운전불이행,건조,맑음,단일로 - 기타,승용,남,32세,상해없음,보행자,남,29세,중상
2013050700100519,2013년 5월 7일 22시,화요일,충청북도 청주시 상당구 내덕동,경상사고,0,0,1,0,차대차 - 측면직각충돌,안전운전불이행,건조,맑음,교차로 - 교차로안,승용,남,23세,상해없음,자전거,남,24세,경상
2013050700100520,2013년 5월 7일 22시,화요일,충청북도 청주시 흥덕구 사직동,경상사고,0,0,1,0,차대차 - 측면직각충돌,안전운전불이행,건조,맑음,단일로 - 기타,기타불명,기타불명,기타불명,기타불명,승용,여,47세,경상
2013050700100540,2013년 5월 7일 23시,화요일,충청북도 청주시 상당구 우암동,경상사고,0,0,2,0,차대차 - 기타,신호위반,건조,맑음,교차로 - 교차로안,승용,여,35세,상해없음,원동기,남,19세,경상
2013050700100541,2013년 5월 7일 23시,화요일,충청북도 청주시 흥덕구 송절동,중상사고,0,1,0,0,차대차 - 추돌 - 진행중,안전운전불이행,건조,맑음,교차로 - 교차로부근,승용,남,70세,상해없음,승용,여,27세,중상
2013050700100542,2013년 5월 7일 23시,화요일,충청북도 청주시 흥덕구 가경동,경상사고,0,0,3,0,차대차 - 추돌 - 주정차중,중앙선침범,건조,맑음,교차로 - 교차로부근,승용,남,37세,상해없음,승용,남,19세,경상
2013050800100013,2013년 5월 8일 00시,수요일,충청북도 청주시 흥덕구 산남동,경상사고,0,0,3,0,차대차 - 추돌 - 진행중,안전운전불이행,건조,맑음,교차로 - 교차로안,승용,남,27세,상해없음,승용,여,31세,경상
2013050800100067,2013년 5월 8일 05시,수요일,충청북도 청주시 흥덕구 복대동,경상사고,0,0,1,0,차대차 - 측면직각충돌,차로위반,건조,맑음,단일로 - 기타,승용,남,22세,상해없음,승용,남,70세,경상
2013050800100100,2013년 5월 8일 07시,수요일,충청북도 청주시 흥덕구 향정동,중상사고,0,1,0,0,차대차 - 측면직각충돌,안전운전불이행,건조,맑음,교차로 - 교차로안,자전거,남,51세,중상,승용,남,40세,상해없음
2013050800100174,2013년 5월 8일 09시,수요일,충청북도 청주시 상당구 우암동,경상사고,0,0,3,0,차대차 - 측면직각충돌,안전운전불이행,건조,맑음,교차로 - 교차로안,승용,여,57세,상해없음,승용,여,50세,경상
2013050800100228,2013년 5월 8일 11시,수요일,충청북도 청주시 흥덕구 복대동,경상사고,0,0,2,0,차대차 - 추돌 - 주정차중,안전운전불이행,건조,맑음,교차로 - 교차로안,승용,남,58세,상해없음,승용,남,53세,경상
2013050800100253,2013년 5월 8일 12시,수요일,충청북도 청주시 상당구 우암동,경상사고,0,0,1,0,차대차 - 추돌 - 주정차중,안전운전불이행,건조,맑음,교차로 - 교차로안,화물,남,57세,상해없음,승용,남,43세,경상
2013050800100275,2013년 5월 8일 13시,수요일,충청북도 청주시 상당구 주중동,경상사고,0,0,1,0,차대차 - 측면직각충돌,신호위반,건조,맑음,교차로 - 교차로안,승용,남,58세,상해없음,승용,남,79세,경상
2013050800100276,2013년 5월 8일 13시,수요일,충청북도 청주시 상당구 석교동,중상사고,0,1,1,0,차대사람 - 횡단중,중앙선침범,건조,맑음,교차로 - 교차로안,승용,남,67세,상해없음,보행자,여,67세,중상