사고번호,사고일시,요일,시군구,사고내용,사망자수,중상자수,경상자수,부상신고자수,사고유형,법규위반,노면상태,기상상태,도로형태,가해운전자 차종,가해운전자 성별,가해운전자 연령,가해운전자 상해정도,피해운전자 차종,피해운전자 성별,피해운전자 연령,피해운전자 상해정도
2013050800100277,2013년 5월 8일 13시,수요일,충청북도 청원군 내수읍,중상사고,0,1,0,0,차대차 - 측면직각충돌,신호위반,건조,맑음,교차로 - 교차로안,승용,여,58세,상해없음,화물,남,61세,중상
2013050800100278,2013년 5월 8일 13시,수요일,충청북도 진천군 문백면,중상사고,0,1,0,0,차대사람 - 기타,안전운전불이행,건조,맑음,기타 - 기타,기타불명,남,62세,상해없음,보행자,남,59세,중상
2013050800100312,2013년 5월 8일 14시,수요일,충청북도 충주시 달천동,중상사고,0,1,1,0,차대차 - 추돌 - 진행중,중앙선침범,건조,맑음,교차로 - 교차로안,화물,남,28세,상해없음,화물,남,47세,상해없음
2013050800100343,2013년 5월 8일 15시,수요일,충청북도 옥천군 옥천읍,경상사고,0,0,4,0,차대차 - 측면직각충돌,안전운전불이행,건조,맑음,단일로 - 기타,승용,여,56세,상해없음,화물,남,52세,경상
2013050800100410,2013년 5월 8일 17시,수요일,충청북도 청주시 상당구 북문로1가동,경상사고,0,0,1,0,차대사람 - 기타,안전운전불이행,건조,맑음,단일로 - 기타,화물,남,54세,상해없음,보행자,여,16세,경상
2013050800100457,2013년 5월 8일 18시,수요일,충청북도 제천시 의림동,경상사고,0,0,1,0,차대사람 - 기타,신호위반,건조,맑음,단일로 - 기타,승용,여,28세,상해없음,보행자,남,24세,경상
2013050800100458,2013년 5월 8일 18시,수요일,충청북도 청주시 흥덕구 복대동,중상사고,0,1,1,0,차대사람 - 횡단중,보행자보호의무위반,건조,맑음,단일로 - 기타,승용,남,38세,상해없음,보행자,여,8세,경상
2013050800100497,2013년 5월 8일 19시,수요일,충청북도 청주시 상당구 문화동,경상사고,0,0,1,0,차대차 - 기타,안전운전불이행,건조,맑음,교차로 - 교차로안,승용,남,61세,상해없음,승용,남,60세,경상
2013050800100498,2013년 5월 8일 19시,수요일,충청북도 충주시 수안보면,경상사고,0,0,1,0,차대차 - 기타,안전운전불이행,건조,맑음,단일로 - 기타,승용,남,57세,상해없음,원동기,남,20세,경상
2013050800100540,2013년 5월 8일 20시,수요일,충청북도 청주시 상당구 내덕동,경상사고,0,0,1,0,차대차 - 기타,교차로운행방법위반,건조,맑음,교차로 - 교차로안,승용,남,29세,상해없음,이륜,남,16세,경상
2013050800100541,2013년 5월 8일 20시,수요일,충청북도 청주시 상당구 사천동,경상사고,0,0,1,0,차대사람 - 횡단중,보행자보호의무위반,건조,맑음,단일로 - 횡단보도상,기타불명,기타불명,기타불명,기타불명,보행자,남,14세,경상
2013050800100542,2013년 5월 8일 20시,수요일,충청북도 충주시 호암동,경상사고,0,0,1,0,차대차 - 기타,신호위반,건조,맑음,교차로 - 교차로안,승용,여,52세,상해없음,원동기,남,16세,경상
2013050800100619,2013년 5월 8일 22시,수요일,충청북도 충주시 호암동,경상사고,0,0,1,0,차대사람 - 기타,안전운전불이행,건조,맑음,기타 - 기타,원동기,남,16세,상해없음,보행자,여,52세,경상
2013050800100620,2013년 5월 8일 22시,수요일,충청북도 청주시 흥덕구 복대동,중상사고,0,1,6,0,차대차 - 측면직각충돌,중앙선침범,건조,맑음,교차로 - 교차로부근,승용,남,24세,상해없음,승용,남,27세,경상
2013050800100621,2013년 5월 8일 22시,수요일,충청북도 청주시 흥덕구 수곡동,중상사고,0,1,0,0,차대차 - 기타,안전운전불이행,건조,맑음,교차로 - 교차로안,승용,남,32세,상해없음,자전거,남,22세,중상
2013050900100032,2013년 5월 9일 02시,목요일,충청북도 청주시 상당구 용암동,경상사고,0,0,1,0,차대차 - 기타,안전운전불이행,건조,맑음,교차로 - 교차로부근,승용,남,26세,상해없음,승용,남,28세,경상
2013050900100057,2013년 5월 9일 06시,목요일,충청북도 제천시 신월동,중상사고,0,1,1,0,차대차 - 기타,신호위반,건조,맑음,교차로 - 교차로안,화물,남,60세,경상,승용,남,33세,중상
2013050900100076,2013년 5월 9일 07시,목요일,충청북도 청주시 흥덕구 산남동,중상사고,0,1,0,0,차대사람 - 길가장자리구역통행중,보행자보호의무위반,건조,맑음,단일로 - 횡단보도상,승용,남,33세,상해없음,보행자,여,18세,중상
2013050900100077,2013년 5월 9일 07시,목요일,충청북도 청원군 남일면,경상사고,0,0,1,0,차대차 - 측면직각충돌,안전운전불이행,건조,맑음,교차로 - 교차로부근,자전거,남,23세,경상,승용,남,31세,상해없음
2013050900100145,2013년 5월 9일 09시,목요일,충청북도 청주시 상당구 우암동,경상사고,0,0,1,0,차대사람 - 차도통행중,안전운전불이행,건조,맑음,단일로 - 기타,원동기,여,58세,상해없음,보행자,남,77세,경상
2013050900100146,2013년 5월 9일 09시,목요일,충청북도 청주시 상당구 율량동,경상사고,0,0,2,0,차대차 - 추돌 - 진행중,신호위반,건조,맑음,교차로 - 교차로부근,승용,여,64세,상해없음,승용,남,63세,경상
2013050900100147,2013년 5월 9일 09시,목요일,충청북도 충주시 연수동,중상사고,0,1,0,0,차대차 - 추돌 - 진행중,안전운전불이행,건조,맑음,교차로 - 교차로부근,승용,남,37세,상해없음,승용,여,48세,중상
2013050900100148,2013년 5월 9일 09시,목요일,충청북도 충주시 산척면,경상사고,0,0,1,0,차대차 - 추돌 - 진행중,안전운전불이행,건조,맑음,교차로 - 교차로부근,화물,남,43세,상해없음,승용,남,40세,경상
2013050900100169,2013년 5월 9일 10시,목요일,충청북도 충주시 문화동,중상사고,0,1,0,0,차량단독 - 전도전복,안전운전불이행,건조,맑음,단일로 - 기타,이륜,남,73세,중상,,,,
2013050900100192,2013년 5월 9일 11시,목요일,충청북도 괴산군 괴산읍,중상사고,0,1,0,0,차대사람 - 기타,안전운전불이행,건조,맑음,교차로 - 교차로안,기타불명,기타불명,기타불명,기타불명,보행자,여,77세,중상
2013050900100219,2013년 5월 9일 12시,목요일,충청북도 청주시 상당구 영운동,경상사고,0,0,1,0,차대사람 - 횡단중,보행자보호의무위반,습기,비,교차로 - 교차로부근,원동기,남,16세,상해없음,보행자,남,18세,경상
2013050900100280,2013년 5월 9일 14시,목요일,충청북도 제천시 영천동,경상사고,0,0,2,0,차대차 - 측면직각충돌,직진우회전진행방해,건조,맑음,교차로 - 교차로안,화물,여,49세,경상,승용,여,34세,경상
2013050900100281,2013년 5월 9일 14시,목요일,충청북도 청원군 오창읍,중상사고,0,2,4,0,차대차 - 추돌 - 주정차중,안전거리미확보,습기,비,단일로 - 기타,화물,남,48세,상해없음,승용,남,52세,중상
2013050900100282,2013년 5월 9일 14시,목요일,충청북도 청원군 오창읍,중상사고,0,1,0,0,차대차 - 추돌 - 진행중,안전거리미확보,건조,맑음,단일로 - 기타,화물,남,49세,상해없음,승합,남,59세,중상
2013050900100411,2013년 5월 9일 18시,목요일,충청북도 음성군 금왕읍,경상사고,0,0,1,0,차대차 - 기타,안전운전불이행,습기,비,교차로 - 교차로부근,승합,남,62세,상해없음,승용,남,28세,경상
2013050900100412,2013년 5월 9일 18시,목요일,충청북도 단양군 매포읍,경상사고,0,0,1,0,차대차 - 추돌 - 주정차중,안전운전불이행,건조,맑음,교차로 - 교차로부근,화물,남,64세,상해없음,화물,남,32세,경상
2013050900100413,2013년 5월 9일 18시,목요일,충청북도 청주시 상당구 용암동,경상사고,0,0,1,0,차대차 - 추돌 - 진행중,안전운전불이행,습기,비,교차로 - 교차로부근,화물,남,43세,상해없음,승용,여,40세,경상
2013050900100456,2013년 5월 9일 19시,목요일,충청북도 청원군 오창읍,경상사고,0,0,1,0,차대차 - 측면직각충돌,신호위반,건조,맑음,교차로 - 교차로안,승합,남,65세,상해없음,승용,남,36세,경상
2013050900100457,2013년 5월 9일 19시,목요일,충청북도 청주시 상당구 석교동,경상사고,0,0,3,0,차대차 - 추돌 - 주정차중,안전운전불이행,습기,비,단일로 - 기타,승용,남,53세,상해없음,승용,여,39세,경상
2013050900100520,2013년 5월 9일 21시,목요일,충청북도 청주시 상당구 금천동,중상사고,0,1,0,0,차대차 - 측면직각충돌,중앙선침범,건조,맑음,단일로 - 기타,승합,남,38세,상해없음,원동기,남,16세,중상
2013050900100521,2013년 5월 9일 21시,목요일,충청북도 청주시 흥덕구 개신동,경상사고,0,0,1,0,차대차 - 측면직각충돌,신호위반,습기,비,교차로 - 교차로안,승용,여,58세,상해없음,승용,여,32세,경상
2013050900100578,2013년 5월 9일 22시,목요일,충청북도 제천시 장락동,경상사고,0,0,1,0,차대차 - 기타,안전운전불이행,건조,맑음,교차로 - 교차로안,승용,남,31세,상해없음,승용,여,56세,경상
2013050900100579,2013년 5월 9일 22시,목요일,충청북도 청주시 상당구 용암동,경상사고,0,0,1,0,차대차 - 추돌 - 진행중,안전운전불이행,습기,비,교차로 - 교차로부근,승용,남,45세,상해없음,승용,남,33세,경상
2013050900100648,2013년 5월 9일 23시,목요일,충청북도 청주시 상당구 오동동,중상사고,0,1,0,0,차대차 - 추돌 - 진행중,안전운전불이행,습기,비,단일로 - 기타,승용,남,26세,상해없음,승용,여,48세,중상
2013050900100649,2013년 5월 9일 23시,목요일,충청북도 청주시 상당구 남주동,경상사고,0,0,1,0,차대차 - 추돌 - 주정차중,안전운전불이행,건조,맑음,교차로 - 교차로안,승용,남,33세,상해없음,승용,남,26세,경상
2013051000100063,2013년 5월 10일 01시,금요일,충청북도 청주시 흥덕구 복대동,경상사고,0,0,1,0,차대차 - 측면직각충돌,안전운전불이행,습기,비,교차로 - 교차로부근,이륜,남,16세,경상,승용,남,26세,상해없음
2013051000100064,2013년 5월 10일 01시,금요일,충청북도 청주시 상당구 용암동,경상사고,0,0,2,0,차대차 - 추돌 - 진행중,안전운전불이행,습기,흐림,교차로 - 교차로부근,승용,여,37세,상해없음,승용,남,40세,경상
2013051000100096,2013년 5월 10일 02시,금요일,충청북도 영동군 심천면,경상사고,0,0,1,0,차량단독 - 공작물충돌,안전운전불이행,건조,맑음,단일로 - 기타,승용,여,33세,경상,,,,
2013051000100115,2013년 5월 10일 03시,금요일,충청북도 청주시 흥덕구 복대동,중상사고,0,1,3,0,차대차 - 측면직각충돌,안전운전불이행,습기,비,단일로 - 기타,승용,남,55세,중상,승용,남,28세,경상
2013051000100157,2013년 5월 10일 05시,금요일,충청북도 증평군 증평읍,중상사고,0,2,0,0,차대차 - 측면직각충돌,신호위반,습기,비,교차로 - 교차로안,승용,남,27세,상해없음,건설기계,남,55세,중상
2013051000100185,2013년 5월 10일 07시,금요일,충청북도 충주시 주덕읍,중상사고,0,1,0,0,차대차 - 추돌 - 진행중,안전운전불이행,습기,비,단일로 - 기타,화물,남,42세,상해없음,승용,남,41세,중상
2013051000100186,2013년 5월 10일 07시,금요일,충청북도 진천군 진천읍,경상사고,0,0,2,0,차대차 - 추돌 - 진행중,안전운전불이행,습기,비,단일로 - 기타,승용,남,64세,상해없음,승용,남,30세,경상
2013051000100228,2013년 5월 10일 08시,금요일,충청북도 제천시 동현동,경상사고,0,0,1,0,차대차 - 기타,중앙선침범,습기,비,단일로 - 기타,기타불명,기타불명,기타불명,기타불명,승용,여,34세,경상
2013051000100315,2013년 5월 10일 10시,금요일,충청북도 청주시 상당구 영동,중상사고,0,1,0,0,차대차 - 기타,신호위반,습기,비,교차로 - 교차로안,승용,여,43세,상해없음,승용,남,67세,중상
2013051000100316,2013년 5월 10일 10시,금요일,충청북도 제천시 금성면,중상사고,0,1,5,0,차대차 - 추돌 - 주정차중,안전운전불이행,습기,맑음,교차로 - 교차로부근,승용,남,75세,경상,승용,여,43세,경상
2013051000100375,2013년 5월 10일 13시,금요일,충청북도 보은군 마로면,경상사고,0,0,1,0,차대사람 - 기타,안전운전불이행,건조,맑음,단일로 - 기타,승용,남,74세,상해없음,보행자,여,71세,경상
2013051000100398,2013년 5월 10일 14시,금요일,충청북도 옥천군 옥천읍,중상사고,0,1,0,0,차대사람 - 횡단중,안전운전불이행,건조,맑음,단일로 - 기타,승용,여,52세,상해없음,보행자,여,84세,중상
2013051000100422,2013년 5월 10일 15시,금요일,충청북도 청주시 상당구 우암동,경상사고,0,0,1,0,차대차 - 기타,안전운전불이행,건조,맑음,교차로 - 교차로부근,승용,남,26세,상해없음,승용,남,22세,경상
2013051000100455,2013년 5월 10일 16시,금요일,충청북도 청주시 상당구 서문동,경상사고,0,0,1,0,차대차 - 측면직각충돌,교차로운행방법위반,건조,맑음,교차로 - 교차로안,원동기,여,75세,상해없음,승용,여,29세,경상
2013051000100456,2013년 5월 10일 16시,금요일,충청북도 청주시 흥덕구 사직동,경상사고,0,0,1,0,차대차 - 기타,안전운전불이행,건조,맑음,단일로 - 횡단보도상,승용,남,58세,상해없음,자전거,남,7세,경상
2013051000100457,2013년 5월 10일 16시,금요일,충청북도 청원군 오송읍,중상사고,0,1,0,0,차대사람 - 보도통행중,신호위반,건조,맑음,단일로 - 기타,승용,남,55세,상해없음,보행자,여,24세,중상
2013051000100458,2013년 5월 10일 16시,금요일,충청북도 청주시 흥덕구 가경동,중상사고,0,1,1,0,차대차 - 추돌 - 주정차중,안전운전불이행,건조,맑음,교차로 - 교차로부근,승합,남,39세,상해없음,승용,남,58세,중상
2013051000100459,2013년 5월 10일 16시,금요일,충청북도 청주시 흥덕구 모충동,중상사고,0,2,1,0,차대차 - 측면직각충돌,안전운전불이행,건조,맑음,단일로 - 기타,승용,여,26세,경상,승용,남,25세,중상
2013051000100494,2013년 5월 10일 17시,금요일,충청북도 청주시 흥덕구 개신동,경상사고,0,0,1,0,차대차 - 측면직각충돌,안전운전불이행,건조,맑음,단일로 - 기타,승용,남,63세,상해없음,이륜,남,16세,경상
2013051000100495,2013년 5월 10일 17시,금요일,충청북도 청주시 흥덕구 강서동,중상사고,0,1,0,0,차대사람 - 기타,안전운전불이행,건조,맑음,기타 - 기타,화물,남,36세,상해없음,보행자,남,46세,중상
2013051000100526,2013년 5월 10일 18시,금요일,충청북도 제천시 청전동,중상사고,0,1,0,0,차대사람 - 기타,기타,건조,흐림,단일로 - 기타,승용,남,40세,상해없음,보행자,남,14세,중상
2013051000100570,2013년 5월 10일 19시,금요일,충청북도 청주시 흥덕구 복대동,중상사고,0,1,0,0,차대사람 - 횡단중,안전운전불이행,건조,맑음,교차로 - 교차로부근,승용,여,39세,상해없음,보행자,남,44세,중상
2013051000100609,2013년 5월 10일 20시,금요일,충청북도 청주시 흥덕구 운천동,경상사고,0,0,2,0,차대차 - 측면직각충돌,안전운전불이행,건조,맑음,단일로 - 기타,승용,남,49세,상해없음,승용,남,27세,경상
2013051000100639,2013년 5월 10일 21시,금요일,충청북도 청주시 상당구 율량동,경상사고,0,0,4,0,차대차 - 측면직각충돌,안전거리미확보,건조,맑음,교차로 - 교차로안,승용,남,26세,경상,승용,여,48세,경상
2013051000100640,2013년 5월 10일 21시,금요일,충청북도 청주시 흥덕구 강서동,중상사고,0,1,0,0,차대사람 - 차도통행중,안전운전불이행,건조,맑음,단일로 - 기타,승용,남,34세,상해없음,보행자,여,65세,중상
2013051000100672,2013년 5월 10일 22시,금요일,충청북도 청주시 상당구 탑동,경상사고,0,0,1,0,차량단독 - 주차차량충돌,안전운전불이행,건조,맑음,단일로 - 기타,승용,남,53세,경상,,,,
2013051000100673,2013년 5월 10일 22시,금요일,충청북도 청주시 상당구 영운동,경상사고,0,0,1,0,차대사람 - 기타,안전운전불이행,건조,맑음,교차로 - 교차로부근,승용,남,51세,상해없음,보행자,남,38세,경상
2013051000100705,2013년 5월 10일 23시,금요일,충청북도 청주시 상당구 용암동,중상사고,0,1,1,0,차대차 - 기타,교차로운행방법위반,건조,맑음,교차로 - 교차로안,승용,남,27세,상해없음,원동기,남,16세,경상
2013051100100021,2013년 5월 11일 00시,토요일,충청북도 청주시 상당구 주중동,경상사고,0,0,1,0,차대차 - 측면직각충돌,안전거리미확보,건조,맑음,단일로 - 기타,승용,남,29세,기타불명,승용,남,30세,경상
2013051100100022,2013년 5월 11일 00시,토요일,충청북도 청주시 상당구 용암동,사망사고,1,0,0,0,차대사람 - 보도통행중,보행자보호의무위반,건조,맑음,단일로 - 기타,승용,남,29세,상해없음,보행자,여,56세,사망
2013051100100046,2013년 5월 11일 01시,토요일,충청북도 충주시 교현동,경상사고,0,0,2,0,차대차 - 측면직각충돌,신호위반,건조,맑음,교차로 - 교차로안,승용,여,41세,상해없음,승용,남,39세,경상
2013051100100047,2013년 5월 11일 01시,토요일,충청북도 제천시 청전동,경상사고,0,0,1,0,차대차 - 측면직각충돌,기타,건조,맑음,교차로 - 교차로안,승용,남,34세,상해없음,승용,남,46세,경상
2013051100100139,2013년 5월 11일 05시,토요일,충청북도 청주시 흥덕구 복대동,경상사고,0,0,3,0,차대차 - 추돌 - 주정차중,안전운전불이행,건조,맑음,교차로 - 교차로부근,승용,남,22세,상해없음,승용,남,49세,경상
2013051100100196,2013년 5월 11일 08시,토요일,충청북도 제천시 신백동,경상사고,0,0,1,0,차대차 - 측면직각충돌,직진우회전진행방해,건조,맑음,교차로 - 교차로안,승용,남,58세,상해없음,승용,남,45세,경상
2013051100100219,2013년 5월 11일 09시,토요일,충청북도 청주시 상당구 내덕동,중상사고,0,1,0,0,차대차 - 기타,신호위반,건조,맑음,교차로 - 교차로안,승용,남,71세,상해없음,승용,남,40세,상해없음
2013051100100245,2013년 5월 11일 10시,토요일,충청북도 청주시 상당구 주성동,경상사고,0,0,1,0,차대사람 - 횡단중,안전운전불이행,건조,맑음,단일로 - 기타,승합,남,40세,상해없음,보행자,남,17세,경상
2013051100100246,2013년 5월 11일 10시,토요일,충청북도 청원군 옥산면,중상사고,0,2,0,0,차대차 - 추돌 - 진행중,안전운전불이행,건조,맑음,단일로 - 기타,승용,남,26세,상해없음,화물,남,39세,중상
2013051100100247,2013년 5월 11일 10시,토요일,충청북도 청주시 흥덕구 모충동,중상사고,0,1,0,0,차대차 - 기타,안전운전불이행,건조,맑음,단일로 - 기타,승용,남,43세,상해없음,원동기,남,73세,중상
2013051100100248,2013년 5월 11일 10시,토요일,충청북도 청원군 문의면,경상사고,0,0,1,0,차대차 - 기타,안전운전불이행,건조,맑음,단일로 - 기타,승합,남,53세,상해없음,농기계,기타불명,기타불명,기타불명
2013051100100322,2013년 5월 11일 12시,토요일,충청북도 청주시 흥덕구 복대동,경상사고,0,0,1,0,차대차 - 추돌 - 진행중,중앙선침범,건조,맑음,단일로 - 기타,이륜,남,38세,경상,승합,여,61세,상해없음
2013051100100398,2013년 5월 11일 14시,토요일,충청북도 충주시 산척면,경상사고,0,0,3,0,차대차 - 기타,안전운전불이행,건조,맑음,단일로 - 터널,승용,남,43세,상해없음,승용,남,35세,경상
2013051100100427,2013년 5월 11일 15시,토요일,충청북도 음성군 금왕읍,경상사고,0,0,3,0,차대차 - 기타,안전운전불이행,건조,맑음,단일로 - 기타,승용,여,31세,상해없음,승용,남,48세,경상
2013051100100497,2013년 5월 11일 17시,토요일,충청북도 충주시 달천동,경상사고,0,0,1,0,차대차 - 기타,안전거리미확보,건조,맑음,단일로 - 교량,건설기계,남,60세,상해없음,건설기계,남,52세,경상
2013051100100498,2013년 5월 11일 17시,토요일,충청북도 제천시 영천동,중상사고,0,1,0,0,차대차 - 추돌 - 주정차중,안전운전불이행,건조,맑음,교차로 - 교차로부근,이륜,남,55세,중상,승용,남,34세,기타불명
2013051100100499,2013년 5월 11일 17시,토요일,충청북도 청주시 상당구 영운동,경상사고,0,0,1,0,차대차 - 기타,교차로운행방법위반,건조,맑음,교차로 - 교차로안,승용,남,19세,상해없음,승용,여,31세,경상
2013051100100500,2013년 5월 11일 17시,토요일,충청북도 충주시 대소원면,경상사고,0,0,2,0,차대차 - 추돌 - 진행중,안전운전불이행,건조,맑음,단일로 - 기타,승용,남,33세,상해없음,승용,여,41세,경상
2013051100100541,2013년 5월 11일 18시,토요일,충청북도 충주시 대소원면,경상사고,0,0,3,0,차대차 - 기타,직진우회전진행방해,건조,맑음,교차로 - 교차로안,승용,남,68세,상해없음,승용,남,25세,경상
2013051100100542,2013년 5월 11일 18시,토요일,충청북도 제천시 청전동,경상사고,0,0,1,0,차대사람 - 기타,안전운전불이행,건조,맑음,교차로 - 교차로부근,화물,남,71세,상해없음,보행자,남,50세,경상
2013051100100568,2013년 5월 11일 19시,토요일,충청북도 제천시 금성면,중상사고,0,4,0,0,차대차 - 측면직각충돌,신호위반,건조,맑음,교차로 - 교차로안,화물,남,22세,상해없음,화물,남,54세,중상
2013051100100606,2013년 5월 11일 20시,토요일,충청북도 청주시 상당구 용암동,경상사고,0,0,4,0,차대차 - 추돌 - 주정차중,중앙선침범,건조,맑음,단일로 - 기타,승용,남,63세,경상,승용,남,35세,경상
2013051100100675,2013년 5월 11일 22시,토요일,충청북도 음성군 대소면,경상사고,0,0,3,0,차대차 - 추돌 - 주정차중,안전운전불이행,건조,맑음,교차로 - 교차로부근,승용,남,42세,상해없음,승용,여,47세,경상
2013051100100676,2013년 5월 11일 22시,토요일,충청북도 청주시 흥덕구 사직동,경상사고,0,0,3,0,차대차 - 추돌 - 주정차중,안전운전불이행,건조,맑음,교차로 - 교차로부근,승용,남,25세,상해없음,승용,여,34세,경상
2013051100100677,2013년 5월 11일 22시,토요일,충청북도 청주시 흥덕구 가경동,경상사고,0,0,1,0,차대차 - 측면직각충돌,안전운전불이행,건조,맑음,교차로 - 교차로부근,승용,남,43세,상해없음,이륜,남,45세,경상
2013051100100703,2013년 5월 11일 23시,토요일,충청북도 청주시 흥덕구 개신동,경상사고,0,0,4,0,차대차 - 추돌 - 진행중,안전운전불이행,건조,맑음,교차로 - 교차로부근,승용,남,31세,상해없음,승용,여,41세,경상
2013051200100023,2013년 5월 12일 01시,일요일,충청북도 제천시 청전동,경상사고,0,0,2,0,차대차 - 추돌 - 주정차중,안전운전불이행,건조,맑음,교차로 - 교차로안,승용,남,18세,기타불명,승용,남,51세,경상
2013051200100101,2013년 5월 12일 06시,일요일,충청북도 음성군 음성읍,경상사고,0,0,1,0,차대차 - 기타,안전거리미확보,건조,맑음,단일로 - 기타,승용,남,44세,상해없음,승용,여,24세,경상
2013051200100113,2013년 5월 12일 08시,일요일,충청북도 제천시 청전동,경상사고,0,0,1,0,차대차 - 측면직각충돌,직진우회전진행방해,건조,맑음,교차로 - 교차로안,승용,남,57세,상해없음,승용,남,54세,경상
2013051200100198,2013년 5월 12일 13시,일요일,충청북도 제천시 장락동,경상사고,0,0,1,0,차대차 - 측면직각충돌,기타,건조,맑음,교차로 - 교차로안,승용,남,42세,상해없음,자전거,남,9세,경상
2013051200100225,2013년 5월 12일 14시,일요일,충청북도 음성군 원남면,경상사고,0,0,1,0,차대차 - 기타,안전거리미확보,건조,맑음,단일로 - 기타,화물,남,50세,상해없음,승용,여,53세,경상
2013051200100226,2013년 5월 12일 14시,일요일,충청북도 청주시 흥덕구 모충동,중상사고,0,1,0,0,차량단독 - 공작물충돌,안전운전불이행,건조,맑음,단일로 - 기타,자전거,남,30세,중상,,,,
2013051200100261,2013년 5월 12일 15시,일요일,충청북도 청주시 상당구 금천동,중상사고,0,1,0,0,차대차 - 기타,안전거리미확보,건조,맑음,교차로 - 교차로안,건설기계,남,50세,상해없음,승용,여,34세,중상
2013051200100365,2013년 5월 12일 18시,일요일,충청북도 제천시 봉양읍,경상사고,0,0,1,0,차대차 - 기타,중앙선침범,건조,맑음,단일로 - 기타,승용,여,49세,상해없음,승용,남,55세,경상
2013051200100366,2013년 5월 12일 18시,일요일,충청북도 단양군 매포읍,경상사고,0,0,1,0,차대차 - 추돌 - 진행중,안전거리미확보,건조,맑음,교차로 - 교차로부근,이륜,남,34세,상해없음,이륜,남,38세,경상
2013051200100367,2013년 5월 12일 18시,일요일,충청북도 청주시 상당구 영운동,경상사고,0,0,1,0,차량단독 - 기타,기타,건조,맑음,교차로 - 교차로부근,승합,남,42세,상해없음,,,,
2013051200100458,2013년 5월 12일 20시,일요일,충청북도 청주시 상당구 금천동,경상사고,0,0,1,0,차대사람 - 차도통행중,안전운전불이행,건조,맑음,교차로 - 교차로부근,승용,남,26세,상해없음,보행자,여,29세,경상
2013051200100459,2013년 5월 12일 20시,일요일,충청북도 보은군 수한면,중상사고,0,1,1,0,차대차 - 측면직각충돌,안전운전불이행,건조,맑음,교차로 - 교차로부근,원동기,남,58세,중상,농기계,남,77세,경상
2013051200100501,2013년 5월 12일 21시,일요일,충청북도 청주시 상당구 금천동,경상사고,0,0,1,0,차대사람 - 횡단중,안전운전불이행,건조,맑음,단일로 - 기타,승용,남,40세,상해없음,보행자,남,13세,경상
2013051200100502,2013년 5월 12일 21시,일요일,충청북도 충주시 칠금동,중상사고,0,1,0,0,차대사람 - 횡단중,안전운전불이행,건조,맑음,단일로 - 기타,승용,남,51세,상해없음,보행자,남,57세,중상
2013051200100531,2013년 5월 12일 22시,일요일,충청북도 충주시 교현동,경상사고,0,0,2,0,차대차 - 추돌 - 진행중,신호위반,건조,맑음,교차로 - 교차로안,화물,남,53세,상해없음,승용,남,60세,경상
2013051200100532,2013년 5월 12일 22시,일요일,충청북도 충주시 교현동,중상사고,0,1,1,0,차대차 - 기타,안전거리미확보,건조,맑음,단일로 - 기타,이륜,남,17세,경상,승용,남,26세,상해없음
2013051200100558,2013년 5월 12일 23시,일요일,충청북도 제천시 장락동,중상사고,0,1,2,0,차대차 - 기타,직진우회전진행방해,건조,맑음,교차로 - 교차로안,승용,남,25세,상해없음,승용,남,41세,경상
2013051300100067,2013년 5월 13일 07시,월요일,충청북도 충주시 대소원면,중상사고,0,1,0,0,차대차 - 추돌 - 진행중,직진우회전진행방해,건조,맑음,교차로 - 교차로안,화물,남,57세,상해없음,화물,남,36세,중상
2013051300100068,2013년 5월 13일 07시,월요일,충청북도 청원군 오창읍,중상사고,0,1,4,0,차대차 - 추돌 - 주정차중,안전거리미확보,건조,맑음,단일로 - 기타,화물,남,45세,상해없음,승용,남,51세,중상
2013051300100099,2013년 5월 13일 08시,월요일,충청북도 청주시 상당구 율량동,경상사고,0,0,1,0,차대차 - 기타,교차로운행방법위반,건조,맑음,교차로 - 교차로안,승합,남,59세,상해없음,승용,여,53세,경상
2013051300100161,2013년 5월 13일 10시,월요일,충청북도 영동군 황간면,중상사고,0,1,2,0,차대차 - 측면직각충돌,안전운전불이행,건조,맑음,교차로 - 교차로안,승용,남,70세,중상,승용,남,69세,경상
2013051300100162,2013년 5월 13일 10시,월요일,충청북도 괴산군 괴산읍,중상사고,0,1,0,0,차대사람 - 기타,기타,건조,맑음,단일로 - 기타,승용,남,70세,상해없음,보행자,남,61세,중상
2013051300100163,2013년 5월 13일 10시,월요일,충청북도 증평군 증평읍,부상신고사고,0,0,0,1,차대차 - 추돌 - 주정차중,안전운전불이행,건조,맑음,단일로 - 교량,이륜,남,76세,부상신고,승용,남,39세,상해없음
2013051300100195,2013년 5월 13일 11시,월요일,충청북도 진천군 덕산면,경상사고,0,0,3,0,차대차 - 추돌 - 진행중,안전운전불이행,건조,맑음,단일로 - 기타,승용,남,40세,상해없음,승용,남,63세,경상
2013051300100264,2013년 5월 13일 13시,월요일,충청북도 음성군 맹동면,경상사고,0,0,2,0,차대차 - 기타,교차로운행방법위반,건조,맑음,교차로 - 교차로안,승용,남,45세,경상,화물,남,50세,상해없음