사고번호,사고일시,요일,시군구,사고내용,사망자수,중상자수,경상자수,부상신고자수,사고유형,법규위반,노면상태,기상상태,도로형태,가해운전자 차종,가해운전자 성별,가해운전자 연령,가해운전자 상해정도,피해운전자 차종,피해운전자 성별,피해운전자 연령,피해운전자 상해정도
2013051300100302,2013년 5월 13일 14시,월요일,충청북도 청주시 상당구 우암동,중상사고,0,1,0,0,차대차 - 기타,중앙선침범,건조,맑음,단일로 - 기타,승용,남,51세,상해없음,이륜,여,20세,중상
2013051300100333,2013년 5월 13일 15시,월요일,충청북도 청주시 상당구 정하동,경상사고,0,0,1,0,차대차 - 기타,안전운전불이행,건조,맑음,교차로 - 교차로부근,화물,남,27세,상해없음,승용,남,54세,경상
2013051300100334,2013년 5월 13일 15시,월요일,충청북도 청원군 강내면,경상사고,0,0,1,0,차대차 - 측면직각충돌,안전거리미확보,건조,맑음,교차로 - 교차로부근,승용,남,44세,상해없음,승용,여,36세,경상
2013051300100414,2013년 5월 13일 17시,월요일,충청북도 청주시 상당구 금천동,중상사고,0,1,0,0,차대사람 - 횡단중,안전운전불이행,건조,맑음,단일로 - 기타,승용,여,31세,상해없음,보행자,남,8세,중상
2013051300100415,2013년 5월 13일 17시,월요일,충청북도 제천시 모산동,경상사고,0,0,2,0,차대차 - 측면직각충돌,안전거리미확보,건조,맑음,단일로 - 기타,승합,여,58세,상해없음,승용,여,31세,경상
2013051300100416,2013년 5월 13일 17시,월요일,충청북도 단양군 단양읍,경상사고,0,0,8,0,차대차 - 측면직각충돌,직진우회전진행방해,건조,맑음,교차로 - 교차로안,승합,남,41세,상해없음,승용,남,32세,경상
2013051300100448,2013년 5월 13일 18시,월요일,충청북도 영동군 양산면,중상사고,0,2,0,0,차대차 - 기타,교차로운행방법위반,건조,맑음,교차로 - 교차로안,화물,남,66세,상해없음,이륜,남,71세,중상
2013051300100489,2013년 5월 13일 19시,월요일,충청북도 충주시 교현동,중상사고,0,1,0,0,차대차 - 측면직각충돌,안전운전불이행,건조,맑음,단일로 - 기타,화물,남,43세,상해없음,원동기,남,16세,중상
2013051300100490,2013년 5월 13일 19시,월요일,충청북도 증평군 증평읍,경상사고,0,0,1,0,차대차 - 측면직각충돌,직진우회전진행방해,건조,맑음,교차로 - 교차로부근,승용,여,41세,상해없음,승용,여,32세,경상
2013051300100518,2013년 5월 13일 20시,월요일,충청북도 청주시 흥덕구 성화동,중상사고,0,1,0,0,차대차 - 측면직각충돌,안전운전불이행,건조,맑음,교차로 - 교차로안,승용,여,50세,상해없음,이륜,남,26세,중상
2013051300100519,2013년 5월 13일 20시,월요일,충청북도 청주시 흥덕구 모충동,중상사고,0,1,0,0,차대사람 - 기타,안전운전불이행,건조,맑음,기타 - 기타,승용,남,39세,상해없음,보행자,남,70세,중상
2013051300100548,2013년 5월 13일 21시,월요일,충청북도 괴산군 문광면,사망사고,1,0,0,0,차대사람 - 횡단중,안전운전불이행,건조,맑음,단일로 - 기타,승합,남,64세,상해없음,보행자,여,78세,사망
2013051300100549,2013년 5월 13일 21시,월요일,충청북도 청주시 흥덕구 수곡동,부상신고사고,0,0,0,1,차대차 - 추돌 - 진행중,안전운전불이행,건조,맑음,단일로 - 기타,승용,남,41세,상해없음,이륜,남,38세,부상신고
2013051300100577,2013년 5월 13일 22시,월요일,충청북도 청주시 흥덕구 비하동,경상사고,0,0,2,0,차대차 - 추돌 - 진행중,안전거리미확보,건조,맑음,단일로 - 기타,승용,남,28세,상해없음,승용,여,30세,경상
2013051300100609,2013년 5월 13일 23시,월요일,충청북도 증평군 증평읍,중상사고,0,1,0,0,차대사람 - 횡단중,안전운전불이행,건조,맑음,단일로 - 기타,승용,남,40세,상해없음,보행자,여,81세,중상
2013051400100014,2013년 5월 14일 00시,화요일,충청북도 청주시 흥덕구 복대동,경상사고,0,0,1,0,차대차 - 측면직각충돌,교차로운행방법위반,건조,맑음,교차로 - 교차로안,승용,남,26세,상해없음,승용,남,34세,상해없음
2013051400100044,2013년 5월 14일 02시,화요일,충청북도 제천시 중앙로2가,경상사고,0,0,1,0,차대차 - 기타,안전거리미확보,건조,맑음,교차로 - 교차로부근,화물,남,48세,상해없음,승용,남,31세,경상
2013051400100087,2013년 5월 14일 06시,화요일,충청북도 괴산군 청안면,중상사고,0,1,0,0,차대차 - 측면직각충돌,직진우회전진행방해,건조,맑음,교차로 - 교차로안,화물,남,53세,중상,승합,남,52세,상해없음
2013051400100106,2013년 5월 14일 07시,화요일,충청북도 진천군 광혜원면,중상사고,0,2,0,0,차대차 - 기타,직진우회전진행방해,건조,맑음,교차로 - 교차로안,승용,남,39세,중상,승용,여,46세,중상
2013051400100107,2013년 5월 14일 07시,화요일,충청북도 청주시 흥덕구 송정동,경상사고,0,0,2,0,차대차 - 측면직각충돌,교차로운행방법위반,건조,맑음,교차로 - 교차로안,승용,남,23세,경상,승용,여,50세,경상
2013051400100142,2013년 5월 14일 08시,화요일,충청북도 청주시 상당구 내덕동,경상사고,0,0,1,0,차대차 - 기타,안전운전불이행,건조,맑음,교차로 - 교차로부근,승용,여,47세,기타불명,승용,여,45세,경상
2013051400100175,2013년 5월 14일 09시,화요일,충청북도 청원군 오창읍,경상사고,0,0,1,0,차대차 - 측면직각충돌,안전거리미확보,건조,맑음,단일로 - 기타,건설기계,남,45세,상해없음,승용,남,33세,경상
2013051400100342,2013년 5월 14일 15시,화요일,충청북도 충주시 교현동,중상사고,0,1,0,0,차대차 - 기타,안전운전불이행,건조,맑음,교차로 - 교차로안,건설기계,남,45세,상해없음,자전거,남,13세,중상
2013051400100343,2013년 5월 14일 15시,화요일,충청북도 제천시 신백동,중상사고,0,1,0,0,차대차 - 기타,안전운전불이행,건조,맑음,기타 - 기타,화물,남,60세,상해없음,자전거,남,11세,중상
2013051400100389,2013년 5월 14일 16시,화요일,충청북도 청원군 북이면,중상사고,0,1,0,0,차대차 - 측면직각충돌,안전운전불이행,건조,맑음,교차로 - 교차로안,승용,남,32세,상해없음,원동기,여,53세,중상
2013051400100390,2013년 5월 14일 16시,화요일,충청북도 청주시 흥덕구 지동동,경상사고,0,0,2,0,차대차 - 측면직각충돌,안전운전불이행,건조,맑음,교차로 - 교차로부근,승용,남,60세,상해없음,승용,여,28세,경상
2013051400100427,2013년 5월 14일 17시,화요일,충청북도 단양군 매포읍,경상사고,0,0,2,0,차대차 - 측면직각충돌,안전거리미확보,건조,맑음,단일로 - 기타,승용,여,42세,경상,건설기계,남,50세,경상
2013051400100468,2013년 5월 14일 18시,화요일,충청북도 충주시 교현동,중상사고,0,1,0,0,차대차 - 기타,안전운전불이행,건조,맑음,단일로 - 기타,원동기,남,53세,중상,승용,남,48세,상해없음
2013051400100469,2013년 5월 14일 18시,화요일,충청북도 충주시 용탄동,중상사고,0,2,0,0,차대차 - 측면직각충돌,직진우회전진행방해,건조,맑음,교차로 - 교차로부근,승합,남,53세,상해없음,승용,여,58세,중상
2013051400100470,2013년 5월 14일 18시,화요일,충청북도 청주시 흥덕구 강서동,경상사고,0,0,2,0,차대차 - 추돌 - 진행중,차로위반,건조,맑음,교차로 - 교차로부근,승용,여,29세,상해없음,화물,남,59세,경상
2013051400100507,2013년 5월 14일 19시,화요일,충청북도 청주시 흥덕구 복대동,경상사고,0,0,2,0,차대차 - 측면직각충돌,안전운전불이행,건조,맑음,교차로 - 교차로부근,승용,여,36세,상해없음,승용,남,46세,경상
2013051400100612,2013년 5월 14일 22시,화요일,충청북도 청주시 흥덕구 가경동,중상사고,0,2,0,0,차대차 - 정면충돌,신호위반,건조,맑음,교차로 - 교차로안,승용,남,49세,상해없음,승용,남,48세,중상
2013051400100613,2013년 5월 14일 22시,화요일,충청북도 청주시 흥덕구 봉명동,경상사고,0,0,3,0,차대차 - 추돌 - 진행중,안전운전불이행,건조,맑음,단일로 - 기타,이륜,남,26세,경상,승용,남,59세,경상
2013051400100646,2013년 5월 14일 23시,화요일,충청북도 청주시 상당구 사천동,경상사고,0,0,1,0,차대사람 - 횡단중,안전운전불이행,건조,맑음,단일로 - 기타,승용,남,63세,상해없음,보행자,남,48세,경상
2013051400100647,2013년 5월 14일 23시,화요일,충청북도 제천시 영천동,경상사고,0,0,1,0,차대차 - 추돌 - 진행중,불법유턴,건조,맑음,단일로 - 기타,승용,남,49세,상해없음,원동기,남,47세,경상
2013051400100648,2013년 5월 14일 23시,화요일,충청북도 청주시 흥덕구 모충동,중상사고,0,1,1,0,차대사람 - 기타,안전운전불이행,건조,맑음,교차로 - 교차로안,이륜,남,23세,상해없음,보행자,남,23세,중상
2013051500100009,2013년 5월 15일 00시,수요일,충청북도 청주시 상당구 금천동,경상사고,0,0,1,0,차대차 - 추돌 - 주정차중,안전운전불이행,건조,맑음,단일로 - 기타,승용,남,31세,상해없음,화물,남,36세,경상
2013051500100048,2013년 5월 15일 03시,수요일,충청북도 음성군 금왕읍,중상사고,0,1,1,0,차대차 - 기타,교차로운행방법위반,건조,맑음,교차로 - 교차로안,승용,여,27세,중상,화물,남,34세,경상
2013051500100049,2013년 5월 15일 03시,수요일,충청북도 진천군 덕산면,사망사고,1,0,0,0,차대차 - 측면직각충돌,중앙선침범,건조,맑음,교차로 - 교차로부근,이륜,남,46세,사망,승용,남,47세,상해없음
2013051500100097,2013년 5월 15일 07시,수요일,충청북도 진천군 이월면,중상사고,0,1,0,0,차대차 - 측면직각충돌,안전운전불이행,건조,맑음,단일로 - 기타,승용,남,53세,상해없음,이륜,남,20세,중상
2013051500100127,2013년 5월 15일 08시,수요일,충청북도 충주시 대소원면,중상사고,0,1,4,1,차대차 - 추돌 - 진행중,안전운전불이행,건조,맑음,단일로 - 기타,승용,남,53세,부상신고,승용,남,33세,경상
2013051500100128,2013년 5월 15일 08시,수요일,충청북도 청주시 상당구 영운동,경상사고,0,0,1,0,차대차 - 기타,안전거리미확보,건조,맑음,단일로 - 기타,승용,여,50세,상해없음,승용,남,52세,경상
2013051500100162,2013년 5월 15일 09시,수요일,충청북도 진천군 덕산면,중상사고,0,1,0,0,차대차 - 측면직각충돌,교차로운행방법위반,건조,맑음,교차로 - 교차로안,건설기계,남,41세,상해없음,원동기,남,69세,중상
2013051500100198,2013년 5월 15일 10시,수요일,충청북도 청원군 오송읍,중상사고,0,1,0,0,차대차 - 측면직각충돌,안전운전불이행,건조,맑음,단일로 - 기타,승용,여,30세,상해없음,이륜,남,73세,중상
2013051500100217,2013년 5월 15일 11시,수요일,충청북도 청주시 상당구 금천동,경상사고,0,0,1,0,차대차 - 기타,안전운전불이행,건조,맑음,단일로 - 횡단보도부근,승용,남,47세,상해없음,자전거,여,76세,경상
2013051500100218,2013년 5월 15일 11시,수요일,충청북도 청주시 상당구 우암동,경상사고,0,0,1,0,차대차 - 측면직각충돌,안전운전불이행,건조,맑음,교차로 - 교차로부근,승용,여,43세,상해없음,승합,남,55세,경상
2013051500100271,2013년 5월 15일 13시,수요일,충청북도 청원군 오창읍,중상사고,0,2,0,0,차대차 - 측면직각충돌,신호위반,건조,맑음,교차로 - 교차로안,승용,남,51세,상해없음,승용,남,61세,중상
2013051500100333,2013년 5월 15일 15시,수요일,충청북도 청주시 흥덕구 분평동,경상사고,0,0,1,0,차대차 - 추돌 - 진행중,안전운전불이행,건조,맑음,교차로 - 교차로부근,승합,남,58세,상해없음,승용,남,52세,경상
2013051500100385,2013년 5월 15일 16시,수요일,충청북도 청주시 흥덕구 분평동,중상사고,0,1,0,0,차대차 - 측면직각충돌,안전운전불이행,건조,맑음,단일로 - 기타,승용,여,50세,상해없음,자전거,여,63세,중상
2013051500100386,2013년 5월 15일 16시,수요일,충청북도 괴산군 연풍면,경상사고,0,0,1,0,차대차 - 추돌 - 진행중,안전거리미확보,건조,맑음,단일로 - 기타,승용,남,18세,상해없음,승용,여,46세,상해없음
2013051500100429,2013년 5월 15일 17시,수요일,충청북도 청주시 상당구 내덕동,중상사고,0,2,0,0,차대차 - 측면직각충돌,안전운전불이행,건조,맑음,교차로 - 교차로안,승용,남,22세,상해없음,이륜,남,17세,중상
2013051500100431,2013년 5월 15일 17시,수요일,충청북도 진천군 초평면,경상사고,0,0,1,0,차대사람 - 기타,안전운전불이행,건조,맑음,단일로 - 기타,승용,남,68세,상해없음,보행자,남,78세,경상
2013051500100432,2013년 5월 15일 17시,수요일,충청북도 청주시 흥덕구 사창동,경상사고,0,0,1,0,차대차 - 기타,차로위반,건조,맑음,교차로 - 교차로부근,승용,남,26세,상해없음,승용,여,48세,경상
2013051500100473,2013년 5월 15일 18시,수요일,충청북도 청원군 오창읍,중상사고,0,1,1,0,차대차 - 측면직각충돌,교차로운행방법위반,건조,맑음,교차로 - 교차로안,승용,여,21세,경상,이륜,남,21세,중상
2013051500100474,2013년 5월 15일 18시,수요일,충청북도 충주시 용산동,경상사고,0,0,1,0,차대사람 - 기타,보행자보호의무위반,건조,맑음,단일로 - 기타,승용,여,60세,상해없음,보행자,남,9세,경상
2013051500100475,2013년 5월 15일 18시,수요일,충청북도 청주시 흥덕구 장암동,중상사고,0,2,0,0,차대차 - 추돌 - 진행중,안전운전불이행,건조,맑음,단일로 - 기타,승용,여,34세,상해없음,화물,남,33세,중상
2013051500100524,2013년 5월 15일 19시,수요일,충청북도 증평군 증평읍,경상사고,0,0,1,0,차대사람 - 횡단중,안전운전불이행,건조,맑음,교차로 - 교차로안,승용,남,60세,상해없음,보행자,남,18세,경상
2013051500100596,2013년 5월 15일 21시,수요일,충청북도 청원군 오창읍,경상사고,0,0,1,0,차대사람 - 기타,보행자보호의무위반,건조,맑음,교차로 - 교차로부근,승용,남,34세,상해없음,보행자,남,44세,경상
2013051500100597,2013년 5월 15일 21시,수요일,충청북도 청원군 북이면,경상사고,0,0,2,0,차대차 - 추돌 - 주정차중,안전운전불이행,건조,맑음,단일로 - 기타,승용,남,47세,상해없음,승용,남,34세,경상
2013051500100598,2013년 5월 15일 21시,수요일,충청북도 제천시 동현동,경상사고,0,0,1,0,차대차 - 측면직각충돌,안전운전불이행,건조,맑음,교차로 - 교차로부근,승합,남,62세,상해없음,화물,남,49세,경상
2013051500100660,2013년 5월 15일 23시,수요일,충청북도 진천군 진천읍,중상사고,0,1,3,0,차대차 - 측면직각충돌,안전운전불이행,건조,맑음,교차로 - 교차로안,승용,남,56세,상해없음,승용,남,44세,경상
2013051500100661,2013년 5월 15일 23시,수요일,충청북도 청주시 흥덕구 수곡동,경상사고,0,0,2,0,차대사람 - 기타,안전운전불이행,건조,맑음,단일로 - 기타,승용,남,24세,상해없음,보행자,남,21세,경상
2013051600100016,2013년 5월 16일 00시,목요일,충청북도 충주시 교현동,경상사고,0,0,1,0,차대사람 - 기타,보행자보호의무위반,건조,맑음,교차로 - 교차로안,승용,남,34세,상해없음,보행자,여,45세,경상
2013051600100029,2013년 5월 16일 01시,목요일,충청북도 청주시 상당구 남주동,중상사고,0,1,1,0,차대차 - 기타,안전운전불이행,건조,맑음,교차로 - 교차로안,승용,남,27세,상해없음,승용,남,48세,중상
2013051600100067,2013년 5월 16일 03시,목요일,충청북도 영동군 학산면,중상사고,0,1,0,0,차량단독 - 공작물충돌,안전운전불이행,건조,맑음,단일로 - 기타,승용,남,28세,중상,,,,
2013051600100068,2013년 5월 16일 03시,목요일,충청북도 청주시 흥덕구 복대동,경상사고,0,0,1,0,차대사람 - 차도통행중,안전운전불이행,건조,맑음,교차로 - 교차로부근,승용,남,21세,상해없음,보행자,남,23세,경상
2013051600100069,2013년 5월 16일 03시,목요일,충청북도 청주시 흥덕구 남촌동,중상사고,0,1,0,0,차량단독 - 공작물충돌,안전운전불이행,건조,맑음,단일로 - 기타,승용,남,25세,중상,,,,
2013051600100081,2013년 5월 16일 04시,목요일,충청북도 음성군 맹동면,중상사고,0,1,1,0,차대차 - 기타,신호위반,건조,맑음,교차로 - 교차로안,화물,남,40세,경상,특수,남,43세,중상
2013051600100122,2013년 5월 16일 07시,목요일,충청북도 괴산군 괴산읍,경상사고,0,0,3,0,차대차 - 측면직각충돌,직진우회전진행방해,건조,맑음,교차로 - 교차로안,승합,남,72세,경상,승용,여,43세,경상
2013051600100123,2013년 5월 16일 07시,목요일,충청북도 옥천군 옥천읍,중상사고,0,1,0,0,차대사람 - 횡단중,보행자보호의무위반,건조,맑음,교차로 - 교차로안,승용,남,33세,상해없음,보행자,여,62세,중상
2013051600100124,2013년 5월 16일 07시,목요일,충청북도 진천군 진천읍,경상사고,0,0,1,0,차대차 - 측면직각충돌,신호위반,건조,맑음,교차로 - 교차로안,승용,남,58세,상해없음,화물,남,70세,경상
2013051600100157,2013년 5월 16일 08시,목요일,충청북도 제천시 하소동,경상사고,0,0,2,0,차대차 - 측면직각충돌,직진우회전진행방해,건조,맑음,교차로 - 교차로안,승용,남,47세,상해없음,승용,여,49세,경상
2013051600100200,2013년 5월 16일 09시,목요일,충청북도 청주시 상당구 우암동,경상사고,0,0,1,0,차대차 - 측면직각충돌,안전운전불이행,건조,맑음,단일로 - 기타,기타불명,기타불명,기타불명,기타불명,자전거,남,20세,경상
2013051600100201,2013년 5월 16일 09시,목요일,충청북도 청주시 흥덕구 분평동,중상사고,0,1,1,0,차대차 - 기타,안전거리미확보,건조,맑음,단일로 - 기타,이륜,남,52세,상해없음,이륜,남,62세,경상
2013051600100239,2013년 5월 16일 10시,목요일,충청북도 제천시 중앙로2가,경상사고,0,0,1,0,차대차 - 기타,기타,건조,맑음,교차로 - 교차로안,원동기,남,33세,경상,화물,남,68세,상해없음
2013051600100294,2013년 5월 16일 12시,목요일,충청북도 음성군 음성읍,경상사고,0,0,1,0,차대차 - 기타,차로위반,건조,맑음,단일로 - 기타,원동기,남,65세,경상,승합,남,19세,상해없음
2013051600100353,2013년 5월 16일 14시,목요일,충청북도 청주시 흥덕구 분평동,경상사고,0,0,1,0,차대차 - 기타,안전거리미확보,건조,맑음,교차로 - 교차로부근,승용,남,40세,상해없음,이륜,남,31세,경상
2013051600100427,2013년 5월 16일 16시,목요일,충청북도 청원군 오창읍,중상사고,0,1,0,0,차대사람 - 기타,안전운전불이행,건조,맑음,교차로 - 교차로안,승합,남,50세,상해없음,보행자,여,87세,중상
2013051600100428,2013년 5월 16일 16시,목요일,충청북도 청주시 상당구 내덕동,경상사고,0,0,4,0,차대차 - 기타,안전운전불이행,건조,맑음,교차로 - 교차로안,이륜,남,56세,상해없음,승용,여,37세,경상
2013051600100429,2013년 5월 16일 16시,목요일,충청북도 청주시 상당구 우암동,경상사고,0,0,4,0,차대차 - 측면직각충돌,안전거리미확보,건조,맑음,단일로 - 기타,승용,여,40세,상해없음,승합,남,54세,경상
2013051600100430,2013년 5월 16일 16시,목요일,충청북도 충주시 지현동,경상사고,0,0,1,0,차대차 - 기타,안전거리미확보,건조,맑음,단일로 - 기타,원동기,남,72세,상해없음,승용,남,53세,경상
2013051600100431,2013년 5월 16일 16시,목요일,충청북도 충주시 주덕읍,중상사고,0,1,0,0,차대차 - 추돌 - 진행중,신호위반,건조,맑음,교차로 - 교차로안,승용,남,30세,상해없음,이륜,남,51세,중상
2013051600100432,2013년 5월 16일 16시,목요일,충청북도 제천시 금성면,경상사고,0,0,1,0,차량단독 - 전도전복,안전운전불이행,건조,맑음,단일로 - 기타,원동기,남,78세,경상,,,,
2013051600100469,2013년 5월 16일 17시,목요일,충청북도 제천시 청풍면,경상사고,0,0,1,0,차대차 - 기타,직진우회전진행방해,건조,맑음,교차로 - 교차로안,화물,남,28세,상해없음,승용,여,32세,경상
2013051600100526,2013년 5월 16일 18시,목요일,충청북도 제천시 봉양읍,중상사고,0,3,3,0,차대차 - 추돌 - 진행중,안전운전불이행,건조,맑음,단일로 - 기타,승용,여,38세,경상,승용,남,41세,경상
2013051600100527,2013년 5월 16일 18시,목요일,충청북도 충주시 교현동,중상사고,0,1,1,0,차대사람 - 횡단중,보행자보호의무위반,건조,맑음,교차로 - 교차로안,승용,여,42세,상해없음,보행자,여,73세,중상
2013051600100528,2013년 5월 16일 18시,목요일,충청북도 청주시 흥덕구 복대동,경상사고,0,0,4,0,차대차 - 정면충돌,신호위반,건조,맑음,교차로 - 교차로안,승용,남,48세,상해없음,승용,여,36세,경상
2013051600100555,2013년 5월 16일 19시,목요일,충청북도 청주시 상당구 석교동,중상사고,0,1,0,0,차대사람 - 기타,안전운전불이행,건조,맑음,교차로 - 교차로부근,기타불명,여,61세,상해없음,보행자,여,75세,중상
2013051600100652,2013년 5월 16일 22시,목요일,충청북도 충주시 호암동,경상사고,0,0,2,0,차대차 - 기타,안전운전불이행,건조,맑음,단일로 - 기타,승용,남,49세,상해없음,승용,여,31세,경상
2013051600100653,2013년 5월 16일 22시,목요일,충청북도 청주시 상당구 용암동,경상사고,0,0,3,0,차대차 - 기타,안전운전불이행,건조,맑음,교차로 - 교차로부근,승용,남,25세,상해없음,승용,남,27세,경상
2013051600100691,2013년 5월 16일 23시,목요일,충청북도 청원군 오창읍,사망사고,1,0,0,0,차대사람 - 횡단중,안전운전불이행,건조,맑음,단일로 - 기타,승합,남,58세,상해없음,보행자,남,41세,사망
2013051700100013,2013년 5월 17일 00시,금요일,충청북도 제천시 고명동,경상사고,0,0,2,0,차대차 - 기타,직진우회전진행방해,건조,맑음,교차로 - 교차로안,승용,남,45세,상해없음,승합,남,40세,경상
2013051700100014,2013년 5월 17일 00시,금요일,충청북도 음성군 삼성면,경상사고,0,0,2,0,차대사람 - 기타,안전운전불이행,건조,맑음,단일로 - 기타,승용,남,38세,상해없음,보행자,남,29세,경상
2013051700100037,2013년 5월 17일 01시,금요일,충청북도 청원군 옥산면,중상사고,0,1,0,0,차량단독 - 공작물충돌,안전운전불이행,건조,맑음,단일로 - 기타,승용,남,36세,중상,,,,
2013051700100172,2013년 5월 17일 08시,금요일,충청북도 청주시 흥덕구 수곡동,사망사고,1,0,0,0,차대사람 - 기타,안전운전불이행,건조,맑음,교차로 - 교차로안,화물,남,60세,상해없음,보행자,여,81세,사망
2013051700100254,2013년 5월 17일 11시,금요일,충청북도 충주시 교현동,중상사고,0,2,0,0,차대차 - 기타,안전운전불이행,건조,맑음,교차로 - 교차로부근,건설기계,남,54세,상해없음,승용,여,34세,중상
2013051700100280,2013년 5월 17일 12시,금요일,충청북도 청주시 상당구 남문로1가동,중상사고,0,1,0,0,차대차 - 측면직각충돌,안전운전불이행,건조,맑음,교차로 - 교차로부근,이륜,남,16세,중상,승용,남,57세,상해없음
2013051700100281,2013년 5월 17일 12시,금요일,충청북도 청주시 상당구 지북동,중상사고,0,1,0,0,차대차 - 기타,안전운전불이행,건조,맑음,단일로 - 기타,승용,남,66세,상해없음,이륜,남,56세,중상
2013051700100282,2013년 5월 17일 12시,금요일,충청북도 청주시 상당구 용암동,경상사고,0,0,1,0,차대차 - 측면직각충돌,안전운전불이행,건조,맑음,교차로 - 교차로부근,이륜,남,44세,경상,승용,남,46세,상해없음
2013051700100317,2013년 5월 17일 13시,금요일,충청북도 보은군 내북면,중상사고,0,5,0,0,차대차 - 측면직각충돌,중앙선침범,건조,맑음,단일로 - 기타,승용,여,46세,중상,승용,남,52세,중상
2013051700100318,2013년 5월 17일 13시,금요일,충청북도 옥천군 옥천읍,중상사고,0,2,2,0,차대차 - 추돌 - 진행중,안전운전불이행,건조,맑음,교차로 - 교차로부근,건설기계,남,55세,상해없음,승용,여,53세,경상
2013051700100319,2013년 5월 17일 13시,금요일,충청북도 단양군 단양읍,경상사고,0,0,3,0,차대차 - 추돌 - 주정차중,안전거리미확보,건조,맑음,단일로 - 기타,승용,남,59세,상해없음,승용,여,39세,경상
2013051700100353,2013년 5월 17일 14시,금요일,충청북도 충주시 성내동,중상사고,0,1,0,0,차대사람 - 기타,안전운전불이행,건조,맑음,단일로 - 기타,승용,남,74세,상해없음,보행자,남,34세,중상
2013051700100354,2013년 5월 17일 14시,금요일,충청북도 충주시 가금면,중상사고,0,1,0,0,차대차 - 기타,안전운전불이행,건조,맑음,단일로 - 기타,승용,남,63세,상해없음,승용,남,32세,상해없음
2013051700100355,2013년 5월 17일 14시,금요일,충청북도 옥천군 옥천읍,중상사고,0,1,0,0,차대사람 - 기타,안전운전불이행,건조,맑음,교차로 - 교차로부근,승용,여,52세,상해없음,보행자,남,12세,중상
2013051700100389,2013년 5월 17일 15시,금요일,충청북도 청주시 상당구 영운동,중상사고,0,1,0,0,차대사람 - 기타,기타,건조,맑음,단일로 - 기타,승합,남,51세,상해없음,보행자,여,67세,중상
2013051700100430,2013년 5월 17일 16시,금요일,충청북도 음성군 대소면,경상사고,0,0,3,0,차대차 - 기타,교차로운행방법위반,건조,맑음,교차로 - 교차로안,승용,남,45세,경상,승용,남,43세,경상
2013051700100464,2013년 5월 17일 17시,금요일,충청북도 청주시 상당구 용암동,경상사고,0,0,1,0,차대차 - 기타,안전운전불이행,건조,맑음,단일로 - 기타,화물,여,55세,상해없음,승용,여,41세,경상
2013051700100494,2013년 5월 17일 18시,금요일,충청북도 충주시 엄정면,중상사고,0,1,0,0,차대차 - 기타,중앙선침범,건조,맑음,단일로 - 기타,원동기,남,78세,중상,화물,남,51세,상해없음
2013051700100632,2013년 5월 17일 22시,금요일,충청북도 청주시 상당구 석교동,중상사고,0,1,0,0,차량단독 - 기타,기타,건조,맑음,단일로 - 기타,승합,남,53세,상해없음,,,,
2013051700100633,2013년 5월 17일 22시,금요일,충청북도 음성군 금왕읍,중상사고,0,1,1,0,차대차 - 기타,안전운전불이행,건조,맑음,단일로 - 기타,승용,남,41세,상해없음,승용,남,32세,경상
2013051700100634,2013년 5월 17일 22시,금요일,충청북도 청주시 흥덕구 송정동,중상사고,0,2,2,0,차대차 - 측면직각충돌,신호위반,건조,맑음,교차로 - 교차로안,화물,남,59세,상해없음,승용,남,38세,경상
2013051800100050,2013년 5월 18일 02시,토요일,충청북도 청주시 흥덕구 수곡동,경상사고,0,0,1,0,차대차 - 측면직각충돌,기타,건조,맑음,단일로 - 기타,승용,남,53세,상해없음,기타불명,기타불명,기타불명,기타불명
2013051800100089,2013년 5월 18일 05시,토요일,충청북도 청주시 흥덕구 신봉동,경상사고,0,0,3,0,차대차 - 추돌 - 진행중,안전운전불이행,건조,맑음,단일로 - 기타,승용,남,22세,상해없음,승용,남,47세,경상
2013051800100103,2013년 5월 18일 06시,토요일,충청북도 보은군 회인면,경상사고,0,0,1,0,차량단독 - 기타,안전운전불이행,건조,맑음,단일로 - 기타,승합,남,52세,상해없음,,,,
2013051800100104,2013년 5월 18일 06시,토요일,충청북도 청주시 흥덕구 사창동,중상사고,0,2,0,0,차대차 - 추돌 - 진행중,안전운전불이행,건조,맑음,단일로 - 기타,승용,남,20세,중상,화물,남,48세,중상
2013051800100116,2013년 5월 18일 07시,토요일,충청북도 청주시 흥덕구 강서동,부상신고사고,0,0,0,1,차대차 - 정면충돌,안전운전불이행,건조,맑음,교차로 - 교차로부근,승용,남,30세,상해없음,승용,남,40세,부상신고
2013051800100153,2013년 5월 18일 09시,토요일,충청북도 청주시 상당구 우암동,경상사고,0,0,1,0,차대차 - 측면직각충돌,교차로운행방법위반,건조,맑음,교차로 - 교차로안,승용,남,35세,상해없음,승용,남,43세,경상
2013051800100195,2013년 5월 18일 11시,토요일,충청북도 청원군 북이면,경상사고,0,0,1,0,차량단독 - 전도전복,안전운전불이행,건조,맑음,단일로 - 기타,원동기,남,53세,경상,,,,
2013051800100196,2013년 5월 18일 11시,토요일,충청북도 증평군 증평읍,중상사고,0,2,2,0,차대차 - 추돌 - 주정차중,안전운전불이행,건조,맑음,교차로 - 교차로안,화물,남,42세,상해없음,승용,남,66세,중상