사고번호,사고일시,요일,시군구,사고내용,사망자수,중상자수,경상자수,부상신고자수,사고유형,법규위반,노면상태,기상상태,도로형태,가해운전자 차종,가해운전자 성별,가해운전자 연령,가해운전자 상해정도,피해운전자 차종,피해운전자 성별,피해운전자 연령,피해운전자 상해정도
2013051800100223,2013년 5월 18일 12시,토요일,충청북도 음성군 소이면,중상사고,0,1,0,0,차대차 - 기타,안전운전불이행,건조,맑음,단일로 - 기타,승용,남,21세,상해없음,자전거,남,73세,중상
2013051800100224,2013년 5월 18일 12시,토요일,충청북도 음성군 금왕읍,경상사고,0,0,1,0,차대차 - 기타,안전운전불이행,건조,맑음,단일로 - 기타,승용,남,57세,상해없음,승용,남,65세,경상
2013051800100244,2013년 5월 18일 13시,토요일,충청북도 충주시 가금면,부상신고사고,0,0,0,1,차대차 - 추돌 - 진행중,안전운전불이행,건조,맑음,단일로 - 기타,승용,남,34세,부상신고,건설기계,남,50세,상해없음
2013051800100245,2013년 5월 18일 13시,토요일,충청북도 음성군 금왕읍,중상사고,0,1,0,0,차대차 - 기타,안전운전불이행,건조,맑음,단일로 - 기타,화물,남,34세,상해없음,화물,남,63세,상해없음
2013051800100273,2013년 5월 18일 14시,토요일,충청북도 진천군 진천읍,사망사고,1,1,0,0,차대차 - 정면충돌,중앙선침범,건조,맑음,단일로 - 기타,승용,남,46세,사망,화물,남,51세,중상
2013051800100274,2013년 5월 18일 14시,토요일,충청북도 청주시 상당구 용암동,중상사고,0,1,0,0,차대사람 - 길가장자리구역통행중,안전운전불이행,건조,맑음,단일로 - 기타,승용,남,48세,상해없음,보행자,여,47세,중상
2013051800100304,2013년 5월 18일 15시,토요일,충청북도 청원군 오송읍,경상사고,0,0,1,0,차대차 - 측면직각충돌,안전운전불이행,건조,맑음,단일로 - 기타,이륜,남,69세,경상,승용,남,29세,상해없음
2013051800100337,2013년 5월 18일 16시,토요일,충청북도 단양군 단양읍,중상사고,0,4,6,0,차대차 - 기타,중앙선침범,건조,맑음,기타 - 기타,승용,남,70세,상해없음,승용,남,61세,중상
2013051800100377,2013년 5월 18일 17시,토요일,충청북도 청주시 흥덕구 복대동,경상사고,0,0,3,0,차대차 - 추돌 - 주정차중,안전운전불이행,건조,맑음,교차로 - 교차로부근,승용,남,60세,상해없음,승합,남,42세,상해없음
2013051800100378,2013년 5월 18일 17시,토요일,충청북도 청주시 상당구 영운동,경상사고,0,0,1,0,차대차 - 기타,안전운전불이행,건조,맑음,교차로 - 교차로부근,화물,남,51세,기타불명,승용,여,44세,경상
2013051800100434,2013년 5월 18일 19시,토요일,충청북도 청주시 상당구 내덕동,경상사고,0,0,1,0,차대사람 - 기타,안전운전불이행,건조,맑음,단일로 - 기타,승용,남,45세,상해없음,보행자,여,40세,경상
2013051800100435,2013년 5월 18일 19시,토요일,충청북도 충주시 수안보면,중상사고,0,1,3,1,차대차 - 추돌 - 주정차중,안전운전불이행,건조,맑음,단일로 - 기타,승용,남,38세,부상신고,승용,남,29세,중상
2013051800100436,2013년 5월 18일 19시,토요일,충청북도 청주시 흥덕구 운천동,경상사고,0,0,1,0,차대사람 - 길가장자리구역통행중,안전운전불이행,건조,맑음,교차로 - 교차로부근,승용,남,37세,상해없음,보행자,남,15세,경상
2013051800100533,2013년 5월 18일 21시,토요일,충청북도 청주시 상당구 용담동,경상사고,0,0,1,0,차대사람 - 기타,중앙선침범,습기,비,단일로 - 기타,승용,남,35세,상해없음,보행자,남,46세,경상
2013051800100588,2013년 5월 18일 22시,토요일,충청북도 청주시 상당구 금천동,중상사고,0,2,0,0,차대차 - 측면직각충돌,중앙선침범,습기,비,교차로 - 교차로부근,승용,남,67세,상해없음,승용,여,30세,중상
2013051800100589,2013년 5월 18일 22시,토요일,충청북도 제천시 하소동,경상사고,0,0,1,0,차대사람 - 기타,보행자보호의무위반,습기,비,단일로 - 횡단보도상,승용,여,50세,상해없음,보행자,남,39세,경상
2013051800100590,2013년 5월 18일 22시,토요일,충청북도 제천시 청전동,경상사고,0,0,2,0,차대차 - 측면직각충돌,직진우회전진행방해,습기,비,교차로 - 교차로안,승용,남,55세,상해없음,화물,남,57세,상해없음
2013051800100591,2013년 5월 18일 22시,토요일,충청북도 청주시 흥덕구 사창동,경상사고,0,0,1,0,차대차 - 추돌 - 주정차중,불법유턴,건조,맑음,교차로 - 교차로부근,화물,남,46세,상해없음,승용,여,48세,경상
2013051800100592,2013년 5월 18일 22시,토요일,충청북도 청주시 흥덕구 복대동,경상사고,0,0,3,0,차대차 - 측면직각충돌,신호위반,습기,비,교차로 - 교차로안,승용,남,27세,상해없음,승용,남,60세,경상
2013051800100593,2013년 5월 18일 22시,토요일,충청북도 청주시 흥덕구 분평동,경상사고,0,0,1,0,차대차 - 기타,안전운전불이행,건조,맑음,단일로 - 기타,승용,남,53세,상해없음,원동기,남,21세,경상
2013051800100654,2013년 5월 18일 23시,토요일,충청북도 청주시 상당구 내덕동,경상사고,0,0,1,0,차대사람 - 횡단중,안전운전불이행,습기,비,교차로 - 교차로안,승용,남,52세,상해없음,보행자,여,52세,경상
2013051800100655,2013년 5월 18일 23시,토요일,충청북도 청주시 흥덕구 사직동,경상사고,0,0,2,0,차대차 - 추돌 - 주정차중,안전운전불이행,건조,맑음,교차로 - 교차로부근,승용,남,61세,상해없음,승용,남,61세,경상
2013051900100024,2013년 5월 19일 00시,일요일,충청북도 청주시 상당구 금천동,중상사고,0,1,0,0,차대사람 - 횡단중,보행자보호의무위반,습기,비,단일로 - 기타,승용,남,30세,상해없음,보행자,여,45세,중상
2013051900100025,2013년 5월 19일 00시,일요일,충청북도 청주시 흥덕구 복대동,경상사고,0,0,1,0,차대사람 - 길가장자리구역통행중,안전운전불이행,습기,비,단일로 - 기타,승용,남,25세,상해없음,보행자,남,24세,경상
2013051900100066,2013년 5월 19일 01시,일요일,충청북도 제천시 청전동,경상사고,0,0,1,0,차대사람 - 기타,안전운전불이행,습기,비,교차로 - 교차로부근,승용,남,46세,상해없음,보행자,남,47세,경상
2013051900100067,2013년 5월 19일 01시,일요일,충청북도 청주시 흥덕구 봉명동,중상사고,0,1,0,0,차대사람 - 차도통행중,안전운전불이행,습기,비,단일로 - 기타,승용,남,39세,상해없음,보행자,남,48세,중상
2013051900100068,2013년 5월 19일 01시,일요일,충청북도 청주시 흥덕구 수곡동,중상사고,0,1,0,0,차대차 - 기타,안전운전불이행,습기,비,단일로 - 기타,승용,여,21세,상해없음,승용,남,53세,상해없음
2013051900100099,2013년 5월 19일 02시,일요일,충청북도 청주시 흥덕구 분평동,중상사고,0,1,0,0,차대사람 - 기타,안전운전불이행,습기,비,교차로 - 교차로부근,승용,남,25세,상해없음,보행자,남,43세,중상
2013051900100126,2013년 5월 19일 03시,일요일,충청북도 청주시 흥덕구 산남동,중상사고,0,1,1,0,차대차 - 기타,신호위반,습기,비,교차로 - 교차로안,승용,남,35세,상해없음,승용,남,30세,중상
2013051900100144,2013년 5월 19일 04시,일요일,충청북도 청원군 북이면,경상사고,0,0,1,0,차대차 - 측면직각충돌,중앙선침범,습기,비,단일로 - 기타,승용,남,28세,기타불명,승합,남,58세,경상
2013051900100145,2013년 5월 19일 04시,일요일,충청북도 제천시 송학면,중상사고,0,1,0,0,차대차 - 정면충돌,중앙선침범,습기,비,단일로 - 기타,승용,남,26세,상해없음,승용,남,57세,중상
2013051900100186,2013년 5월 19일 06시,일요일,충청북도 청주시 흥덕구 수곡동,사망사고,2,1,1,0,차대차 - 기타,중앙선침범,습기,비,단일로 - 기타,승용,남,36세,기타불명,승용,남,52세,경상
2013051900100201,2013년 5월 19일 07시,일요일,충청북도 제천시 신동,중상사고,0,3,1,0,차대차 - 정면충돌,중앙선침범,습기,비,단일로 - 기타,승용,남,29세,상해없음,승용,여,48세,경상
2013051900100202,2013년 5월 19일 07시,일요일,충청북도 청원군 오송읍,중상사고,0,1,0,0,차대사람 - 횡단중,신호위반,건조,맑음,단일로 - 횡단보도상,승용,남,59세,상해없음,보행자,남,52세,중상
2013051900100217,2013년 5월 19일 08시,일요일,충청북도 청원군 오송읍,부상신고사고,0,0,0,1,차량단독 - 공작물충돌,안전운전불이행,습기,비,단일로 - 기타,승용,여,25세,상해없음,,,,
2013051900100234,2013년 5월 19일 09시,일요일,충청북도 음성군 음성읍,중상사고,0,3,0,0,차대차 - 기타,교차로운행방법위반,건조,맑음,교차로 - 교차로안,화물,남,66세,중상,승용,남,54세,중상
2013051900100235,2013년 5월 19일 09시,일요일,충청북도 청원군 오송읍,경상사고,0,0,5,0,차대차 - 측면직각충돌,교차로운행방법위반,건조,맑음,단일로 - 기타,승용,여,38세,경상,승용,남,28세,경상
2013051900100284,2013년 5월 19일 12시,일요일,충청북도 청주시 흥덕구 복대동,중상사고,0,1,0,0,차대차 - 측면직각충돌,안전운전불이행,건조,맑음,교차로 - 교차로안,이륜,남,32세,중상,승용,여,47세,상해없음
2013051900100285,2013년 5월 19일 12시,일요일,충청북도 청주시 흥덕구 운천동,경상사고,0,0,2,0,차대차 - 측면직각충돌,안전운전불이행,건조,맑음,단일로 - 기타,승용,여,40세,경상,이륜,남,18세,경상
2013051900100286,2013년 5월 19일 12시,일요일,충청북도 청원군 현도면,경상사고,0,0,8,0,차대차 - 측면직각충돌,차로위반,습기,흐림,단일로 - 기타,승용,남,42세,상해없음,승합,남,47세,경상
2013051900100329,2013년 5월 19일 14시,일요일,충청북도 충주시 안림동,중상사고,0,1,3,0,차대차 - 추돌 - 주정차중,안전운전불이행,건조,맑음,교차로 - 교차로부근,승용,남,72세,상해없음,승용,여,40세,중상
2013051900100330,2013년 5월 19일 14시,일요일,충청북도 청주시 흥덕구 강서동,중상사고,0,1,0,0,차량단독 - 기타,안전운전불이행,건조,맑음,단일로 - 기타,승합,남,41세,상해없음,,,,
2013051900100363,2013년 5월 19일 15시,일요일,충청북도 제천시 교동,경상사고,0,0,1,0,차대사람 - 기타,안전운전불이행,건조,맑음,단일로 - 기타,승용,남,54세,상해없음,보행자,남,57세,경상
2013051900100364,2013년 5월 19일 15시,일요일,충청북도 옥천군 이원면,경상사고,0,0,3,0,차대차 - 측면직각충돌,교차로운행방법위반,건조,맑음,교차로 - 교차로안,승용,남,35세,경상,승용,남,55세,경상
2013051900100365,2013년 5월 19일 15시,일요일,충청북도 청주시 흥덕구 복대동,경상사고,0,0,1,0,차대차 - 측면직각충돌,안전운전불이행,건조,맑음,교차로 - 교차로부근,승용,여,31세,상해없음,승합,남,50세,상해없음
2013051900100396,2013년 5월 19일 16시,일요일,충청북도 옥천군 옥천읍,경상사고,0,0,2,0,차대차 - 측면직각충돌,교차로운행방법위반,건조,맑음,교차로 - 교차로안,승용,남,53세,상해없음,승용,남,29세,경상
2013051900100428,2013년 5월 19일 17시,일요일,충청북도 제천시 청전동,경상사고,0,0,2,0,차대차 - 기타,안전운전불이행,건조,맑음,단일로 - 기타,화물,남,61세,상해없음,승용,여,30세,경상
2013051900100459,2013년 5월 19일 18시,일요일,충청북도 음성군 감곡면,중상사고,0,1,3,0,차대차 - 기타,교차로운행방법위반,건조,맑음,교차로 - 교차로안,화물,여,55세,경상,승용,남,57세,경상
2013051900100485,2013년 5월 19일 19시,일요일,충청북도 청주시 흥덕구 봉명동,경상사고,0,0,2,0,차대차 - 측면직각충돌,교차로운행방법위반,건조,맑음,교차로 - 교차로안,승용,여,50세,경상,원동기,남,25세,경상
2013051900100515,2013년 5월 19일 20시,일요일,충청북도 청주시 흥덕구 신전동,중상사고,0,1,0,0,차대차 - 추돌 - 진행중,안전운전불이행,건조,맑음,단일로 - 기타,승용,남,41세,상해없음,승용,남,25세,중상
2013051900100552,2013년 5월 19일 21시,일요일,충청북도 충주시 성내동,경상사고,0,0,1,0,차대사람 - 횡단중,안전운전불이행,건조,맑음,교차로 - 교차로안,승용,남,47세,상해없음,보행자,남,52세,경상
2013051900100553,2013년 5월 19일 21시,일요일,충청북도 괴산군 감물면,부상신고사고,0,0,0,1,차량단독 - 도로외이탈 - 추락,안전운전불이행,건조,맑음,단일로 - 기타,승용,남,19세,부상신고,,,,
2013051900100554,2013년 5월 19일 21시,일요일,충청북도 청원군 옥산면,중상사고,0,1,1,0,차량단독 - 공작물충돌,중앙선침범,건조,맑음,교차로 - 교차로부근,원동기,남,18세,경상,,,,
2013051900100596,2013년 5월 19일 23시,일요일,충청북도 청주시 흥덕구 미평동,경상사고,0,0,2,0,차대차 - 측면직각충돌,안전운전불이행,건조,맑음,교차로 - 교차로부근,승용,남,26세,경상,승용,남,50세,경상
2013052000100172,2013년 5월 20일 11시,월요일,충청북도 청주시 상당구 영운동,경상사고,0,0,1,0,차대차 - 측면직각충돌,안전운전불이행,건조,맑음,단일로 - 횡단보도상,자전거,남,80세,경상,기타불명,기타불명,기타불명,기타불명
2013052000100234,2013년 5월 20일 13시,월요일,충청북도 청주시 상당구 우암동,중상사고,0,1,1,0,차대차 - 기타,안전운전불이행,건조,맑음,교차로 - 교차로부근,이륜,남,16세,중상,승용,남,30세,경상
2013052000100235,2013년 5월 20일 13시,월요일,충청북도 청원군 남이면,경상사고,0,0,2,0,차대차 - 기타,안전운전불이행,건조,맑음,교차로 - 교차로부근,승용,여,53세,상해없음,승용,남,67세,경상
2013052000100254,2013년 5월 20일 14시,월요일,충청북도 청주시 상당구 석교동,중상사고,0,1,0,0,차대차 - 기타,기타,건조,맑음,교차로 - 교차로부근,원동기,남,48세,중상,승용,남,43세,상해없음
2013052000100289,2013년 5월 20일 15시,월요일,충청북도 충주시 금릉동,경상사고,0,0,1,0,차대차 - 추돌 - 주정차중,안전운전불이행,건조,맑음,단일로 - 기타,승용,남,74세,상해없음,승용,남,30세,기타불명
2013052000100290,2013년 5월 20일 15시,월요일,충청북도 충주시 목행동,중상사고,0,1,2,0,차대차 - 기타,직진우회전진행방해,건조,맑음,교차로 - 교차로안,승용,남,59세,기타불명,승용,여,35세,중상
2013052000100291,2013년 5월 20일 15시,월요일,충청북도 제천시 봉양읍,경상사고,0,0,1,0,차대차 - 기타,안전거리미확보,건조,맑음,교차로 - 교차로부근,화물,남,61세,상해없음,건설기계,남,41세,상해없음
2013052000100340,2013년 5월 20일 16시,월요일,충청북도 청원군 내수읍,중상사고,0,1,0,0,차대차 - 측면직각충돌,안전운전불이행,건조,맑음,단일로 - 기타,화물,남,41세,상해없음,원동기,남,72세,중상
2013052000100382,2013년 5월 20일 17시,월요일,충청북도 제천시 영천동,경상사고,0,0,1,0,차대차 - 기타,안전운전불이행,건조,맑음,교차로 - 교차로안,승용,남,51세,상해없음,승용,여,41세,상해없음
2013052000100420,2013년 5월 20일 18시,월요일,충청북도 청원군 오창읍,경상사고,0,0,1,0,차대차 - 기타,안전거리미확보,건조,맑음,교차로 - 교차로부근,승용,남,21세,상해없음,승용,여,49세,경상
2013052000100452,2013년 5월 20일 19시,월요일,충청북도 청주시 상당구 금천동,경상사고,0,0,1,0,차대사람 - 기타,안전운전불이행,건조,맑음,교차로 - 교차로부근,승용,남,31세,상해없음,보행자,남,3세,경상
2013052000100474,2013년 5월 20일 20시,월요일,충청북도 청주시 흥덕구 가경동,경상사고,0,0,1,0,차대차 - 측면직각충돌,신호위반,건조,맑음,교차로 - 교차로안,승용,남,42세,상해없음,승용,남,32세,경상
2013052000100510,2013년 5월 20일 21시,월요일,충청북도 청주시 흥덕구 모충동,경상사고,0,0,1,0,차대차 - 측면직각충돌,안전운전불이행,건조,맑음,교차로 - 교차로부근,승용,남,59세,상해없음,승용,남,42세,경상
2013052000100544,2013년 5월 20일 22시,월요일,충청북도 충주시 안림동,중상사고,0,2,1,0,차대차 - 측면직각충돌,안전운전불이행,건조,맑음,교차로 - 교차로안,승용,남,42세,상해없음,승용,남,27세,경상
2013052000100545,2013년 5월 20일 22시,월요일,충청북도 청주시 흥덕구 개신동,경상사고,0,0,1,0,차대차 - 측면직각충돌,안전운전불이행,건조,맑음,단일로 - 기타,기타불명,기타불명,기타불명,기타불명,자전거,남,17세,경상
2013052000100576,2013년 5월 20일 23시,월요일,충청북도 청주시 흥덕구 송절동,경상사고,0,0,2,1,차량단독 - 공작물충돌,안전운전불이행,건조,맑음,단일로 - 기타,승용,남,19세,부상신고,,,,
2013052100100022,2013년 5월 21일 01시,화요일,충청북도 청주시 흥덕구 모충동,부상신고사고,0,0,0,1,차대사람 - 차도통행중,안전운전불이행,건조,맑음,단일로 - 기타,승용,여,31세,상해없음,보행자,남,24세,부상신고
2013052100100045,2013년 5월 21일 03시,화요일,충청북도 청주시 흥덕구 사창동,중상사고,0,1,0,0,차대차 - 측면직각충돌,신호위반,건조,맑음,교차로 - 교차로안,승용,남,31세,상해없음,승용,남,46세,중상
2013052100100067,2013년 5월 21일 06시,화요일,충청북도 음성군 음성읍,중상사고,0,2,0,0,차대차 - 기타,교차로운행방법위반,습기,안개,교차로 - 교차로안,화물,남,38세,상해없음,승합,남,64세,중상
2013052100100187,2013년 5월 21일 10시,화요일,충청북도 충주시 칠금동,중상사고,0,1,0,0,차대차 - 추돌 - 진행중,안전운전불이행,건조,맑음,교차로 - 교차로부근,화물,남,38세,상해없음,화물,남,39세,중상
2013052100100238,2013년 5월 21일 12시,화요일,충청북도 충주시 연수동,경상사고,0,0,1,0,차대차 - 추돌 - 진행중,안전운전불이행,건조,맑음,교차로 - 교차로부근,승용,남,52세,상해없음,승용,여,38세,경상
2013052100100239,2013년 5월 21일 12시,화요일,충청북도 청주시 흥덕구 모충동,경상사고,0,0,1,0,차대사람 - 길가장자리구역통행중,안전운전불이행,건조,맑음,교차로 - 교차로부근,기타불명,기타불명,기타불명,기타불명,보행자,여,72세,경상
2013052100100297,2013년 5월 21일 14시,화요일,충청북도 충주시 대소원면,중상사고,0,1,0,0,차대차 - 추돌 - 진행중,안전운전불이행,건조,맑음,단일로 - 기타,승용,여,46세,상해없음,이륜,남,75세,중상
2013052100100363,2013년 5월 21일 16시,화요일,충청북도 청주시 상당구 북문로1가동,사망사고,1,0,0,0,차대사람 - 횡단중,안전운전불이행,건조,맑음,교차로 - 교차로안,건설기계,남,33세,상해없음,보행자,남,15세,사망
2013052100100408,2013년 5월 21일 17시,화요일,충청북도 청주시 흥덕구 복대동,경상사고,0,0,1,0,차대사람 - 길가장자리구역통행중,안전운전불이행,건조,맑음,단일로 - 기타,이륜,남,32세,상해없음,보행자,여,14세,경상
2013052100100461,2013년 5월 21일 18시,화요일,충청북도 청주시 상당구 용암동,중상사고,0,1,1,0,차대사람 - 횡단중,보행자보호의무위반,건조,맑음,교차로 - 교차로부근,이륜,남,20세,상해없음,보행자,여,9세,중상
2013052100100528,2013년 5월 21일 20시,화요일,충청북도 옥천군 옥천읍,중상사고,0,1,0,0,차대차 - 측면직각충돌,안전거리미확보,건조,맑음,교차로 - 교차로부근,승용,남,22세,상해없음,이륜,남,76세,중상
2013052100100529,2013년 5월 21일 20시,화요일,충청북도 청주시 흥덕구 사창동,경상사고,0,0,5,0,차대차 - 측면직각충돌,신호위반,건조,맑음,교차로 - 교차로안,승합,남,42세,상해없음,승용,남,55세,경상
2013052100100569,2013년 5월 21일 21시,화요일,충청북도 충주시 연수동,중상사고,0,1,0,0,차대차 - 측면직각충돌,교차로운행방법위반,건조,맑음,교차로 - 교차로안,승용,남,31세,상해없음,원동기,남,22세,중상
2013052100100570,2013년 5월 21일 21시,화요일,충청북도 음성군 금왕읍,경상사고,0,0,1,0,차대차 - 기타,안전운전불이행,건조,맑음,단일로 - 기타,승용,남,30세,상해없음,원동기,남,17세,경상
2013052100100571,2013년 5월 21일 21시,화요일,충청북도 청주시 흥덕구 모충동,경상사고,0,0,4,0,차대차 - 기타,안전운전불이행,건조,맑음,교차로 - 교차로안,승용,여,25세,경상,승용,남,29세,경상
2013052100100632,2013년 5월 21일 23시,화요일,충청북도 청주시 상당구 사천동,중상사고,0,1,0,0,차대사람 - 길가장자리구역통행중,안전운전불이행,건조,맑음,단일로 - 기타,승용,남,28세,기타불명,보행자,남,30세,중상
2013052200100026,2013년 5월 22일 01시,수요일,충청북도 충주시 성남동,경상사고,0,0,2,0,차대차 - 기타,직진우회전진행방해,건조,맑음,교차로 - 교차로안,승용,남,21세,상해없음,승용,남,36세,상해없음
2013052200100040,2013년 5월 22일 02시,수요일,충청북도 제천시 송학면,경상사고,0,0,2,0,차대차 - 추돌 - 주정차중,안전운전불이행,건조,맑음,단일로 - 기타,승용,남,45세,경상,화물,남,42세,경상
2013052200100041,2013년 5월 22일 02시,수요일,충청북도 청주시 흥덕구 가경동,경상사고,0,0,2,0,차대차 - 추돌 - 주정차중,안전운전불이행,건조,맑음,교차로 - 교차로부근,승용,남,32세,상해없음,승용,남,22세,경상
2013052200100096,2013년 5월 22일 07시,수요일,충청북도 보은군 보은읍,경상사고,0,0,3,0,차대차 - 측면직각충돌,신호위반,건조,맑음,교차로 - 교차로안,화물,남,69세,상해없음,승용,여,39세,경상
2013052200100133,2013년 5월 22일 08시,수요일,충청북도 청주시 흥덕구 성화동,경상사고,0,0,1,0,차대차 - 측면직각충돌,안전운전불이행,건조,맑음,교차로 - 교차로부근,승용,남,46세,상해없음,자전거,남,12세,경상
2013052200100165,2013년 5월 22일 09시,수요일,충청북도 청주시 흥덕구 사창동,경상사고,0,0,1,0,차대차 - 측면직각충돌,안전운전불이행,건조,맑음,단일로 - 기타,기타불명,기타불명,기타불명,기타불명,자전거,남,36세,경상
2013052200100200,2013년 5월 22일 10시,수요일,충청북도 제천시 청전동,경상사고,0,0,1,0,차대차 - 기타,안전거리미확보,건조,맑음,단일로 - 기타,승용,여,58세,상해없음,승용,남,52세,경상
2013052200100201,2013년 5월 22일 10시,수요일,충청북도 청주시 흥덕구 복대동,경상사고,0,0,1,0,차대차 - 측면직각충돌,안전운전불이행,건조,맑음,단일로 - 기타,특수,남,36세,상해없음,자전거,남,24세,경상
2013052200100202,2013년 5월 22일 10시,수요일,충청북도 청주시 상당구 지북동,경상사고,0,0,1,0,차량단독 - 기타,안전운전불이행,건조,맑음,단일로 - 기타,화물,남,71세,경상,,,,
2013052200100252,2013년 5월 22일 12시,수요일,충청북도 충주시 수안보면,경상사고,0,0,1,0,차대차 - 추돌 - 진행중,안전운전불이행,건조,맑음,교차로 - 교차로안,승용,남,71세,상해없음,자전거,남,42세,경상
2013052200100280,2013년 5월 22일 13시,수요일,충청북도 청주시 흥덕구 복대동,중상사고,0,1,0,0,차대차 - 측면직각충돌,안전운전불이행,건조,맑음,단일로 - 기타,화물,남,33세,상해없음,승합,남,53세,상해없음
2013052200100300,2013년 5월 22일 14시,수요일,충청북도 제천시 중앙로2가,경상사고,0,0,1,0,차대차 - 기타,안전운전불이행,건조,맑음,교차로 - 교차로안,승용,여,44세,상해없음,승용,여,33세,경상
2013052200100301,2013년 5월 22일 14시,수요일,충청북도 음성군 대소면,경상사고,0,0,1,0,차대차 - 기타,교차로운행방법위반,건조,맑음,교차로 - 교차로안,승합,남,51세,상해없음,승용,남,68세,상해없음
2013052200100347,2013년 5월 22일 15시,수요일,충청북도 옥천군 청산면,중상사고,0,1,0,0,차대차 - 측면직각충돌,안전운전불이행,건조,맑음,교차로 - 교차로부근,이륜,여,60세,중상,화물,남,41세,상해없음
2013052200100453,2013년 5월 22일 18시,수요일,충청북도 영동군 영동읍,사망사고,1,0,0,0,차대차 - 기타,안전운전불이행,건조,맑음,교차로 - 교차로부근,승용,남,30세,상해없음,자전거,남,72세,사망
2013052200100454,2013년 5월 22일 18시,수요일,충청북도 청원군 오송읍,경상사고,0,0,2,0,차대차 - 측면직각충돌,중앙선침범,건조,맑음,단일로 - 기타,승합,남,34세,기타불명,승용,남,28세,경상
2013052200100518,2013년 5월 22일 20시,수요일,충청북도 청주시 상당구 외하동,중상사고,0,1,0,0,차대사람 - 기타,안전운전불이행,건조,맑음,단일로 - 기타,승용,남,32세,상해없음,보행자,남,56세,중상
2013052200100519,2013년 5월 22일 20시,수요일,충청북도 청주시 흥덕구 사직동,경상사고,0,0,1,0,차대차 - 추돌 - 주정차중,안전운전불이행,건조,맑음,교차로 - 교차로부근,승합,남,47세,상해없음,승용,여,26세,경상
2013052200100602,2013년 5월 22일 22시,수요일,충청북도 괴산군 칠성면,중상사고,0,1,0,0,차대차 - 추돌 - 주정차중,안전운전불이행,건조,맑음,단일로 - 기타,승용,남,77세,상해없음,승용,남,30세,기타불명
2013052200100632,2013년 5월 22일 23시,수요일,충청북도 청원군 오창읍,경상사고,0,0,1,0,차대차 - 기타,안전운전불이행,건조,맑음,교차로 - 교차로부근,승용,여,20세,상해없음,승용,남,26세,기타불명
2013052200100633,2013년 5월 22일 23시,수요일,충청북도 단양군 매포읍,중상사고,0,1,0,0,차대차 - 측면직각충돌,중앙선침범,건조,맑음,교차로 - 교차로안,화물,남,58세,상해없음,승용,남,44세,중상
2013052300100009,2013년 5월 23일 00시,목요일,충청북도 청주시 흥덕구 비하동,중상사고,0,1,0,0,차대사람 - 기타,안전운전불이행,건조,맑음,단일로 - 기타,화물,기타불명,기타불명,기타불명,보행자,남,22세,중상
2013052300100025,2013년 5월 23일 01시,목요일,충청북도 음성군 감곡면,사망사고,1,0,1,0,차대차 - 기타,안전운전불이행,건조,맑음,단일로 - 기타,승용,남,44세,사망,승용,여,29세,경상
2013052300100041,2013년 5월 23일 02시,목요일,충청북도 청주시 흥덕구 사직동,경상사고,0,0,1,0,차대차 - 기타,안전거리미확보,건조,맑음,교차로 - 교차로부근,기타불명,기타불명,기타불명,기타불명,승용,남,56세,상해없음
2013052300100060,2013년 5월 23일 04시,목요일,충청북도 청주시 흥덕구 비하동,중상사고,0,1,0,0,차량단독 - 기타,안전운전불이행,건조,맑음,단일로 - 기타,원동기,남,23세,중상,,,,
2013052300100067,2013년 5월 23일 05시,목요일,충청북도 청주시 상당구 남주동,경상사고,0,0,3,0,차대차 - 기타,교차로운행방법위반,건조,맑음,교차로 - 교차로안,승용,남,53세,상해없음,승용,남,51세,상해없음
2013052300100077,2013년 5월 23일 06시,목요일,충청북도 충주시 연수동,사망사고,1,0,4,1,차대차 - 기타,안전운전불이행,건조,맑음,교차로 - 교차로부근,승용,남,70세,부상신고,화물,남,50세,경상
2013052300100093,2013년 5월 23일 07시,목요일,충청북도 진천군 이월면,중상사고,0,1,0,0,차대차 - 측면직각충돌,안전운전불이행,건조,맑음,단일로 - 기타,이륜,남,74세,중상,승용,여,27세,상해없음
2013052300100134,2013년 5월 23일 08시,목요일,충청북도 진천군 진천읍,중상사고,0,1,0,0,차대사람 - 기타,안전운전불이행,건조,맑음,단일로 - 기타,승용,여,48세,상해없음,보행자,남,10세,중상
2013052300100164,2013년 5월 23일 09시,목요일,충청북도 청주시 상당구 용암동,중상사고,0,1,2,0,차대차 - 기타,안전운전불이행,건조,맑음,단일로 - 기타,승용,여,36세,경상,이륜,남,17세,중상
2013052300100184,2013년 5월 23일 10시,목요일,충청북도 음성군 음성읍,중상사고,0,1,0,0,차대사람 - 기타,안전운전불이행,건조,맑음,기타 - 기타,화물,남,49세,상해없음,보행자,남,36세,중상
2013052300100185,2013년 5월 23일 10시,목요일,충청북도 청주시 흥덕구 개신동,경상사고,0,0,1,0,차대차 - 측면직각충돌,안전운전불이행,건조,맑음,단일로 - 기타,승용,여,45세,경상,승합,남,36세,상해없음
2013052300100186,2013년 5월 23일 10시,목요일,충청북도 청주시 상당구 용암동,중상사고,0,1,0,0,차대사람 - 기타,신호위반,건조,맑음,단일로 - 기타,화물,남,53세,상해없음,보행자,여,64세,중상