사고번호,사고일시,요일,시군구,사고내용,사망자수,중상자수,경상자수,부상신고자수,사고유형,법규위반,노면상태,기상상태,도로형태,가해운전자 차종,가해운전자 성별,가해운전자 연령,가해운전자 상해정도,피해운전자 차종,피해운전자 성별,피해운전자 연령,피해운전자 상해정도
2013052700100793,2013년 5월 27일 23시,월요일,충청북도 청주시 흥덕구 봉명동,경상사고,0,0,1,0,차량단독 - 공작물충돌,안전운전불이행,습기,비,단일로 - 기타,승용,남,23세,상해없음,,,,
2013052800100077,2013년 5월 28일 02시,화요일,충청북도 청주시 상당구 용암동,경상사고,0,0,2,0,차대차 - 측면직각충돌,중앙선침범,습기,흐림,교차로 - 교차로부근,승용,남,27세,상해없음,승합,남,31세,경상
2013052800100104,2013년 5월 28일 04시,화요일,충청북도 청주시 상당구 내덕동,경상사고,0,0,1,0,차대차 - 측면직각충돌,신호위반,습기,맑음,교차로 - 교차로안,승용,남,34세,상해없음,승용,남,42세,상해없음
2013052800100113,2013년 5월 28일 05시,화요일,충청북도 청주시 상당구 영동,중상사고,0,1,0,0,차대차 - 측면직각충돌,신호위반,건조,맑음,교차로 - 교차로안,승용,남,49세,상해없음,승용,남,64세,중상
2013052800100114,2013년 5월 28일 05시,화요일,충청북도 보은군 보은읍,경상사고,0,0,1,0,차대차 - 측면직각충돌,교차로운행방법위반,습기,비,교차로 - 교차로안,화물,남,43세,상해없음,화물,남,63세,경상
2013052800100141,2013년 5월 28일 07시,화요일,충청북도 음성군 금왕읍,경상사고,0,0,2,0,차대차 - 기타,과속,습기,흐림,단일로 - 기타,승용,남,34세,경상,승용,여,23세,경상
2013052800100180,2013년 5월 28일 08시,화요일,충청북도 충주시 문화동,경상사고,0,0,1,0,차대차 - 추돌 - 진행중,신호위반,건조,맑음,교차로 - 교차로안,승용,남,61세,상해없음,화물,남,50세,경상
2013052800100204,2013년 5월 28일 09시,화요일,충청북도 청주시 상당구 내덕동,중상사고,0,1,0,0,차대사람 - 횡단중,안전운전불이행,건조,맑음,교차로 - 교차로부근,승용,남,71세,상해없음,보행자,여,57세,중상
2013052800100259,2013년 5월 28일 11시,화요일,충청북도 청주시 상당구 영운동,중상사고,0,1,0,0,차대차 - 기타,안전운전불이행,건조,맑음,단일로 - 기타,승용,남,28세,상해없음,이륜,남,81세,중상
2013052800100371,2013년 5월 28일 15시,화요일,충청북도 단양군 매포읍,중상사고,0,1,0,0,차대차 - 기타,안전거리미확보,건조,맑음,교차로 - 교차로안,승용,남,62세,상해없음,승용,남,44세,중상
2013052800100404,2013년 5월 28일 16시,화요일,충청북도 충주시 단월동,부상신고사고,0,0,0,1,차대차 - 기타,안전거리미확보,건조,흐림,교차로 - 교차로부근,원동기,여,21세,부상신고,승용,여,30세,상해없음
2013052800100442,2013년 5월 28일 17시,화요일,충청북도 충주시 성남동,부상신고사고,0,0,0,1,차대차 - 측면직각충돌,안전운전불이행,습기,비,단일로 - 기타,원동기,남,16세,부상신고,승용,여,58세,상해없음
2013052800100480,2013년 5월 28일 18시,화요일,충청북도 청주시 상당구 외남동,경상사고,0,0,1,0,차대차 - 측면직각충돌,안전거리미확보,습기,비,단일로 - 기타,승용,남,23세,상해없음,승용,여,39세,상해없음
2013052800100481,2013년 5월 28일 18시,화요일,충청북도 청원군 내수읍,경상사고,0,0,2,0,차대차 - 측면직각충돌,안전운전불이행,건조,맑음,단일로 - 기타,승용,남,28세,상해없음,승용,여,41세,경상
2013052800100482,2013년 5월 28일 18시,화요일,충청북도 음성군 삼성면,경상사고,0,0,1,0,차대사람 - 기타,안전운전불이행,건조,맑음,단일로 - 기타,승용,여,45세,상해없음,보행자,남,65세,경상
2013052800100483,2013년 5월 28일 18시,화요일,충청북도 옥천군 이원면,중상사고,0,1,0,0,차량단독 - 기타,안전운전불이행,습기,비,단일로 - 기타,원동기,남,47세,중상,,,,
2013052800100524,2013년 5월 28일 19시,화요일,충청북도 충주시 문화동,중상사고,0,3,0,1,차대차 - 측면직각충돌,안전운전불이행,습기,비,교차로 - 교차로안,승용,남,70세,부상신고,승용,남,56세,중상
2013052800100562,2013년 5월 28일 20시,화요일,충청북도 음성군 음성읍,중상사고,0,1,1,0,차대사람 - 횡단중,안전운전불이행,건조,맑음,단일로 - 횡단보도상,원동기,남,20세,경상,보행자,남,60세,중상
2013052800100591,2013년 5월 28일 21시,화요일,충청북도 청원군 내수읍,경상사고,0,0,1,0,차대차 - 측면직각충돌,중앙선침범,건조,맑음,교차로 - 교차로부근,승용,남,46세,상해없음,승용,남,46세,경상
2013052800100592,2013년 5월 28일 21시,화요일,충청북도 청주시 상당구 내덕동,경상사고,0,0,2,0,차대차 - 추돌 - 주정차중,안전운전불이행,건조,맑음,교차로 - 교차로부근,승합,남,56세,상해없음,승용,남,26세,경상
2013052800100593,2013년 5월 28일 21시,화요일,충청북도 음성군 대소면,경상사고,0,0,1,0,차대차 - 기타,안전운전불이행,습기,비,기타 - 기타,원동기,남,17세,경상,승용,여,29세,상해없음
2013052800100594,2013년 5월 28일 21시,화요일,충청북도 음성군 금왕읍,경상사고,0,0,1,0,차대차 - 기타,안전운전불이행,습기,비,교차로 - 교차로안,승용,여,45세,기타불명,승용,여,37세,경상
2013052800100595,2013년 5월 28일 21시,화요일,충청북도 진천군 광혜원면,중상사고,0,1,0,0,차대사람 - 기타,교차로운행방법위반,건조,맑음,교차로 - 교차로안,승용,여,60세,상해없음,보행자,여,25세,중상
2013052800100596,2013년 5월 28일 21시,화요일,충청북도 청주시 흥덕구 신봉동,경상사고,0,0,1,0,차량단독 - 공작물충돌,안전운전불이행,건조,맑음,단일로 - 기타,승용,남,24세,경상,,,,
2013052800100597,2013년 5월 28일 21시,화요일,충청북도 청주시 흥덕구 가경동,중상사고,0,1,3,0,차대차 - 추돌 - 주정차중,안전운전불이행,건조,맑음,단일로 - 기타,승용,남,32세,상해없음,승용,남,45세,중상
2013052800100598,2013년 5월 28일 21시,화요일,충청북도 청주시 흥덕구 봉명동,경상사고,0,0,1,0,차대차 - 추돌 - 주정차중,중앙선침범,건조,맑음,교차로 - 교차로부근,승용,남,39세,상해없음,승용,남,24세,경상
2013052800100631,2013년 5월 28일 22시,화요일,충청북도 청원군 내수읍,경상사고,0,0,1,0,차대차 - 추돌 - 주정차중,안전운전불이행,건조,맑음,교차로 - 교차로부근,승용,남,47세,상해없음,승용,남,30세,경상
2013052800100632,2013년 5월 28일 22시,화요일,충청북도 청주시 흥덕구 가경동,중상사고,0,1,3,0,차대차 - 측면직각충돌,중앙선침범,건조,맑음,단일로 - 기타,승용,남,40세,경상,승용,남,34세,경상
2013052800100667,2013년 5월 28일 23시,화요일,충청북도 청주시 상당구 주중동,중상사고,0,2,1,0,차대차 - 측면직각충돌,신호위반,건조,맑음,교차로 - 교차로안,승용,여,47세,상해없음,승용,여,51세,중상
2013052900100011,2013년 5월 29일 00시,수요일,충청북도 청주시 상당구 사천동,사망사고,1,1,0,0,차대차 - 측면직각충돌,교차로운행방법위반,건조,맑음,교차로 - 교차로안,원동기,남,18세,중상,원동기,남,18세,상해없음
2013052900100012,2013년 5월 29일 00시,수요일,충청북도 제천시 신월동,중상사고,0,1,0,0,차대차 - 측면직각충돌,직진우회전진행방해,습기,비,교차로 - 교차로안,승용,남,43세,상해없음,승용,남,56세,중상
2013052900100013,2013년 5월 29일 00시,수요일,충청북도 청주시 상당구 명암동,중상사고,0,1,0,0,차량단독 - 기타,안전운전불이행,습기,비,단일로 - 기타,승용,남,24세,중상,,,,
2013052900100035,2013년 5월 29일 01시,수요일,충청북도 청원군 오창읍,중상사고,0,1,0,0,차대사람 - 기타,안전운전불이행,건조,맑음,단일로 - 기타,기타불명,기타불명,기타불명,기타불명,보행자,남,43세,중상
2013052900100036,2013년 5월 29일 01시,수요일,충청북도 증평군 증평읍,경상사고,0,0,1,0,차대차 - 기타,중앙선침범,건조,맑음,단일로 - 기타,승용,남,45세,상해없음,승용,남,38세,경상
2013052900100037,2013년 5월 29일 01시,수요일,충청북도 음성군 감곡면,경상사고,0,0,1,0,차대차 - 기타,안전거리미확보,습기,비,교차로 - 교차로부근,승용,남,46세,상해없음,승용,남,33세,경상
2013052900100038,2013년 5월 29일 01시,수요일,충청북도 진천군 진천읍,경상사고,0,0,1,0,차대사람 - 기타,안전운전불이행,습기,비,교차로 - 교차로안,승용,남,29세,상해없음,보행자,남,36세,경상
2013052900100081,2013년 5월 29일 05시,수요일,충청북도 청주시 흥덕구 강서동,중상사고,0,1,0,0,차대차 - 측면직각충돌,신호위반,건조,맑음,교차로 - 교차로안,화물,남,50세,상해없음,승용,남,58세,중상
2013052900100098,2013년 5월 29일 06시,수요일,충청북도 제천시 고명동,중상사고,0,2,0,0,차대차 - 기타,안전운전불이행,습기,비,교차로 - 교차로부근,승용,남,44세,기타불명,승용,여,53세,중상
2013052900100110,2013년 5월 29일 07시,수요일,충청북도 청주시 상당구 율량동,중상사고,0,1,4,0,차대차 - 측면직각충돌,교차로운행방법위반,건조,맑음,교차로 - 교차로안,승용,남,51세,중상,승용,여,40세,경상
2013052900100149,2013년 5월 29일 08시,수요일,충청북도 청주시 상당구 사천동,중상사고,0,2,0,0,차대차 - 기타,신호위반,건조,맑음,교차로 - 교차로안,승용,남,33세,상해없음,승용,남,53세,중상
2013052900100201,2013년 5월 29일 10시,수요일,충청북도 청원군 미원면,경상사고,0,0,1,0,차대사람 - 기타,안전운전불이행,건조,맑음,단일로 - 기타,화물,남,52세,상해없음,보행자,남,52세,경상
2013052900100225,2013년 5월 29일 11시,수요일,충청북도 청주시 상당구 주중동,사망사고,1,0,0,0,차량단독 - 공작물충돌,안전운전불이행,건조,맑음,단일로 - 기타,화물,남,64세,사망,,,,
2013052900100248,2013년 5월 29일 12시,수요일,충청북도 보은군 보은읍,중상사고,0,1,0,0,차대차 - 측면직각충돌,안전거리미확보,습기,비,단일로 - 기타,화물,남,66세,상해없음,원동기,여,75세,중상
2013052900100351,2013년 5월 29일 16시,수요일,충청북도 충주시 문화동,중상사고,0,1,0,0,차대차 - 측면직각충돌,기타,건조,맑음,단일로 - 기타,화물,남,50세,상해없음,자전거,남,12세,중상
2013052900100352,2013년 5월 29일 16시,수요일,충청북도 청주시 상당구 용정동,경상사고,0,0,2,0,차대차 - 기타,안전운전불이행,건조,맑음,교차로 - 교차로안,승용,남,45세,상해없음,자전거,남,17세,경상
2013052900100383,2013년 5월 29일 17시,수요일,충청북도 충주시 교현동,중상사고,0,1,0,0,차대사람 - 기타,안전운전불이행,건조,맑음,단일로 - 기타,승용,남,53세,상해없음,보행자,여,49세,중상
2013052900100384,2013년 5월 29일 17시,수요일,충청북도 음성군 맹동면,중상사고,0,1,0,0,차대차 - 측면직각충돌,신호위반,건조,맑음,교차로 - 교차로안,승합,남,44세,상해없음,승용,남,46세,중상
2013052900100417,2013년 5월 29일 18시,수요일,충청북도 청주시 흥덕구 사창동,경상사고,0,0,6,0,차대차 - 측면직각충돌,안전운전불이행,건조,맑음,교차로 - 교차로안,승용,여,36세,경상,이륜,남,30세,경상
2013052900100418,2013년 5월 29일 18시,수요일,충청북도 청주시 흥덕구 개신동,경상사고,0,0,2,0,차대차 - 기타,안전운전불이행,건조,맑음,교차로 - 교차로안,승용,남,51세,상해없음,승용,남,27세,경상
2013052900100419,2013년 5월 29일 18시,수요일,충청북도 청주시 상당구 용암동,중상사고,0,1,0,0,차대사람 - 횡단중,안전운전불이행,건조,맑음,단일로 - 기타,승용,남,36세,상해없음,보행자,남,10세,중상
2013052900100503,2013년 5월 29일 21시,수요일,충청북도 청주시 상당구 내덕동,경상사고,0,0,1,0,차대사람 - 길가장자리구역통행중,안전운전불이행,건조,맑음,단일로 - 기타,승용,여,20세,상해없음,보행자,여,54세,경상
2013052900100539,2013년 5월 29일 22시,수요일,충청북도 충주시 연수동,부상신고사고,0,0,0,2,차대차 - 측면직각충돌,신호위반,건조,맑음,교차로 - 교차로안,승용,여,24세,상해없음,승용,남,61세,부상신고
2013052900100540,2013년 5월 29일 22시,수요일,충청북도 증평군 증평읍,경상사고,0,0,1,0,차대차 - 측면직각충돌,신호위반,건조,흐림,교차로 - 교차로안,승용,남,37세,상해없음,승용,여,52세,경상
2013052900100541,2013년 5월 29일 22시,수요일,충청북도 옥천군 청성면,중상사고,0,1,0,0,차대차 - 추돌 - 주정차중,안전운전불이행,건조,흐림,단일로 - 기타,이륜,남,24세,중상,농기계,남,57세,기타불명
2013052900100542,2013년 5월 29일 22시,수요일,충청북도 청주시 흥덕구 복대동,중상사고,0,1,0,0,차대차 - 측면직각충돌,중앙선침범,건조,맑음,단일로 - 기타,승용,남,40세,상해없음,이륜,남,17세,중상
2013052900100563,2013년 5월 29일 23시,수요일,충청북도 음성군 음성읍,경상사고,0,0,1,0,차대차 - 기타,중앙선침범,건조,맑음,단일로 - 기타,승용,여,49세,상해없음,승용,여,32세,경상
2013052900100564,2013년 5월 29일 23시,수요일,충청북도 청주시 흥덕구 복대동,중상사고,0,1,0,0,차대차 - 정면충돌,신호위반,건조,맑음,교차로 - 교차로안,이륜,남,23세,중상,승용,남,69세,상해없음
2013053000100059,2013년 5월 30일 04시,목요일,충청북도 제천시 청전동,경상사고,0,0,1,0,차대사람 - 기타,안전운전불이행,건조,맑음,단일로 - 기타,승합,남,29세,상해없음,보행자,남,18세,경상
2013053000100075,2013년 5월 30일 06시,목요일,충청북도 청주시 상당구 서문동,중상사고,0,1,0,0,차대차 - 기타,신호위반,건조,맑음,교차로 - 교차로안,승용,남,45세,상해없음,승용,남,35세,중상
2013053000100095,2013년 5월 30일 07시,목요일,충청북도 제천시 명동,중상사고,0,1,1,0,차대차 - 측면직각충돌,직진우회전진행방해,건조,맑음,교차로 - 교차로안,승용,남,35세,상해없음,승용,여,43세,중상
2013053000100137,2013년 5월 30일 08시,목요일,충청북도 음성군 음성읍,중상사고,0,1,0,0,차대차 - 기타,기타,건조,맑음,교차로 - 교차로안,승용,남,56세,상해없음,원동기,여,62세,중상
2013053000100172,2013년 5월 30일 09시,목요일,충청북도 청주시 상당구 용암동,경상사고,0,0,1,0,차대차 - 측면직각충돌,안전거리미확보,건조,맑음,단일로 - 기타,승용,남,25세,상해없음,승용,남,56세,경상
2013053000100370,2013년 5월 30일 16시,목요일,충청북도 진천군 이월면,사망사고,1,1,0,0,차대차 - 측면직각충돌,교차로운행방법위반,건조,맑음,교차로 - 교차로안,화물,남,31세,상해없음,원동기,남,69세,사망
2013053000100371,2013년 5월 30일 16시,목요일,충청북도 청주시 흥덕구 봉명동,경상사고,0,0,1,0,차대사람 - 기타,안전운전불이행,건조,맑음,기타 - 기타,화물,남,59세,상해없음,보행자,남,48세,경상
2013053000100394,2013년 5월 30일 17시,목요일,충청북도 청주시 상당구 금천동,경상사고,0,0,1,0,차대차 - 측면직각충돌,안전운전불이행,건조,맑음,단일로 - 기타,이륜,남,26세,경상,화물,여,55세,상해없음
2013053000100395,2013년 5월 30일 17시,목요일,충청북도 청주시 흥덕구 사직동,중상사고,0,1,2,0,차대차 - 추돌 - 주정차중,안전운전불이행,건조,맑음,단일로 - 기타,승용,남,32세,상해없음,승용,남,41세,경상
2013053000100396,2013년 5월 30일 17시,목요일,충청북도 음성군 감곡면,중상사고,0,1,3,0,차대차 - 추돌 - 주정차중,안전운전불이행,건조,맑음,단일로 - 기타,승용,남,33세,중상,화물,남,43세,경상
2013053000100499,2013년 5월 30일 20시,목요일,충청북도 청주시 흥덕구 산남동,경상사고,0,0,1,0,차대사람 - 횡단중,보행자보호의무위반,건조,맑음,교차로 - 교차로부근,승용,남,53세,상해없음,보행자,여,48세,경상
2013053000100542,2013년 5월 30일 21시,목요일,충청북도 제천시 하소동,경상사고,0,0,1,0,차대사람 - 기타,안전운전불이행,건조,맑음,교차로 - 교차로안,승용,남,64세,상해없음,보행자,남,14세,경상
2013053000100579,2013년 5월 30일 22시,목요일,충청북도 청주시 상당구 내덕동,중상사고,0,1,0,0,차대차 - 기타,중앙선침범,건조,맑음,교차로 - 교차로부근,승용,남,26세,상해없음,이륜,남,52세,중상
2013053000100580,2013년 5월 30일 22시,목요일,충청북도 청원군 오송읍,중상사고,0,2,0,0,차대차 - 추돌 - 진행중,안전거리미확보,건조,맑음,단일로 - 기타,승용,여,54세,상해없음,승용,남,47세,중상
2013053000100581,2013년 5월 30일 22시,목요일,충청북도 청주시 흥덕구 봉명동,부상신고사고,0,0,0,1,차대차 - 추돌 - 진행중,안전운전불이행,건조,맑음,단일로 - 기타,승용,여,32세,상해없음,원동기,남,47세,부상신고
2013053000100622,2013년 5월 30일 23시,목요일,충청북도 영동군 황간면,사망사고,1,0,0,0,차량단독 - 공작물충돌,안전운전불이행,건조,맑음,단일로 - 기타,승용,남,62세,사망,,,,
2013053100100019,2013년 5월 31일 00시,금요일,충청북도 충주시 성서동,경상사고,0,0,1,0,차대사람 - 기타,안전운전불이행,건조,맑음,단일로 - 기타,승용,남,48세,상해없음,보행자,남,22세,경상
2013053100100020,2013년 5월 31일 00시,금요일,충청북도 충주시 성서동,중상사고,0,1,0,0,차대사람 - 기타,안전운전불이행,건조,맑음,단일로 - 기타,승용,남,26세,상해없음,보행자,남,21세,중상
2013053100100081,2013년 5월 31일 06시,금요일,충청북도 청주시 상당구 석교동,중상사고,0,1,0,0,차대차 - 측면직각충돌,안전운전불이행,건조,맑음,교차로 - 교차로부근,승용,남,39세,상해없음,자전거,남,65세,중상
2013053100100082,2013년 5월 31일 06시,금요일,충청북도 청원군 오창읍,중상사고,0,1,1,0,차대차 - 기타,신호위반,건조,맑음,교차로 - 교차로안,승용,여,69세,상해없음,승합,남,48세,경상
2013053100100095,2013년 5월 31일 07시,금요일,충청북도 괴산군 감물면,중상사고,0,1,1,0,차대차 - 정면충돌,중앙선침범,건조,맑음,단일로 - 기타,승용,남,22세,경상,승용,남,51세,중상
2013053100100096,2013년 5월 31일 07시,금요일,충청북도 음성군 음성읍,중상사고,0,1,2,0,차대차 - 추돌 - 진행중,안전운전불이행,건조,맑음,교차로 - 교차로부근,승용,남,35세,경상,화물,남,48세,중상
2013053100100097,2013년 5월 31일 07시,금요일,충청북도 청원군 강내면,중상사고,0,3,0,0,차대차 - 정면충돌,중앙선침범,건조,맑음,단일로 - 기타,승용,남,26세,중상,건설기계,남,56세,중상
2013053100100134,2013년 5월 31일 08시,금요일,충청북도 청원군 강내면,경상사고,0,0,3,0,차대차 - 추돌 - 진행중,안전운전불이행,건조,맑음,교차로 - 교차로부근,승합,남,64세,상해없음,승용,남,44세,경상
2013053100100163,2013년 5월 31일 09시,금요일,충청북도 음성군 금왕읍,중상사고,0,1,0,0,차대차 - 기타,중앙선침범,건조,맑음,단일로 - 기타,특수,남,32세,상해없음,화물,남,38세,중상
2013053100100164,2013년 5월 31일 09시,금요일,충청북도 청주시 흥덕구 가경동,중상사고,0,1,2,0,차대차 - 추돌 - 진행중,안전거리미확보,건조,맑음,단일로 - 기타,승용,남,54세,상해없음,승용,여,55세,중상
2013053100100165,2013년 5월 31일 09시,금요일,충청북도 청주시 흥덕구 모충동,중상사고,0,1,0,0,차대사람 - 기타,안전운전불이행,건조,맑음,단일로 - 기타,승용,남,67세,상해없음,보행자,여,80세,중상
2013053100100194,2013년 5월 31일 10시,금요일,충청북도 진천군 진천읍,경상사고,0,0,2,0,차대차 - 측면직각충돌,안전운전불이행,건조,맑음,교차로 - 교차로부근,화물,남,70세,상해없음,승용,여,52세,경상
2013053100100195,2013년 5월 31일 10시,금요일,충청북도 청주시 흥덕구 가경동,중상사고,0,1,2,0,차대차 - 측면직각충돌,신호위반,건조,맑음,교차로 - 교차로안,화물,남,52세,상해없음,승용,여,38세,중상
2013053100100227,2013년 5월 31일 11시,금요일,충청북도 청주시 상당구 용담동,경상사고,0,0,2,0,차대차 - 기타,중앙선침범,건조,맑음,단일로 - 기타,화물,남,35세,상해없음,승용,여,46세,경상
2013053100100257,2013년 5월 31일 12시,금요일,충청북도 청주시 흥덕구 서촌동,중상사고,0,2,1,0,차대차 - 측면직각충돌,안전운전불이행,건조,맑음,교차로 - 교차로안,승용,남,72세,중상,화물,여,36세,경상
2013053100100283,2013년 5월 31일 13시,금요일,충청북도 청원군 북이면,중상사고,0,1,0,0,차량단독 - 공작물충돌,안전운전불이행,건조,맑음,단일로 - 기타,승용,남,58세,상해없음,,,,
2013053100100284,2013년 5월 31일 13시,금요일,충청북도 충주시 봉방동,경상사고,0,0,1,1,차대차 - 추돌 - 진행중,기타,건조,맑음,교차로 - 교차로안,화물,남,47세,부상신고,화물,남,34세,경상
2013053100100321,2013년 5월 31일 14시,금요일,충청북도 충주시 앙성면,경상사고,0,0,1,0,차대차 - 기타,안전거리미확보,건조,맑음,단일로 - 기타,건설기계,남,38세,상해없음,승용,남,56세,경상
2013053100100322,2013년 5월 31일 14시,금요일,충청북도 충주시 대소원면,경상사고,0,0,1,1,차대차 - 추돌 - 진행중,교차로운행방법위반,건조,맑음,교차로 - 교차로안,화물,남,48세,부상신고,승용,남,52세,경상
2013053100100323,2013년 5월 31일 14시,금요일,충청북도 진천군 진천읍,중상사고,0,1,0,0,차대차 - 측면직각충돌,안전운전불이행,건조,맑음,단일로 - 기타,화물,남,43세,상해없음,자전거,남,85세,중상
2013053100100381,2013년 5월 31일 16시,금요일,충청북도 청주시 상당구 율량동,경상사고,0,0,1,0,차대차 - 기타,안전운전불이행,건조,맑음,단일로 - 기타,승용,여,46세,경상,화물,남,32세,상해없음
2013053100100414,2013년 5월 31일 17시,금요일,충청북도 단양군 단양읍,경상사고,0,0,1,0,차대차 - 측면직각충돌,안전운전불이행,건조,맑음,교차로 - 교차로안,승용,남,56세,상해없음,자전거,남,9세,경상
2013053100100415,2013년 5월 31일 17시,금요일,충청북도 청주시 흥덕구 수곡동,경상사고,0,0,1,0,차대차 - 기타,안전운전불이행,건조,맑음,교차로 - 교차로부근,자전거,남,17세,경상,승용,여,23세,상해없음
2013053100100457,2013년 5월 31일 18시,금요일,충청북도 충주시 칠금동,부상신고사고,0,0,0,1,차대차 - 기타,안전거리미확보,건조,맑음,단일로 - 기타,이륜,남,26세,부상신고,화물,남,49세,상해없음
2013053100100458,2013년 5월 31일 18시,금요일,충청북도 음성군 감곡면,경상사고,0,0,1,0,차대차 - 기타,안전운전불이행,건조,맑음,단일로 - 기타,승용,남,58세,상해없음,승용,여,54세,경상
2013053100100504,2013년 5월 31일 19시,금요일,충청북도 청주시 흥덕구 가경동,중상사고,0,1,0,0,차대사람 - 횡단중,안전운전불이행,건조,맑음,교차로 - 교차로안,승용,여,46세,상해없음,보행자,남,9세,중상
2013053100100505,2013년 5월 31일 19시,금요일,충청북도 청주시 상당구 용암동,경상사고,0,0,1,0,차량단독 - 기타,안전운전불이행,건조,맑음,단일로 - 기타,승합,남,59세,상해없음,,,,
2013053100100579,2013년 5월 31일 21시,금요일,충청북도 청주시 상당구 주성동,경상사고,0,0,2,0,차대차 - 추돌 - 주정차중,안전운전불이행,건조,맑음,교차로 - 교차로부근,승용,남,56세,상해없음,승용,남,43세,경상
2013053100100580,2013년 5월 31일 21시,금요일,충청북도 청주시 상당구 북문로2가동,중상사고,0,1,2,0,차대차 - 추돌 - 진행중,안전운전불이행,건조,맑음,교차로 - 교차로안,승용,남,54세,상해없음,승용,여,36세,중상
2013053100100581,2013년 5월 31일 21시,금요일,충청북도 음성군 원남면,경상사고,0,0,1,0,차량단독 - 도로외이탈 - 기타,기타,건조,맑음,단일로 - 기타,화물,남,58세,경상,,,,
2013053100100619,2013년 5월 31일 22시,금요일,충청북도 청주시 흥덕구 복대동,경상사고,0,0,1,0,차대차 - 측면직각충돌,안전운전불이행,건조,맑음,단일로 - 기타,승용,남,40세,상해없음,이륜,남,25세,경상
2013053100100620,2013년 5월 31일 22시,금요일,충청북도 청주시 흥덕구 신봉동,경상사고,0,0,1,0,차대차 - 추돌 - 진행중,안전운전불이행,건조,맑음,교차로 - 교차로부근,승용,남,41세,상해없음,승용,남,37세,경상
2013060100100041,2013년 6월 1일 01시,토요일,충청북도 음성군 감곡면,중상사고,0,1,0,0,차대차 - 기타,안전운전불이행,건조,맑음,단일로 - 기타,화물,남,63세,상해없음,원동기,남,21세,중상
2013060100100042,2013년 6월 1일 01시,토요일,충청북도 청주시 흥덕구 강서동,중상사고,0,2,2,0,차대차 - 정면충돌,교차로운행방법위반,건조,맑음,교차로 - 교차로안,승용,여,54세,중상,승용,남,43세,중상
2013060100100073,2013년 6월 1일 03시,토요일,충청북도 청주시 흥덕구 복대동,경상사고,0,0,2,0,차대차 - 추돌 - 주정차중,안전운전불이행,건조,맑음,단일로 - 기타,승용,남,24세,상해없음,승용,남,25세,경상
2013060100100087,2013년 6월 1일 04시,토요일,충청북도 청주시 흥덕구 석소동,경상사고,0,0,1,0,차대차 - 기타,안전운전불이행,건조,맑음,단일로 - 기타,승용,여,39세,상해없음,승용,남,37세,경상
2013060100100125,2013년 6월 1일 06시,토요일,충청북도 충주시 용두동,중상사고,0,2,1,0,차량단독 - 공작물충돌,과속,건조,맑음,단일로 - 기타,승용,남,18세,경상,,,,
2013060100100126,2013년 6월 1일 06시,토요일,충청북도 청주시 흥덕구 석소동,중상사고,0,1,0,0,차대차 - 추돌 - 주정차중,안전운전불이행,건조,맑음,단일로 - 기타,승용,남,21세,상해없음,자전거,남,53세,중상
2013060100100159,2013년 6월 1일 08시,토요일,충청북도 청원군 강내면,경상사고,0,0,1,0,차대차 - 측면직각충돌,중앙선침범,건조,맑음,교차로 - 교차로부근,원동기,남,75세,경상,승합,남,70세,상해없음
2013060100100160,2013년 6월 1일 08시,토요일,충청북도 청주시 흥덕구 미평동,중상사고,0,1,1,0,차대차 - 기타,안전운전불이행,건조,맑음,교차로 - 교차로안,건설기계,남,43세,상해없음,승용,여,37세,경상
2013060100100281,2013년 6월 1일 12시,토요일,충청북도 청원군 오창읍,경상사고,0,0,2,0,차대차 - 측면직각충돌,교차로운행방법위반,건조,맑음,교차로 - 교차로안,승용,남,31세,상해없음,승용,여,58세,경상
2013060100100331,2013년 6월 1일 14시,토요일,충청북도 보은군 탄부면,중상사고,0,2,0,0,차대차 - 측면직각충돌,교차로운행방법위반,건조,맑음,교차로 - 교차로부근,화물,남,40세,상해없음,원동기,남,82세,중상
2013060100100332,2013년 6월 1일 14시,토요일,충청북도 진천군 덕산면,중상사고,0,1,0,0,차대차 - 측면직각충돌,안전운전불이행,건조,맑음,단일로 - 기타,승용,남,78세,상해없음,원동기,남,31세,중상
2013060100100368,2013년 6월 1일 15시,토요일,충청북도 청주시 상당구 용암동,경상사고,0,0,1,0,차대차 - 기타,중앙선침범,건조,맑음,단일로 - 기타,승용,남,53세,상해없음,원동기,남,29세,경상
2013060100100400,2013년 6월 1일 16시,토요일,충청북도 제천시 모산동,중상사고,0,1,1,0,차대차 - 기타,안전운전불이행,건조,맑음,교차로 - 교차로부근,승용,남,37세,상해없음,화물,남,46세,경상
2013060100100438,2013년 6월 1일 17시,토요일,충청북도 제천시 한수면,경상사고,0,0,1,0,차대사람 - 횡단중,안전운전불이행,건조,맑음,교차로 - 교차로부근,화물,남,64세,상해없음,보행자,남,44세,경상
2013060100100439,2013년 6월 1일 17시,토요일,충청북도 청주시 상당구 방서동,경상사고,0,0,1,0,차대차 - 추돌 - 진행중,안전운전불이행,건조,맑음,교차로 - 교차로부근,승합,남,38세,상해없음,화물,남,44세,경상