사고번호,사고일시,요일,시군구,사고내용,사망자수,중상자수,경상자수,부상신고자수,사고유형,법규위반,노면상태,기상상태,도로형태,가해운전자 차종,가해운전자 성별,가해운전자 연령,가해운전자 상해정도,피해운전자 차종,피해운전자 성별,피해운전자 연령,피해운전자 상해정도
2013060100100513,2013년 6월 1일 19시,토요일,충청북도 증평군 증평읍,중상사고,0,1,0,1,차대차 - 측면직각충돌,중앙선침범,건조,맑음,단일로 - 기타,화물,남,31세,부상신고,승용,남,54세,중상
2013060100100514,2013년 6월 1일 19시,토요일,충청북도 청원군 가덕면,중상사고,0,1,1,0,차대차 - 기타,안전운전불이행,건조,맑음,교차로 - 교차로안,승용,남,41세,중상,승용,남,21세,경상
2013060200100013,2013년 6월 2일 00시,일요일,충청북도 제천시 장락동,중상사고,0,2,0,0,차대차 - 추돌 - 주정차중,안전운전불이행,건조,맑음,교차로 - 교차로부근,승용,여,54세,상해없음,승용,남,23세,중상
2013060200100087,2013년 6월 2일 04시,일요일,충청북도 청주시 흥덕구 성화동,경상사고,0,0,3,0,차대차 - 추돌 - 주정차중,안전운전불이행,건조,맑음,교차로 - 교차로부근,승용,남,47세,상해없음,승용,남,45세,경상
2013060200100124,2013년 6월 2일 07시,일요일,충청북도 충주시 단월동,사망사고,1,0,0,0,차대사람 - 길가장자리구역통행중,안전운전불이행,건조,맑음,교차로 - 교차로안,승용,남,54세,상해없음,보행자,남,68세,사망
2013060200100172,2013년 6월 2일 10시,일요일,충청북도 청주시 상당구 사천동,경상사고,0,0,1,0,차대사람 - 기타,신호위반,건조,맑음,교차로 - 교차로부근,승용,여,51세,상해없음,보행자,남,6세,경상
2013060200100211,2013년 6월 2일 12시,일요일,충청북도 충주시 연수동,경상사고,0,0,1,0,차대차 - 기타,안전운전불이행,건조,맑음,단일로 - 기타,승용,남,47세,상해없음,원동기,남,57세,경상
2013060200100272,2013년 6월 2일 14시,일요일,충청북도 단양군 단성면,경상사고,0,0,1,0,차대차 - 기타,안전운전불이행,건조,맑음,교차로 - 교차로안,이륜,남,43세,경상,승용,남,33세,상해없음
2013060200100360,2013년 6월 2일 17시,일요일,충청북도 제천시 수산면,중상사고,0,1,15,0,차대차 - 측면직각충돌,직진우회전진행방해,건조,맑음,교차로 - 교차로안,승용,남,52세,상해없음,승합,남,55세,경상
2013060200100420,2013년 6월 2일 19시,일요일,충청북도 제천시 청전동,중상사고,0,1,0,0,차대차 - 기타,안전운전불이행,건조,맑음,교차로 - 교차로안,승용,남,28세,상해없음,승용,여,53세,중상
2013060200100421,2013년 6월 2일 19시,일요일,충청북도 청주시 흥덕구 수곡동,경상사고,0,0,1,0,차대사람 - 기타,안전운전불이행,건조,맑음,단일로 - 기타,자전거,기타불명,기타불명,기타불명,보행자,여,24세,경상
2013060200100452,2013년 6월 2일 20시,일요일,충청북도 청주시 상당구 내덕동,중상사고,0,1,0,0,차대사람 - 기타,안전운전불이행,건조,맑음,단일로 - 기타,승용,남,55세,상해없음,보행자,여,61세,중상
2013060200100453,2013년 6월 2일 20시,일요일,충청북도 청주시 흥덕구 사직동,중상사고,0,1,0,0,차대사람 - 횡단중,보행자보호의무위반,건조,맑음,교차로 - 교차로안,승용,남,28세,상해없음,보행자,여,56세,중상
2013060200100454,2013년 6월 2일 20시,일요일,충청북도 청원군 남이면,중상사고,0,1,0,0,차대사람 - 기타,안전운전불이행,건조,맑음,교차로 - 교차로부근,화물,남,57세,상해없음,보행자,남,29세,중상
2013060200100488,2013년 6월 2일 21시,일요일,충청북도 청원군 내수읍,중상사고,0,1,0,0,차대차 - 추돌 - 주정차중,안전운전불이행,건조,맑음,교차로 - 교차로부근,화물,남,53세,상해없음,승용,남,22세,중상
2013060200100489,2013년 6월 2일 21시,일요일,충청북도 청주시 흥덕구 산남동,경상사고,0,0,2,0,차대차 - 측면직각충돌,신호위반,건조,맑음,교차로 - 교차로안,승용,남,51세,상해없음,승용,남,26세,경상
2013060300100030,2013년 6월 3일 03시,월요일,충청북도 청원군 남이면,중상사고,0,1,0,0,차량단독 - 기타,안전운전불이행,건조,맑음,단일로 - 기타,승용,남,68세,중상,,,,
2013060300100109,2013년 6월 3일 08시,월요일,충청북도 제천시 청전동,중상사고,0,1,0,0,차대차 - 기타,안전운전불이행,건조,맑음,교차로 - 교차로안,승용,남,33세,상해없음,승용,남,37세,중상
2013060300100110,2013년 6월 3일 08시,월요일,충청북도 청주시 흥덕구 운천동,경상사고,0,0,1,0,차대차 - 추돌 - 진행중,안전거리미확보,건조,맑음,교차로 - 교차로부근,승용,남,54세,상해없음,승용,남,55세,경상
2013060300100150,2013년 6월 3일 09시,월요일,충청북도 청주시 상당구 영운동,중상사고,0,1,0,0,차대사람 - 기타,안전운전불이행,건조,맑음,교차로 - 교차로안,화물,남,25세,상해없음,보행자,남,72세,중상
2013060300100204,2013년 6월 3일 11시,월요일,충청북도 청주시 상당구 주중동,경상사고,0,0,4,0,차대차 - 측면직각충돌,안전운전불이행,건조,맑음,단일로 - 기타,승합,남,34세,상해없음,승용,남,45세,경상
2013060300100205,2013년 6월 3일 11시,월요일,충청북도 영동군 용산면,중상사고,0,2,0,0,차대차 - 기타,과속,건조,맑음,단일로 - 기타,승용,남,34세,상해없음,농기계,남,76세,중상
2013060300100263,2013년 6월 3일 13시,월요일,충청북도 증평군 도안면,중상사고,0,2,0,0,차대차 - 추돌 - 주정차중,안전운전불이행,건조,맑음,교차로 - 교차로부근,승합,남,33세,중상,화물,남,52세,상해없음
2013060300100356,2013년 6월 3일 16시,월요일,충청북도 청주시 흥덕구 가경동,경상사고,0,0,1,0,차대사람 - 횡단중,보행자보호의무위반,건조,맑음,단일로 - 기타,기타불명,기타불명,기타불명,기타불명,보행자,여,15세,경상
2013060300100357,2013년 6월 3일 16시,월요일,충청북도 청주시 흥덕구 신촌동,경상사고,0,0,3,0,차대차 - 측면직각충돌,중앙선침범,건조,맑음,단일로 - 기타,승용,여,56세,상해없음,승용,남,30세,경상
2013060300100387,2013년 6월 3일 17시,월요일,충청북도 보은군 마로면,사망사고,1,0,0,0,차량단독 - 전도전복,안전운전불이행,건조,맑음,단일로 - 기타,농기계,남,53세,사망,,,,
2013060300100414,2013년 6월 3일 18시,월요일,충청북도 청주시 흥덕구 복대동,경상사고,0,0,3,0,차대차 - 추돌 - 진행중,안전운전불이행,건조,맑음,교차로 - 교차로부근,승용,남,31세,상해없음,승용,남,53세,경상
2013060300100449,2013년 6월 3일 19시,월요일,충청북도 충주시 단월동,경상사고,0,0,1,0,차대차 - 측면직각충돌,안전운전불이행,건조,맑음,단일로 - 기타,승용,여,30세,상해없음,승용,남,25세,경상
2013060300100487,2013년 6월 3일 20시,월요일,충청북도 청주시 상당구 내덕동,경상사고,0,0,2,0,차대차 - 추돌 - 주정차중,안전운전불이행,건조,맑음,단일로 - 교량,승용,남,45세,상해없음,승용,남,31세,경상
2013060300100488,2013년 6월 3일 20시,월요일,충청북도 옥천군 옥천읍,경상사고,0,0,1,0,차대차 - 측면직각충돌,교차로운행방법위반,건조,맑음,교차로 - 교차로안,승합,남,54세,상해없음,승용,남,67세,경상
2013060300100489,2013년 6월 3일 20시,월요일,충청북도 청주시 흥덕구 복대동,경상사고,0,0,3,0,차대차 - 측면직각충돌,안전운전불이행,건조,맑음,교차로 - 교차로부근,승용,남,23세,상해없음,승용,남,34세,경상
2013060300100530,2013년 6월 3일 21시,월요일,충청북도 청주시 상당구 내덕동,중상사고,0,1,0,0,차대차 - 추돌 - 주정차중,안전운전불이행,건조,맑음,단일로 - 기타,자전거,남,53세,중상,승용,남,23세,기타불명
2013060300100531,2013년 6월 3일 21시,월요일,충청북도 제천시 하소동,경상사고,0,0,1,0,차대사람 - 기타,안전운전불이행,건조,맑음,교차로 - 교차로안,승용,남,47세,상해없음,보행자,남,47세,경상
2013060300100563,2013년 6월 3일 22시,월요일,충청북도 음성군 감곡면,경상사고,0,0,1,0,차대차 - 기타,안전운전불이행,건조,맑음,교차로 - 교차로부근,원동기,여,46세,경상,승용,남,54세,상해없음
2013060300100593,2013년 6월 3일 23시,월요일,충청북도 제천시 중앙로2가,중상사고,0,2,0,0,차대차 - 기타,직진우회전진행방해,건조,맑음,교차로 - 교차로안,승용,남,29세,상해없음,승용,남,61세,중상
2013060300100594,2013년 6월 3일 23시,월요일,충청북도 청주시 흥덕구 운천동,경상사고,0,0,2,0,차대차 - 정면충돌,신호위반,건조,맑음,교차로 - 교차로안,승용,남,26세,상해없음,승용,남,22세,경상
2013060300100595,2013년 6월 3일 23시,월요일,충청북도 청주시 흥덕구 산남동,중상사고,0,1,0,0,차대차 - 기타,안전운전불이행,건조,맑음,교차로 - 교차로안,승용,남,45세,상해없음,승용,남,44세,상해없음
2013060400100097,2013년 6월 4일 07시,화요일,충청북도 청주시 흥덕구 수곡동,경상사고,0,0,2,0,차대차 - 기타,안전운전불이행,건조,맑음,교차로 - 교차로안,승용,남,49세,경상,승용,남,57세,경상
2013060400100138,2013년 6월 4일 08시,화요일,충청북도 단양군 매포읍,중상사고,0,2,0,0,차대사람 - 횡단중,보행자보호의무위반,건조,맑음,단일로 - 횡단보도상,승용,여,38세,상해없음,보행자,여,43세,중상
2013060400100167,2013년 6월 4일 09시,화요일,충청북도 청주시 흥덕구 복대동,경상사고,0,0,3,0,차대차 - 측면직각충돌,신호위반,건조,맑음,교차로 - 교차로안,화물,남,42세,경상,승용,남,65세,경상
2013060400100237,2013년 6월 4일 12시,화요일,충청북도 청주시 흥덕구 사창동,중상사고,0,1,0,0,차대차 - 측면직각충돌,안전운전불이행,건조,맑음,교차로 - 교차로부근,승용,여,56세,상해없음,이륜,남,61세,중상
2013060400100266,2013년 6월 4일 13시,화요일,충청북도 충주시 주덕읍,중상사고,0,1,0,0,차대사람 - 횡단중,안전운전불이행,건조,맑음,단일로 - 기타,화물,여,43세,상해없음,보행자,남,77세,중상
2013060400100290,2013년 6월 4일 14시,화요일,충청북도 옥천군 옥천읍,중상사고,0,2,0,0,차대차 - 측면직각충돌,중앙선침범,건조,맑음,단일로 - 기타,승용,여,43세,상해없음,이륜,남,15세,중상
2013060400100314,2013년 6월 4일 15시,화요일,충청북도 청주시 상당구 용암동,경상사고,0,0,1,0,차대차 - 기타,중앙선침범,건조,맑음,단일로 - 기타,승용,남,46세,상해없음,승용,남,49세,경상
2013060400100385,2013년 6월 4일 17시,화요일,충청북도 청원군 오송읍,중상사고,0,1,0,0,차대차 - 측면직각충돌,교차로운행방법위반,건조,맑음,교차로 - 교차로안,승용,남,39세,상해없음,원동기,남,79세,중상
2013060400100422,2013년 6월 4일 18시,화요일,충청북도 영동군 영동읍,경상사고,0,0,1,0,차대차 - 기타,안전운전불이행,건조,맑음,교차로 - 교차로부근,이륜,남,56세,상해없음,자전거,남,15세,경상
2013060400100423,2013년 6월 4일 18시,화요일,충청북도 음성군 대소면,중상사고,0,1,0,0,차대사람 - 횡단중,안전운전불이행,건조,맑음,단일로 - 기타,승용,남,55세,상해없음,보행자,남,9세,중상
2013060400100487,2013년 6월 4일 20시,화요일,충청북도 청주시 흥덕구 강서동,경상사고,0,0,3,0,차대차 - 기타,안전운전불이행,건조,맑음,교차로 - 교차로부근,화물,남,50세,상해없음,승용,남,70세,경상
2013060400100522,2013년 6월 4일 21시,화요일,충청북도 증평군 증평읍,중상사고,0,1,0,0,차대차 - 측면직각충돌,과속,건조,맑음,교차로 - 교차로안,승용,남,27세,상해없음,승용,여,63세,중상
2013060400100523,2013년 6월 4일 21시,화요일,충청북도 청주시 흥덕구 정봉동,경상사고,0,0,1,0,차대차 - 측면직각충돌,안전운전불이행,건조,맑음,단일로 - 기타,기타불명,기타불명,기타불명,기타불명,자전거,남,30세,경상
2013060500100094,2013년 6월 5일 06시,수요일,충청북도 옥천군 군서면,중상사고,0,1,1,1,차대차 - 정면충돌,중앙선침범,건조,맑음,단일로 - 기타,승용,남,27세,부상신고,승용,남,68세,경상
2013060500100095,2013년 6월 5일 06시,수요일,충청북도 청주시 상당구 용암동,경상사고,0,0,1,0,차대차 - 측면직각충돌,신호위반,건조,맑음,교차로 - 교차로안,승용,남,70세,상해없음,화물,남,43세,경상
2013060500100147,2013년 6월 5일 08시,수요일,충청북도 청주시 상당구 용암동,경상사고,0,0,1,0,차대사람 - 기타,안전운전불이행,건조,맑음,기타 - 기타,승용,남,44세,상해없음,보행자,여,30세,경상
2013060500100181,2013년 6월 5일 09시,수요일,충청북도 충주시 금가면,중상사고,0,1,0,0,차대차 - 기타,안전운전불이행,건조,맑음,기타 - 기타,화물,남,45세,상해없음,화물,남,48세,중상
2013060500100251,2013년 6월 5일 12시,수요일,충청북도 청원군 문의면,중상사고,0,1,0,0,차대차 - 측면직각충돌,기타,건조,맑음,교차로 - 교차로안,화물,남,44세,상해없음,승용,남,41세,중상
2013060500100272,2013년 6월 5일 13시,수요일,충청북도 음성군 감곡면,경상사고,0,0,1,0,차대차 - 기타,안전운전불이행,건조,맑음,교차로 - 교차로안,승용,남,60세,상해없음,원동기,남,35세,경상
2013060500100273,2013년 6월 5일 13시,수요일,충청북도 진천군 문백면,경상사고,0,0,4,0,차대차 - 기타,교차로운행방법위반,건조,맑음,교차로 - 교차로안,건설기계,남,57세,상해없음,승합,남,53세,경상
2013060500100274,2013년 6월 5일 13시,수요일,충청북도 청주시 흥덕구 봉명동,경상사고,0,0,1,0,차대차 - 측면직각충돌,안전운전불이행,건조,맑음,교차로 - 교차로안,화물,남,39세,상해없음,승용,남,33세,경상
2013060500100302,2013년 6월 5일 14시,수요일,충청북도 청주시 흥덕구 봉명동,중상사고,0,1,0,0,차대사람 - 횡단중,신호위반,건조,맑음,교차로 - 교차로부근,승용,남,59세,상해없음,보행자,여,43세,중상
2013060500100321,2013년 6월 5일 15시,수요일,충청북도 청주시 상당구 우암동,경상사고,0,0,1,0,차대차 - 기타,안전운전불이행,건조,맑음,교차로 - 교차로안,원동기,남,78세,기타불명,승용,남,28세,경상
2013060500100352,2013년 6월 5일 16시,수요일,충청북도 청원군 내수읍,경상사고,0,0,1,0,차대차 - 기타,안전운전불이행,건조,맑음,교차로 - 교차로부근,기타불명,기타불명,기타불명,기타불명,승용,여,37세,경상
2013060500100353,2013년 6월 5일 16시,수요일,충청북도 충주시 칠금동,중상사고,0,1,0,0,차대차 - 기타,안전운전불이행,건조,맑음,교차로 - 교차로안,승용,여,59세,상해없음,자전거,남,19세,중상
2013060500100354,2013년 6월 5일 16시,수요일,충청북도 충주시 성내동,중상사고,0,3,0,0,차대차 - 기타,안전운전불이행,건조,맑음,교차로 - 교차로부근,승용,남,60세,중상,승용,남,71세,중상
2013060500100355,2013년 6월 5일 16시,수요일,충청북도 청주시 흥덕구 가경동,중상사고,0,1,0,0,차대차 - 기타,신호위반,건조,맑음,교차로 - 교차로안,화물,기타불명,기타불명,기타불명,승용,남,50세,상해없음
2013060500100424,2013년 6월 5일 18시,수요일,충청북도 충주시 문화동,경상사고,0,0,2,0,차대차 - 기타,안전운전불이행,건조,맑음,교차로 - 교차로안,승용,남,51세,상해없음,승용,여,55세,경상
2013060500100425,2013년 6월 5일 18시,수요일,충청북도 옥천군 안내면,중상사고,0,2,0,0,차대차 - 측면직각충돌,기타,건조,맑음,교차로 - 교차로안,승용,남,50세,상해없음,자전거,남,11세,중상
2013060500100453,2013년 6월 5일 19시,수요일,충청북도 옥천군 군북면,경상사고,0,0,4,0,차대차 - 추돌 - 진행중,안전운전불이행,건조,맑음,교차로 - 교차로부근,승용,남,60세,경상,승용,남,62세,상해없음
2013060500100454,2013년 6월 5일 19시,수요일,충청북도 청주시 흥덕구 분평동,경상사고,0,0,7,0,차대차 - 측면직각충돌,안전운전불이행,건조,맑음,교차로 - 교차로부근,승용,여,28세,경상,승용,남,31세,경상
2013060500100492,2013년 6월 5일 20시,수요일,충청북도 충주시 교현동,경상사고,0,0,1,0,차대차 - 기타,안전운전불이행,건조,맑음,단일로 - 기타,원동기,남,20세,기타불명,화물,남,41세,상해없음
2013060500100493,2013년 6월 5일 20시,수요일,충청북도 충주시 교현동,중상사고,0,1,1,1,차대차 - 기타,직진우회전진행방해,건조,맑음,교차로 - 교차로안,원동기,여,57세,부상신고,원동기,남,16세,경상
2013060500100494,2013년 6월 5일 20시,수요일,충청북도 제천시 송학면,사망사고,1,0,0,0,차대사람 - 기타,안전운전불이행,건조,맑음,단일로 - 기타,화물,남,52세,상해없음,보행자,남,69세,사망
2013060500100495,2013년 6월 5일 20시,수요일,충청북도 청주시 흥덕구 수곡동,경상사고,0,0,3,0,차대사람 - 길가장자리구역통행중,안전운전불이행,건조,맑음,교차로 - 교차로안,승용,남,44세,상해없음,보행자,남,59세,경상
2013060500100593,2013년 6월 5일 23시,수요일,충청북도 청주시 흥덕구 복대동,중상사고,0,1,1,0,차대차 - 정면충돌,중앙선침범,건조,맑음,교차로 - 교차로부근,승용,남,34세,상해없음,승용,남,46세,경상
2013060500100594,2013년 6월 5일 23시,수요일,충청북도 청주시 흥덕구 수곡동,경상사고,0,0,4,0,차대차 - 측면직각충돌,신호위반,건조,맑음,교차로 - 교차로안,승용,여,39세,상해없음,승용,남,23세,경상
2013060600100013,2013년 6월 6일 00시,목요일,충청북도 청원군 오창읍,경상사고,0,0,1,0,차대차 - 측면직각충돌,안전운전불이행,건조,맑음,단일로 - 기타,승용,남,30세,상해없음,화물,남,56세,경상
2013060600100031,2013년 6월 6일 01시,목요일,충청북도 청주시 흥덕구 복대동,경상사고,0,0,4,0,차대차 - 추돌 - 주정차중,안전운전불이행,건조,맑음,교차로 - 교차로부근,승용,남,57세,상해없음,승용,남,57세,경상
2013060600100052,2013년 6월 6일 02시,목요일,충청북도 증평군 도안면,사망사고,1,0,0,0,차량단독 - 공작물충돌,안전운전불이행,건조,맑음,단일로 - 기타,승용,남,34세,사망,,,,
2013060600100083,2013년 6월 6일 04시,목요일,충청북도 청원군 오송읍,경상사고,0,0,2,0,차대차 - 측면직각충돌,신호위반,건조,맑음,교차로 - 교차로안,승용,남,30세,상해없음,승용,남,53세,경상
2013060600100097,2013년 6월 6일 05시,목요일,충청북도 청주시 흥덕구 봉명동,경상사고,0,0,1,0,차대차 - 측면직각충돌,신호위반,건조,맑음,교차로 - 교차로안,승용,남,31세,상해없음,승용,남,30세,경상
2013060600100113,2013년 6월 6일 06시,목요일,충청북도 청주시 흥덕구 복대동,중상사고,0,1,2,0,차대차 - 측면직각충돌,신호위반,건조,맑음,교차로 - 교차로안,화물,남,21세,상해없음,승합,남,52세,경상
2013060600100149,2013년 6월 6일 08시,목요일,충청북도 영동군 심천면,경상사고,0,0,1,0,차대차 - 기타,신호위반,건조,맑음,교차로 - 교차로안,승용,남,66세,상해없음,승용,여,53세,경상
2013060600100195,2013년 6월 6일 10시,목요일,충청북도 충주시 지현동,중상사고,0,1,0,0,차대사람 - 기타,안전운전불이행,건조,맑음,단일로 - 기타,승용,여,32세,상해없음,보행자,여,74세,중상
2013060600100220,2013년 6월 6일 11시,목요일,충청북도 충주시 용산동,중상사고,0,1,0,0,차대사람 - 기타,기타,건조,맑음,단일로 - 기타,화물,남,38세,상해없음,보행자,남,8세,중상
2013060600100221,2013년 6월 6일 11시,목요일,충청북도 청주시 흥덕구 모충동,경상사고,0,0,1,0,차대차 - 기타,안전운전불이행,건조,맑음,단일로 - 기타,승용,여,43세,상해없음,원동기,남,66세,경상
2013060600100249,2013년 6월 6일 12시,목요일,충청북도 청원군 오창읍,중상사고,0,1,0,0,차대차 - 기타,안전운전불이행,건조,맑음,교차로 - 교차로부근,승용,여,42세,상해없음,화물,남,46세,중상
2013060600100250,2013년 6월 6일 12시,목요일,충청북도 충주시 주덕읍,경상사고,0,0,1,0,차대사람 - 기타,안전운전불이행,건조,맑음,단일로 - 기타,건설기계,남,53세,상해없음,보행자,남,56세,경상
2013060600100251,2013년 6월 6일 12시,목요일,충청북도 청원군 오송읍,경상사고,0,0,3,0,차대차 - 추돌 - 주정차중,안전운전불이행,건조,맑음,교차로 - 교차로부근,승합,남,65세,상해없음,승용,남,39세,경상
2013060600100252,2013년 6월 6일 12시,목요일,충청북도 청주시 흥덕구 강서동,경상사고,0,0,1,0,차대차 - 추돌 - 진행중,안전운전불이행,건조,맑음,교차로 - 교차로안,화물,남,30세,상해없음,승용,남,34세,경상
2013060600100302,2013년 6월 6일 14시,목요일,충청북도 청원군 문의면,경상사고,0,0,2,0,차대사람 - 횡단중,안전운전불이행,건조,맑음,교차로 - 교차로안,승용,남,39세,상해없음,보행자,남,6세,경상
2013060600100303,2013년 6월 6일 14시,목요일,충청북도 청주시 상당구 명암동,중상사고,0,2,1,0,차대차 - 기타,중앙선침범,건조,맑음,단일로 - 기타,승용,남,47세,상해없음,승용,남,55세,중상
2013060600100341,2013년 6월 6일 15시,목요일,충청북도 영동군 상촌면,경상사고,0,0,1,0,차대차 - 기타,불법유턴,건조,맑음,단일로 - 기타,승용,남,61세,상해없음,승합,남,55세,경상
2013060600100366,2013년 6월 6일 16시,목요일,충청북도 충주시 대소원면,중상사고,0,1,0,0,차대차 - 측면직각충돌,안전운전불이행,건조,맑음,단일로 - 기타,승용,남,24세,상해없음,원동기,남,21세,중상
2013060600100367,2013년 6월 6일 16시,목요일,충청북도 보은군 속리산면,중상사고,0,3,4,0,차대차 - 추돌 - 진행중,불법유턴,건조,맑음,단일로 - 기타,승용,남,33세,경상,승용,남,56세,중상
2013060600100388,2013년 6월 6일 17시,목요일,충청북도 청주시 상당구 우암동,중상사고,0,1,0,0,차대차 - 기타,중앙선침범,건조,맑음,단일로 - 기타,화물,남,66세,상해없음,승용,남,31세,중상
2013060600100389,2013년 6월 6일 17시,목요일,충청북도 청주시 상당구 용암동,경상사고,0,0,1,0,차대사람 - 횡단중,안전운전불이행,건조,맑음,교차로 - 교차로부근,승용,여,33세,상해없음,보행자,남,11세,경상
2013060600100421,2013년 6월 6일 18시,목요일,충청북도 청원군 내수읍,경상사고,0,0,1,0,차대사람 - 횡단중,안전운전불이행,건조,맑음,단일로 - 기타,승용,여,58세,상해없음,보행자,남,8세,경상
2013060600100471,2013년 6월 6일 20시,목요일,충청북도 옥천군 옥천읍,중상사고,0,1,0,0,차대사람 - 횡단중,신호위반,건조,맑음,단일로 - 횡단보도상,승용,남,31세,상해없음,보행자,남,15세,중상
2013060600100508,2013년 6월 6일 21시,목요일,충청북도 제천시 금성면,중상사고,0,1,0,0,차대차 - 기타,중앙선침범,건조,맑음,단일로 - 기타,승용,여,61세,기타불명,승용,남,66세,중상
2013060600100540,2013년 6월 6일 22시,목요일,충청북도 청주시 흥덕구 사창동,경상사고,0,0,1,0,차대차 - 추돌 - 주정차중,안전운전불이행,건조,맑음,단일로 - 기타,승용,남,35세,상해없음,승용,남,31세,경상
2013060600100559,2013년 6월 6일 23시,목요일,충청북도 제천시 중앙로2가,경상사고,0,0,1,0,차대사람 - 기타,안전운전불이행,건조,맑음,단일로 - 기타,기타불명,기타불명,기타불명,기타불명,보행자,여,17세,경상
2013060600100560,2013년 6월 6일 23시,목요일,충청북도 제천시 송학면,경상사고,0,0,1,0,차대차 - 추돌 - 주정차중,안전운전불이행,건조,맑음,기타 - 기타,승용,남,27세,경상,승합,남,42세,상해없음
2013060700100034,2013년 6월 7일 03시,금요일,충청북도 보은군 탄부면,중상사고,0,1,0,0,차량단독 - 전도전복,안전운전불이행,건조,맑음,단일로 - 기타,이륜,남,30세,중상,,,,
2013060700100042,2013년 6월 7일 04시,금요일,충청북도 청주시 흥덕구 봉명동,중상사고,0,2,0,0,차대사람 - 횡단중,보행자보호의무위반,건조,맑음,교차로 - 교차로부근,이륜,남,22세,상해없음,보행자,여,64세,중상
2013060700100060,2013년 6월 7일 06시,금요일,충청북도 청주시 흥덕구 신성동,경상사고,0,0,1,0,차대차 - 측면직각충돌,안전운전불이행,건조,맑음,교차로 - 교차로안,건설기계,남,42세,상해없음,화물,남,33세,경상
2013060700100083,2013년 6월 7일 07시,금요일,충청북도 옥천군 옥천읍,중상사고,0,2,0,0,차대차 - 측면직각충돌,안전운전불이행,건조,맑음,교차로 - 교차로안,화물,남,43세,중상,승용,남,59세,중상
2013060700100149,2013년 6월 7일 09시,금요일,충청북도 음성군 삼성면,경상사고,0,0,1,0,차대차 - 기타,중앙선침범,건조,맑음,단일로 - 기타,원동기,남,59세,경상,화물,남,52세,상해없음
2013060700100150,2013년 6월 7일 09시,금요일,충청북도 청주시 흥덕구 사직동,경상사고,0,0,2,0,차대차 - 측면직각충돌,안전운전불이행,건조,맑음,단일로 - 기타,이륜,남,57세,경상,이륜,남,56세,경상
2013060700100186,2013년 6월 7일 10시,금요일,충청북도 청주시 상당구 북문로3가동,경상사고,0,0,1,0,차대사람 - 기타,안전운전불이행,건조,맑음,단일로 - 횡단보도부근,승용,남,63세,상해없음,보행자,여,17세,경상
2013060700100214,2013년 6월 7일 11시,금요일,충청북도 제천시 중앙로1가,중상사고,0,1,0,0,차대사람 - 기타,안전운전불이행,건조,맑음,단일로 - 기타,승용,여,25세,상해없음,보행자,남,71세,중상
2013060700100237,2013년 6월 7일 12시,금요일,충청북도 청주시 흥덕구 산남동,경상사고,0,0,2,0,차대차 - 기타,안전운전불이행,건조,맑음,교차로 - 교차로안,승용,남,42세,상해없음,화물,남,40세,경상
2013060700100262,2013년 6월 7일 13시,금요일,충청북도 진천군 진천읍,중상사고,0,2,1,0,차대차 - 측면직각충돌,기타,건조,맑음,교차로 - 교차로안,승합,남,59세,상해없음,승용,남,25세,경상
2013060700100304,2013년 6월 7일 14시,금요일,충청북도 충주시 대소원면,중상사고,0,1,0,0,차대사람 - 횡단중,보행자보호의무위반,건조,맑음,단일로 - 기타,승용,남,28세,상해없음,보행자,남,18세,중상
2013060700100446,2013년 6월 7일 18시,금요일,충청북도 제천시 고암동,중상사고,0,1,1,0,차대차 - 정면충돌,중앙선침범,건조,맑음,단일로 - 기타,승용,여,52세,상해없음,화물,남,61세,중상
2013060700100447,2013년 6월 7일 18시,금요일,충청북도 제천시 신동,경상사고,0,0,1,0,차대차 - 기타,안전운전불이행,건조,맑음,교차로 - 교차로부근,건설기계,남,37세,상해없음,승용,여,25세,경상
2013060700100448,2013년 6월 7일 18시,금요일,충청북도 음성군 원남면,경상사고,0,0,1,0,차대차 - 기타,교차로운행방법위반,건조,맑음,단일로 - 기타,승용,남,52세,상해없음,승용,여,25세,경상
2013060700100449,2013년 6월 7일 18시,금요일,충청북도 청주시 흥덕구 사직동,중상사고,0,1,0,0,차대사람 - 횡단중,보행자보호의무위반,건조,맑음,단일로 - 횡단보도상,승용,남,24세,상해없음,보행자,남,68세,중상
2013060700100493,2013년 6월 7일 19시,금요일,충청북도 제천시 의림동,경상사고,0,0,1,0,차대차 - 추돌 - 진행중,안전운전불이행,건조,맑음,교차로 - 교차로안,승용,남,76세,기타불명,화물,남,40세,경상
2013060700100494,2013년 6월 7일 19시,금요일,충청북도 청원군 현도면,경상사고,0,0,1,0,차대차 - 추돌 - 주정차중,안전운전불이행,건조,맑음,단일로 - 기타,승용,여,54세,상해없음,승용,남,43세,경상
2013060700100532,2013년 6월 7일 20시,금요일,충청북도 충주시 목행동,중상사고,0,1,0,0,차대차 - 측면직각충돌,안전운전불이행,건조,맑음,단일로 - 기타,화물,남,65세,상해없음,원동기,남,68세,중상
2013060700100533,2013년 6월 7일 20시,금요일,충청북도 청주시 흥덕구 가경동,경상사고,0,0,1,0,차대차 - 측면직각충돌,안전운전불이행,건조,맑음,단일로 - 기타,화물,남,37세,상해없음,승용,남,42세,경상
2013060700100578,2013년 6월 7일 21시,금요일,충청북도 청주시 상당구 율량동,중상사고,0,2,0,0,차대차 - 측면직각충돌,안전운전불이행,건조,맑음,단일로 - 기타,승용,남,40세,상해없음,원동기,남,29세,중상