사고번호,사고일시,요일,시군구,사고내용,사망자수,중상자수,경상자수,부상신고자수,사고유형,법규위반,노면상태,기상상태,도로형태,가해운전자 차종,가해운전자 성별,가해운전자 연령,가해운전자 상해정도,피해운전자 차종,피해운전자 성별,피해운전자 연령,피해운전자 상해정도
2013061700100530,2013년 6월 17일 21시,월요일,충청북도 괴산군 괴산읍,경상사고,0,0,1,0,차대사람 - 횡단중,보행자보호의무위반,건조,맑음,단일로 - 횡단보도상,승용,여,37세,상해없음,보행자,여,73세,경상
2013061700100531,2013년 6월 17일 21시,월요일,충청북도 보은군 내북면,중상사고,0,1,0,0,차대사람 - 길가장자리구역통행중,안전운전불이행,건조,맑음,단일로 - 기타,승용,남,51세,상해없음,보행자,여,57세,중상
2013061700100532,2013년 6월 17일 21시,월요일,충청북도 청원군 오송읍,중상사고,0,1,4,0,차대차 - 추돌 - 주정차중,안전운전불이행,습기,비,단일로 - 기타,승용,여,45세,상해없음,승용,남,57세,경상
2013061700100602,2013년 6월 17일 23시,월요일,충청북도 충주시 교현동,사망사고,1,0,0,0,차대사람 - 기타,안전운전불이행,건조,흐림,단일로 - 기타,승용,여,46세,상해없음,보행자,여,50세,사망
2013061700100603,2013년 6월 17일 23시,월요일,충청북도 제천시 장락동,중상사고,0,1,0,0,차대사람 - 기타,신호위반,건조,흐림,교차로 - 교차로안,승용,남,53세,상해없음,보행자,여,45세,중상
2013061800100029,2013년 6월 18일 01시,화요일,충청북도 청주시 흥덕구 운천동,경상사고,0,0,1,0,차대차 - 측면직각충돌,안전운전불이행,습기,비,교차로 - 교차로안,승용,남,32세,상해없음,승용,여,53세,경상
2013061800100049,2013년 6월 18일 02시,화요일,충청북도 청주시 상당구 금천동,경상사고,0,0,1,0,차대사람 - 기타,안전운전불이행,건조,맑음,단일로 - 기타,기타불명,기타불명,기타불명,기타불명,보행자,남,25세,경상
2013061800100050,2013년 6월 18일 02시,화요일,충청북도 청주시 흥덕구 개신동,중상사고,0,2,1,0,차대차 - 측면직각충돌,신호위반,습기,비,교차로 - 교차로안,승용,여,41세,상해없음,승용,남,53세,중상
2013061800100066,2013년 6월 18일 03시,화요일,충청북도 청주시 흥덕구 복대동,중상사고,0,1,0,0,차대차 - 정면충돌,안전운전불이행,습기,비,단일로 - 기타,이륜,남,26세,상해없음,이륜,남,32세,중상
2013061800100098,2013년 6월 18일 06시,화요일,충청북도 제천시 청전동,경상사고,0,0,1,0,차대차 - 기타,신호위반,습기,비,교차로 - 교차로안,승용,남,26세,상해없음,승용,여,38세,경상
2013061800100121,2013년 6월 18일 07시,화요일,충청북도 충주시 연수동,중상사고,0,1,9,0,차대차 - 추돌 - 진행중,신호위반,습기,비,교차로 - 교차로안,승합,남,67세,상해없음,승용,남,57세,중상
2013061800100241,2013년 6월 18일 11시,화요일,충청북도 음성군 감곡면,경상사고,0,0,1,0,차대차 - 기타,중앙선침범,습기,비,단일로 - 기타,원동기,남,28세,경상,승용,남,57세,상해없음
2013061800100267,2013년 6월 18일 12시,화요일,충청북도 충주시 교현동,중상사고,0,1,1,0,차대차 - 추돌 - 진행중,직진우회전진행방해,습기,비,교차로 - 교차로안,승용,남,29세,상해없음,승용,여,25세,중상
2013061800100268,2013년 6월 18일 12시,화요일,충청북도 음성군 감곡면,경상사고,0,0,1,0,차대차 - 기타,기타,습기,비,단일로 - 기타,승용,남,52세,상해없음,승용,여,62세,경상
2013061800100269,2013년 6월 18일 12시,화요일,충청북도 청주시 상당구 지북동,중상사고,0,1,0,0,차대사람 - 기타,신호위반,습기,비,교차로 - 교차로안,승용,남,65세,상해없음,보행자,여,54세,중상
2013061800100270,2013년 6월 18일 12시,화요일,충청북도 청주시 흥덕구 분평동,경상사고,0,0,1,0,차량단독 - 기타,안전운전불이행,습기,비,교차로 - 교차로부근,이륜,남,17세,경상,,,,
2013061800100290,2013년 6월 18일 13시,화요일,충청북도 청주시 흥덕구 산남동,중상사고,0,1,0,0,차대차 - 기타,신호위반,습기,비,교차로 - 교차로안,원동기,남,44세,중상,승용,여,31세,상해없음
2013061800100291,2013년 6월 18일 13시,화요일,충청북도 보은군 회인면,중상사고,0,1,0,0,차량단독 - 기타,안전운전불이행,습기,비,단일로 - 교량,화물,남,30세,중상,,,,
2013061800100313,2013년 6월 18일 14시,화요일,충청북도 음성군 원남면,경상사고,0,0,1,0,차대차 - 추돌 - 주정차중,안전운전불이행,습기,비,교차로 - 교차로부근,화물,남,77세,상해없음,승용,여,51세,경상
2013061800100385,2013년 6월 18일 16시,화요일,충청북도 음성군 감곡면,중상사고,0,1,0,0,차량단독 - 기타,기타,습기,비,단일로 - 기타,승용,남,41세,중상,,,,
2013061800100425,2013년 6월 18일 17시,화요일,충청북도 제천시 신백동,부상신고사고,0,0,0,1,차대차 - 기타,교차로운행방법위반,습기,비,교차로 - 교차로안,승용,여,40세,부상신고,승합,남,57세,상해없음
2013061800100426,2013년 6월 18일 17시,화요일,충청북도 진천군 초평면,중상사고,0,1,0,0,차대차 - 정면충돌,중앙선침범,건조,맑음,단일로 - 기타,승용,남,31세,상해없음,화물,남,43세,중상
2013061800100427,2013년 6월 18일 17시,화요일,충청북도 청주시 흥덕구 비하동,경상사고,0,0,2,0,차대차 - 측면직각충돌,안전운전불이행,습기,비,단일로 - 기타,화물,남,22세,상해없음,화물,남,41세,경상
2013061800100428,2013년 6월 18일 17시,화요일,충청북도 청주시 흥덕구 봉명동,경상사고,0,0,2,0,차대차 - 측면직각충돌,안전거리미확보,습기,비,단일로 - 기타,승용,여,38세,상해없음,승용,남,48세,경상
2013061800100429,2013년 6월 18일 17시,화요일,충청북도 청주시 상당구 용담동,경상사고,0,0,1,0,차대차 - 기타,안전운전불이행,습기,비,교차로 - 교차로안,승용,남,53세,상해없음,화물,남,29세,경상
2013061800100452,2013년 6월 18일 18시,화요일,충청북도 청주시 흥덕구 복대동,경상사고,0,0,1,0,차대차 - 추돌 - 진행중,교차로운행방법위반,습기,비,교차로 - 교차로안,승용,남,35세,상해없음,승용,남,58세,상해없음
2013061800100501,2013년 6월 18일 19시,화요일,충청북도 제천시 청풍면,경상사고,0,0,1,0,차대차 - 기타,중앙선침범,습기,비,기타 - 기타,승용,남,60세,상해없음,승용,여,56세,경상
2013061800100502,2013년 6월 18일 19시,화요일,충청북도 청주시 흥덕구 개신동,경상사고,0,0,1,0,차대차 - 측면직각충돌,기타,건조,맑음,교차로 - 교차로부근,승용,남,42세,상해없음,원동기,남,47세,경상
2013061800100555,2013년 6월 18일 20시,화요일,충청북도 청원군 내수읍,중상사고,0,1,0,0,차대차 - 기타,안전운전불이행,습기,비,단일로 - 기타,승합,남,44세,상해없음,이륜,남,30세,중상
2013061800100556,2013년 6월 18일 20시,화요일,충청북도 청주시 흥덕구 성화동,경상사고,0,0,1,0,차대차 - 측면직각충돌,안전운전불이행,건조,맑음,교차로 - 교차로부근,승용,남,46세,상해없음,승용,남,41세,경상
2013061800100604,2013년 6월 18일 21시,화요일,충청북도 충주시 봉방동,경상사고,0,0,1,0,차대차 - 추돌 - 진행중,안전운전불이행,습기,비,교차로 - 교차로부근,승용,남,51세,상해없음,승용,여,31세,경상
2013061800100605,2013년 6월 18일 21시,화요일,충청북도 청주시 흥덕구 복대동,중상사고,0,1,4,0,차대차 - 측면직각충돌,안전운전불이행,건조,맑음,단일로 - 기타,승용,남,51세,상해없음,승용,남,57세,상해없음
2013061800100606,2013년 6월 18일 21시,화요일,충청북도 청주시 상당구 영운동,사망사고,1,0,0,0,차대사람 - 기타,안전운전불이행,습기,비,교차로 - 교차로부근,승용,남,40세,상해없음,보행자,남,57세,사망
2013061800100651,2013년 6월 18일 22시,화요일,충청북도 진천군 진천읍,경상사고,0,0,1,0,차대차 - 추돌 - 진행중,안전운전불이행,습기,비,교차로 - 교차로부근,승용,남,58세,상해없음,승용,여,51세,상해없음
2013061800100652,2013년 6월 18일 22시,화요일,충청북도 청원군 오송읍,중상사고,0,2,1,0,차대차 - 정면충돌,중앙선침범,습기,비,단일로 - 기타,승용,남,53세,중상,승용,여,27세,중상
2013061800100690,2013년 6월 18일 23시,화요일,충청북도 청주시 흥덕구 봉명동,경상사고,0,0,2,0,차대차 - 추돌 - 주정차중,안전운전불이행,건조,맑음,교차로 - 교차로부근,승용,남,29세,상해없음,승용,여,42세,경상
2013061900100019,2013년 6월 19일 00시,수요일,충청북도 청주시 흥덕구 비하동,경상사고,0,0,1,0,차량단독 - 기타,안전운전불이행,습기,비,단일로 - 기타,승용,남,53세,상해없음,,,,
2013061900100118,2013년 6월 19일 07시,수요일,충청북도 청원군 강내면,중상사고,0,1,0,0,차대차 - 측면직각충돌,중앙선침범,건조,맑음,단일로 - 기타,원동기,남,80세,상해없음,화물,남,44세,상해없음
2013061900100150,2013년 6월 19일 08시,수요일,충청북도 청원군 오창읍,경상사고,0,0,1,0,차대차 - 기타,직진우회전진행방해,습기,맑음,교차로 - 교차로안,승용,남,48세,경상,건설기계,남,53세,상해없음
2013061900100151,2013년 6월 19일 08시,수요일,충청북도 청주시 흥덕구 봉명동,경상사고,0,0,1,0,차대차 - 측면직각충돌,안전운전불이행,건조,맑음,교차로 - 교차로안,승용,남,30세,상해없음,자전거,남,47세,경상
2013061900100152,2013년 6월 19일 08시,수요일,충청북도 청원군 강내면,경상사고,0,0,2,0,차대차 - 측면직각충돌,안전운전불이행,건조,맑음,교차로 - 교차로안,승용,여,44세,경상,승용,남,22세,경상
2013061900100214,2013년 6월 19일 10시,수요일,충청북도 음성군 금왕읍,경상사고,0,0,1,0,차대차 - 기타,안전운전불이행,건조,맑음,단일로 - 기타,화물,남,56세,상해없음,승용,남,49세,경상
2013061900100230,2013년 6월 19일 11시,수요일,충청북도 청주시 상당구 사천동,경상사고,0,0,1,0,차대사람 - 기타,안전운전불이행,건조,맑음,단일로 - 기타,화물,남,54세,상해없음,보행자,남,43세,경상
2013061900100231,2013년 6월 19일 11시,수요일,충청북도 제천시 청전동,중상사고,0,2,0,0,차대차 - 기타,신호위반,건조,맑음,교차로 - 교차로안,승용,여,68세,상해없음,승용,남,52세,중상
2013061900100232,2013년 6월 19일 11시,수요일,충청북도 음성군 음성읍,경상사고,0,0,1,0,차대차 - 기타,교차로운행방법위반,건조,맑음,교차로 - 교차로안,승용,남,71세,상해없음,승용,남,50세,경상
2013061900100258,2013년 6월 19일 12시,수요일,충청북도 청주시 상당구 수동,중상사고,0,1,0,0,차대사람 - 차도통행중,안전운전불이행,건조,맑음,단일로 - 기타,승용,여,46세,상해없음,보행자,여,66세,중상
2013061900100286,2013년 6월 19일 13시,수요일,충청북도 청주시 상당구 우암동,경상사고,0,0,1,0,차대차 - 추돌 - 주정차중,안전운전불이행,건조,맑음,단일로 - 기타,화물,남,70세,상해없음,승용,여,42세,경상
2013061900100315,2013년 6월 19일 14시,수요일,충청북도 진천군 광혜원면,경상사고,0,0,1,0,차대사람 - 기타,안전운전불이행,건조,맑음,기타 - 기타,승합,여,45세,상해없음,보행자,남,8세,경상
2013061900100354,2013년 6월 19일 15시,수요일,충청북도 충주시 대소원면,중상사고,0,1,2,0,차대차 - 추돌 - 진행중,안전운전불이행,건조,맑음,교차로 - 교차로부근,승용,남,56세,상해없음,승합,남,34세,경상
2013061900100355,2013년 6월 19일 15시,수요일,충청북도 청주시 흥덕구 복대동,경상사고,0,0,1,0,차대사람 - 길가장자리구역통행중,안전운전불이행,건조,맑음,단일로 - 기타,기타불명,기타불명,기타불명,기타불명,보행자,남,10세,경상
2013061900100383,2013년 6월 19일 16시,수요일,충청북도 제천시 모산동,사망사고,1,0,0,0,차대차 - 기타,안전운전불이행,건조,맑음,교차로 - 교차로부근,승용,남,71세,상해없음,자전거,남,72세,사망
2013061900100421,2013년 6월 19일 17시,수요일,충청북도 청주시 흥덕구 봉명동,경상사고,0,0,1,0,차대차 - 측면직각충돌,안전운전불이행,건조,맑음,교차로 - 교차로부근,승용,남,58세,상해없음,자전거,남,12세,경상
2013061900100422,2013년 6월 19일 17시,수요일,충청북도 청주시 흥덕구 가경동,경상사고,0,0,3,0,차대차 - 측면직각충돌,안전거리미확보,건조,맑음,교차로 - 교차로부근,승용,여,55세,상해없음,승용,남,27세,경상
2013061900100459,2013년 6월 19일 18시,수요일,충청북도 청주시 상당구 내덕동,경상사고,0,0,1,0,차대차 - 추돌 - 진행중,안전거리미확보,건조,맑음,교차로 - 교차로안,승용,여,55세,상해없음,승용,남,54세,경상
2013061900100460,2013년 6월 19일 18시,수요일,충청북도 제천시 신월동,중상사고,0,1,0,0,차대차 - 측면직각충돌,불법유턴,건조,맑음,단일로 - 기타,화물,남,56세,상해없음,원동기,남,31세,중상
2013061900100461,2013년 6월 19일 18시,수요일,충청북도 옥천군 옥천읍,중상사고,0,1,0,0,차대차 - 측면직각충돌,안전운전불이행,건조,맑음,교차로 - 교차로안,승합,남,43세,상해없음,이륜,남,42세,중상
2013061900100462,2013년 6월 19일 18시,수요일,충청북도 청주시 상당구 영운동,중상사고,0,1,2,0,차대차 - 측면직각충돌,교차로운행방법위반,건조,맑음,교차로 - 교차로안,화물,남,36세,중상,승용,남,49세,경상
2013061900100520,2013년 6월 19일 20시,수요일,충청북도 청주시 흥덕구 가경동,경상사고,0,0,1,0,차대사람 - 기타,보행자보호의무위반,건조,맑음,교차로 - 교차로안,승용,남,58세,상해없음,보행자,여,38세,경상
2013061900100554,2013년 6월 19일 21시,수요일,충청북도 청주시 상당구 금천동,경상사고,0,0,1,0,차대차 - 추돌 - 주정차중,안전운전불이행,건조,맑음,단일로 - 기타,승용,남,33세,상해없음,승용,남,40세,경상
2013061900100555,2013년 6월 19일 21시,수요일,충청북도 단양군 매포읍,경상사고,0,0,3,0,차대차 - 추돌 - 진행중,안전운전불이행,건조,맑음,교차로 - 교차로부근,승용,여,44세,경상,승용,남,33세,경상
2013061900100580,2013년 6월 19일 22시,수요일,충청북도 청주시 흥덕구 분평동,중상사고,0,1,0,0,차대차 - 추돌 - 주정차중,안전운전불이행,건조,맑음,교차로 - 교차로부근,승용,남,47세,상해없음,승합,남,37세,중상
2013061900100581,2013년 6월 19일 22시,수요일,충청북도 청주시 흥덕구 모충동,경상사고,0,0,1,0,차대차 - 기타,안전운전불이행,건조,맑음,단일로 - 기타,승용,남,65세,상해없음,자전거,남,26세,경상
2013061900100611,2013년 6월 19일 23시,수요일,충청북도 충주시 연수동,경상사고,0,0,2,0,차대차 - 기타,안전운전불이행,건조,맑음,단일로 - 기타,승용,남,51세,상해없음,승용,남,39세,경상
2013062000100046,2013년 6월 20일 03시,목요일,충청북도 제천시 신월동,중상사고,0,1,0,0,차대차 - 기타,기타,건조,맑음,교차로 - 교차로안,승용,남,23세,상해없음,원동기,남,24세,중상
2013062000100071,2013년 6월 20일 06시,목요일,충청북도 증평군 증평읍,경상사고,0,0,2,0,차대차 - 기타,직진우회전진행방해,건조,맑음,교차로 - 교차로안,승용,남,32세,상해없음,승용,남,43세,경상
2013062000100093,2013년 6월 20일 07시,목요일,충청북도 청원군 가덕면,중상사고,0,1,0,0,차대차 - 측면직각충돌,안전운전불이행,건조,맑음,교차로 - 교차로안,원동기,남,74세,중상,화물,남,71세,상해없음
2013062000100126,2013년 6월 20일 08시,목요일,충청북도 음성군 음성읍,중상사고,0,1,0,0,차대차 - 기타,안전운전불이행,건조,맑음,단일로 - 기타,화물,남,61세,상해없음,원동기,남,67세,상해없음
2013062000100127,2013년 6월 20일 08시,목요일,충청북도 청주시 흥덕구 사직동,중상사고,0,1,1,0,차대차 - 추돌 - 진행중,차로위반,건조,맑음,단일로 - 기타,승용,남,37세,경상,승용,남,48세,중상
2013062000100128,2013년 6월 20일 08시,목요일,충청북도 청주시 흥덕구 봉명동,경상사고,0,0,14,0,차량단독 - 공작물충돌,안전운전불이행,건조,맑음,단일로 - 기타,승합,여,58세,경상,,,,
2013062000100175,2013년 6월 20일 09시,목요일,충청북도 청원군 남일면,중상사고,0,1,0,0,차대차 - 기타,안전운전불이행,건조,맑음,교차로 - 교차로안,승용,여,49세,상해없음,자전거,남,73세,중상
2013062000100203,2013년 6월 20일 10시,목요일,충청북도 청주시 상당구 우암동,중상사고,0,1,0,0,차대사람 - 횡단중,보행자보호의무위반,건조,맑음,단일로 - 기타,승용,여,33세,상해없음,보행자,남,71세,중상
2013062000100204,2013년 6월 20일 10시,목요일,충청북도 충주시 봉방동,중상사고,0,2,3,0,차대차 - 추돌 - 진행중,안전운전불이행,건조,맑음,교차로 - 교차로안,승용,남,22세,경상,승용,남,44세,중상
2013062000100205,2013년 6월 20일 10시,목요일,충청북도 음성군 맹동면,경상사고,0,0,1,0,차대차 - 추돌 - 진행중,안전거리미확보,건조,맑음,교차로 - 교차로안,건설기계,남,41세,상해없음,승용,남,34세,경상
2013062000100206,2013년 6월 20일 10시,목요일,충청북도 청주시 흥덕구 모충동,경상사고,0,0,1,0,차대차 - 측면직각충돌,신호위반,건조,맑음,교차로 - 교차로안,승용,여,57세,상해없음,승용,남,68세,경상
2013062000100265,2013년 6월 20일 13시,목요일,충청북도 청주시 흥덕구 산남동,경상사고,0,0,1,0,차대차 - 기타,안전운전불이행,건조,맑음,교차로 - 교차로부근,승용,남,59세,상해없음,승용,여,31세,경상
2013062000100288,2013년 6월 20일 14시,목요일,충청북도 영동군 영동읍,중상사고,0,1,1,0,차대차 - 기타,중앙선침범,건조,맑음,단일로 - 기타,이륜,남,25세,중상,승용,남,42세,경상
2013062000100394,2013년 6월 20일 17시,목요일,충청북도 충주시 교현동,경상사고,0,0,2,0,차대차 - 추돌 - 진행중,안전거리미확보,건조,맑음,교차로 - 교차로부근,승용,남,44세,상해없음,승용,여,37세,경상
2013062000100395,2013년 6월 20일 17시,목요일,충청북도 제천시 하소동,경상사고,0,0,3,0,차대차 - 정면충돌,안전운전불이행,건조,맑음,교차로 - 교차로안,승용,여,49세,상해없음,승용,남,64세,경상
2013062000100433,2013년 6월 20일 18시,목요일,충청북도 청주시 상당구 금천동,경상사고,0,0,1,0,차대차 - 추돌 - 주정차중,안전운전불이행,건조,맑음,교차로 - 교차로부근,승용,여,35세,상해없음,승용,여,48세,경상
2013062000100434,2013년 6월 20일 18시,목요일,충청북도 청주시 흥덕구 사창동,경상사고,0,0,1,0,차대사람 - 길가장자리구역통행중,안전운전불이행,건조,맑음,단일로 - 기타,승용,남,38세,상해없음,보행자,여,24세,경상
2013062000100511,2013년 6월 20일 20시,목요일,충청북도 청주시 흥덕구 사직동,중상사고,0,1,2,0,차대차 - 측면직각충돌,안전거리미확보,건조,맑음,교차로 - 교차로안,승용,남,45세,상해없음,승용,남,29세,중상
2013062000100538,2013년 6월 20일 21시,목요일,충청북도 충주시 교현동,경상사고,0,0,1,0,차대차 - 기타,안전운전불이행,건조,맑음,교차로 - 교차로안,승용,남,57세,상해없음,자전거,남,15세,경상
2013062000100539,2013년 6월 20일 21시,목요일,충청북도 제천시 하소동,부상신고사고,0,0,0,1,차대차 - 측면직각충돌,직진우회전진행방해,건조,맑음,교차로 - 교차로안,이륜,남,18세,부상신고,승용,남,42세,상해없음
2013062000100540,2013년 6월 20일 21시,목요일,충청북도 음성군 음성읍,중상사고,0,1,0,0,차대차 - 기타,중앙선침범,건조,맑음,단일로 - 기타,농기계,남,81세,중상,승용,남,47세,상해없음
2013062000100608,2013년 6월 20일 23시,목요일,충청북도 청주시 흥덕구 휴암동,경상사고,0,0,1,0,차량단독 - 기타,기타,건조,맑음,단일로 - 기타,승용,남,53세,상해없음,,,,
2013062000100609,2013년 6월 20일 23시,목요일,충청북도 청주시 흥덕구 수곡동,중상사고,0,1,0,0,차대사람 - 길가장자리구역통행중,안전운전불이행,건조,맑음,단일로 - 기타,승용,남,30세,상해없음,보행자,남,32세,중상
2013062100100012,2013년 6월 21일 00시,금요일,충청북도 제천시 신백동,사망사고,1,0,0,0,차량단독 - 전도전복,안전운전불이행,건조,맑음,단일로 - 기타,승용,남,31세,사망,,,,
2013062100100047,2013년 6월 21일 03시,금요일,충청북도 청주시 흥덕구 송정동,경상사고,0,0,2,0,차대차 - 측면직각충돌,교차로운행방법위반,건조,맑음,교차로 - 교차로안,승용,남,27세,상해없음,승용,남,66세,경상
2013062100100048,2013년 6월 21일 03시,금요일,충청북도 청주시 흥덕구 가경동,중상사고,0,1,0,0,차대사람 - 길가장자리구역통행중,안전운전불이행,건조,맑음,교차로 - 교차로부근,승용,남,45세,상해없음,보행자,여,38세,중상
2013062100100059,2013년 6월 21일 04시,금요일,충청북도 청주시 흥덕구 개신동,경상사고,0,0,1,0,차량단독 - 공작물충돌,안전운전불이행,건조,맑음,미분류 - 미분류,승용,남,27세,경상,,,,
2013062100100084,2013년 6월 21일 06시,금요일,충청북도 괴산군 사리면,경상사고,0,0,1,0,차대차 - 측면직각충돌,직진우회전진행방해,건조,맑음,교차로 - 교차로안,승용,남,26세,상해없음,이륜,남,43세,경상
2013062100100100,2013년 6월 21일 07시,금요일,충청북도 충주시 동량면,경상사고,0,0,1,0,차대차 - 기타,안전운전불이행,건조,맑음,교차로 - 교차로부근,승용,여,55세,기타불명,승용,남,35세,경상
2013062100100133,2013년 6월 21일 08시,금요일,충청북도 제천시 동현동,중상사고,0,1,0,0,차대사람 - 기타,불법유턴,건조,맑음,교차로 - 교차로부근,승용,남,63세,상해없음,보행자,남,67세,중상
2013062100100165,2013년 6월 21일 09시,금요일,충청북도 진천군 진천읍,중상사고,0,1,0,0,차대사람 - 기타,안전운전불이행,건조,흐림,교차로 - 교차로부근,승용,여,36세,상해없음,보행자,남,39세,중상
2013062100100166,2013년 6월 21일 09시,금요일,충청북도 청주시 흥덕구 분평동,경상사고,0,0,3,0,차대차 - 기타,안전거리미확보,건조,맑음,교차로 - 교차로부근,승용,여,47세,상해없음,승용,남,68세,경상
2013062100100195,2013년 6월 21일 10시,금요일,충청북도 음성군 맹동면,경상사고,0,0,1,0,차대차 - 기타,중앙선침범,건조,맑음,단일로 - 기타,승용,남,57세,상해없음,화물,남,42세,경상
2013062100100296,2013년 6월 21일 14시,금요일,충청북도 충주시 가금면,경상사고,0,0,1,1,차대차 - 추돌 - 진행중,중앙선침범,건조,맑음,단일로 - 기타,승용,남,39세,부상신고,건설기계,남,48세,경상
2013062100100297,2013년 6월 21일 14시,금요일,충청북도 청주시 흥덕구 복대동,중상사고,0,1,0,0,차대차 - 측면직각충돌,신호위반,건조,맑음,교차로 - 교차로부근,화물,남,44세,상해없음,승용,여,57세,중상
2013062100100298,2013년 6월 21일 14시,금요일,충청북도 청주시 흥덕구 강서동,중상사고,0,1,2,0,차대차 - 추돌 - 진행중,안전운전불이행,건조,맑음,교차로 - 교차로안,승용,여,51세,상해없음,승용,여,28세,중상
2013062100100332,2013년 6월 21일 15시,금요일,충청북도 청주시 상당구 외평동,경상사고,0,0,1,0,차대차 - 추돌 - 진행중,안전운전불이행,건조,맑음,단일로 - 기타,승용,남,51세,상해없음,승용,남,42세,경상
2013062100100333,2013년 6월 21일 15시,금요일,충청북도 청주시 흥덕구 수곡동,경상사고,0,0,1,0,차대차 - 기타,안전운전불이행,건조,맑음,단일로 - 기타,승용,남,79세,상해없음,승용,여,40세,경상
2013062100100370,2013년 6월 21일 16시,금요일,충청북도 보은군 보은읍,중상사고,0,1,1,0,차대차 - 측면직각충돌,중앙선침범,건조,맑음,교차로 - 교차로부근,승용,남,58세,경상,승용,여,72세,중상
2013062100100414,2013년 6월 21일 17시,금요일,충청북도 청주시 상당구 율량동,경상사고,0,0,1,0,차대차 - 기타,안전운전불이행,건조,맑음,교차로 - 교차로부근,승용,남,45세,상해없음,승합,남,43세,상해없음
2013062100100415,2013년 6월 21일 17시,금요일,충청북도 청주시 흥덕구 강서동,중상사고,0,1,0,0,차대차 - 추돌 - 주정차중,안전운전불이행,건조,맑음,교차로 - 교차로부근,기타불명,기타불명,기타불명,기타불명,승용,여,42세,중상
2013062100100452,2013년 6월 21일 18시,금요일,충청북도 청주시 상당구 영운동,경상사고,0,0,1,0,차대사람 - 기타,안전운전불이행,건조,맑음,단일로 - 기타,승용,여,46세,상해없음,보행자,남,59세,경상
2013062100100525,2013년 6월 21일 20시,금요일,충청북도 제천시 중앙로2가,중상사고,0,1,1,0,차대차 - 기타,신호위반,건조,맑음,교차로 - 교차로안,이륜,남,18세,중상,승용,여,43세,경상
2013062100100526,2013년 6월 21일 20시,금요일,충청북도 청주시 흥덕구 봉명동,경상사고,0,0,1,0,차대차 - 추돌 - 진행중,안전운전불이행,건조,맑음,단일로 - 기타,이륜,남,31세,경상,승용,남,27세,상해없음
2013062100100562,2013년 6월 21일 21시,금요일,충청북도 충주시 연수동,경상사고,0,0,1,0,차대사람 - 기타,안전운전불이행,건조,맑음,단일로 - 기타,승용,남,62세,상해없음,보행자,남,6세,경상
2013062100100599,2013년 6월 21일 22시,금요일,충청북도 청주시 상당구 대성동,경상사고,0,0,1,0,차대차 - 기타,안전운전불이행,건조,맑음,교차로 - 교차로안,승용,남,62세,상해없음,승용,남,61세,경상
2013062100100638,2013년 6월 21일 23시,금요일,충청북도 영동군 영동읍,경상사고,0,0,3,0,차대차 - 추돌 - 주정차중,안전운전불이행,건조,맑음,교차로 - 교차로부근,승용,여,43세,상해없음,승용,여,46세,경상
2013062200100021,2013년 6월 22일 00시,토요일,충청북도 청주시 흥덕구 사창동,중상사고,0,1,0,0,차대차 - 추돌 - 주정차중,안전운전불이행,건조,맑음,단일로 - 기타,승용,남,28세,상해없음,승용,남,45세,중상
2013062200100047,2013년 6월 22일 01시,토요일,충청북도 청주시 흥덕구 봉명동,중상사고,0,1,0,0,차대차 - 측면직각충돌,신호위반,건조,맑음,교차로 - 교차로안,원동기,남,52세,중상,승용,남,38세,상해없음
2013062200100131,2013년 6월 22일 06시,토요일,충청북도 제천시 화산동,중상사고,0,1,0,0,차대차 - 측면직각충돌,직진우회전진행방해,건조,맑음,교차로 - 교차로안,승용,남,38세,상해없음,승용,남,68세,중상
2013062200100132,2013년 6월 22일 06시,토요일,충청북도 음성군 감곡면,중상사고,0,1,0,0,차대차 - 정면충돌,중앙선침범,건조,맑음,단일로 - 기타,승용,남,38세,상해없음,이륜,여,53세,중상
2013062200100133,2013년 6월 22일 06시,토요일,충청북도 청원군 남일면,중상사고,0,2,0,0,차대차 - 기타,신호위반,건조,맑음,교차로 - 교차로안,승용,여,58세,중상,승용,남,48세,중상
2013062200100156,2013년 6월 22일 07시,토요일,충청북도 진천군 진천읍,경상사고,0,0,1,0,차대차 - 기타,차로위반,건조,맑음,단일로 - 기타,승용,남,52세,상해없음,화물,남,33세,경상
2013062200100226,2013년 6월 22일 10시,토요일,충청북도 충주시 대소원면,중상사고,0,1,3,0,차대차 - 추돌 - 진행중,안전거리미확보,건조,맑음,교차로 - 교차로부근,건설기계,남,38세,상해없음,승용,여,41세,중상
2013062200100227,2013년 6월 22일 10시,토요일,충청북도 제천시 봉양읍,경상사고,0,0,3,0,차대차 - 추돌 - 진행중,안전운전불이행,건조,맑음,교차로 - 교차로부근,승용,남,55세,상해없음,승용,남,34세,경상
2013062200100228,2013년 6월 22일 10시,토요일,충청북도 증평군 증평읍,중상사고,0,1,0,0,차대사람 - 기타,기타,기타,기타,단일로 - 기타,승합,남,51세,상해없음,보행자,여,82세,중상
2013062200100249,2013년 6월 22일 11시,토요일,충청북도 청주시 상당구 우암동,중상사고,0,1,0,0,차대차 - 측면직각충돌,신호위반,건조,맑음,교차로 - 교차로안,승용,남,40세,상해없음,승용,여,59세,중상