사고번호,사고일시,요일,시군구,사고내용,사망자수,중상자수,경상자수,부상신고자수,사고유형,법규위반,노면상태,기상상태,도로형태,가해운전자 차종,가해운전자 성별,가해운전자 연령,가해운전자 상해정도,피해운전자 차종,피해운전자 성별,피해운전자 연령,피해운전자 상해정도
2013062200100250,2013년 6월 22일 11시,토요일,충청북도 충주시 칠금동,중상사고,0,2,0,0,차대차 - 측면직각충돌,교차로운행방법위반,건조,맑음,교차로 - 교차로안,승용,여,58세,상해없음,승용,남,30세,중상
2013062200100251,2013년 6월 22일 11시,토요일,충청북도 영동군 학산면,사망사고,1,1,0,0,차대차 - 측면직각충돌,교차로운행방법위반,건조,맑음,교차로 - 교차로안,이륜,남,78세,사망,승합,남,47세,상해없음
2013062200100252,2013년 6월 22일 11시,토요일,충청북도 청주시 흥덕구 복대동,경상사고,0,0,1,0,차대차 - 측면직각충돌,안전거리미확보,건조,맑음,단일로 - 기타,승용,남,40세,상해없음,승용,여,58세,경상
2013062200100291,2013년 6월 22일 12시,토요일,충청북도 청주시 상당구 사천동,중상사고,0,1,1,0,차대차 - 기타,신호위반,건조,맑음,교차로 - 교차로안,화물,남,36세,상해없음,승용,여,47세,중상
2013062200100292,2013년 6월 22일 12시,토요일,충청북도 충주시 엄정면,사망사고,1,0,0,0,차량단독 - 도로외이탈 - 기타,안전운전불이행,건조,맑음,단일로 - 기타,원동기,남,77세,사망,,,,
2013062200100320,2013년 6월 22일 13시,토요일,충청북도 제천시 화산동,중상사고,0,1,1,0,차대차 - 측면직각충돌,직진우회전진행방해,건조,맑음,교차로 - 교차로안,승용,여,24세,상해없음,승용,남,54세,경상
2013062200100321,2013년 6월 22일 13시,토요일,충청북도 옥천군 옥천읍,중상사고,0,1,0,0,차대차 - 측면직각충돌,중앙선침범,건조,맑음,단일로 - 기타,승용,남,58세,상해없음,승용,여,67세,중상
2013062200100355,2013년 6월 22일 14시,토요일,충청북도 청주시 흥덕구 복대동,경상사고,0,0,1,0,차대차 - 측면직각충돌,안전운전불이행,건조,맑음,단일로 - 횡단보도상,승용,여,46세,상해없음,자전거,남,32세,경상
2013062200100356,2013년 6월 22일 14시,토요일,충청북도 청주시 흥덕구 분평동,경상사고,0,0,2,0,차대차 - 기타,안전운전불이행,건조,맑음,단일로 - 기타,승용,남,56세,상해없음,승용,남,47세,경상
2013062200100357,2013년 6월 22일 14시,토요일,충청북도 청주시 흥덕구 산남동,중상사고,0,1,1,0,차대차 - 기타,안전운전불이행,건조,맑음,단일로 - 기타,승용,남,40세,상해없음,승용,여,42세,중상
2013062200100358,2013년 6월 22일 14시,토요일,충청북도 청주시 흥덕구 산남동,경상사고,0,0,1,0,차대차 - 기타,안전운전불이행,건조,맑음,단일로 - 기타,화물,남,23세,상해없음,승용,남,50세,경상
2013062200100415,2013년 6월 22일 16시,토요일,충청북도 충주시 목벌동,중상사고,0,1,0,0,차대차 - 기타,안전운전불이행,건조,맑음,교차로 - 교차로안,화물,남,55세,상해없음,화물,남,34세,중상
2013062200100416,2013년 6월 22일 16시,토요일,충청북도 청주시 흥덕구 개신동,경상사고,0,0,1,0,차대차 - 측면직각충돌,안전운전불이행,건조,맑음,교차로 - 교차로부근,승용,여,49세,상해없음,승합,남,49세,경상
2013062200100441,2013년 6월 22일 17시,토요일,충청북도 충주시 용산동,경상사고,0,0,1,0,차대차 - 기타,안전운전불이행,건조,맑음,교차로 - 교차로안,승용,남,49세,상해없음,원동기,남,78세,경상
2013062200100442,2013년 6월 22일 17시,토요일,충청북도 충주시 연수동,경상사고,0,0,2,0,차량단독 - 기타,안전운전불이행,건조,맑음,교차로 - 교차로부근,승용,남,69세,상해없음,,,,
2013062200100462,2013년 6월 22일 18시,토요일,충청북도 청주시 상당구 금천동,중상사고,0,1,0,0,차대차 - 측면직각충돌,교차로운행방법위반,건조,맑음,교차로 - 교차로안,승용,남,60세,상해없음,자전거,여,49세,중상
2013062200100463,2013년 6월 22일 18시,토요일,충청북도 충주시 문화동,중상사고,0,1,1,0,차대차 - 측면직각충돌,신호위반,건조,맑음,교차로 - 교차로안,승용,남,36세,상해없음,승용,남,54세,중상
2013062200100464,2013년 6월 22일 18시,토요일,충청북도 제천시 신백동,경상사고,0,0,2,0,차대차 - 측면직각충돌,안전운전불이행,건조,맑음,단일로 - 기타,승합,여,55세,상해없음,승합,남,53세,상해없음
2013062200100490,2013년 6월 22일 19시,토요일,충청북도 청주시 흥덕구 복대동,경상사고,0,0,1,0,차대사람 - 길가장자리구역통행중,안전운전불이행,건조,맑음,단일로 - 기타,승용,남,49세,상해없음,보행자,남,13세,경상
2013062200100515,2013년 6월 22일 20시,토요일,충청북도 보은군 속리산면,경상사고,0,0,3,0,차대차 - 측면직각충돌,교차로운행방법위반,건조,맑음,교차로 - 교차로안,승합,남,24세,경상,화물,남,72세,경상
2013062200100516,2013년 6월 22일 20시,토요일,충청북도 청주시 흥덕구 산남동,경상사고,0,0,1,0,차대차 - 측면직각충돌,안전운전불이행,건조,맑음,교차로 - 교차로부근,승합,남,56세,상해없음,이륜,남,43세,경상
2013062200100549,2013년 6월 22일 21시,토요일,충청북도 청원군 오창읍,경상사고,0,0,1,0,차대차 - 추돌 - 주정차중,안전운전불이행,건조,맑음,교차로 - 교차로부근,승합,남,54세,상해없음,승용,남,51세,경상
2013062200100587,2013년 6월 22일 22시,토요일,충청북도 충주시 산척면,경상사고,0,0,1,0,차대차 - 추돌 - 주정차중,안전운전불이행,건조,맑음,교차로 - 교차로부근,화물,남,52세,상해없음,승용,남,32세,경상
2013062300100046,2013년 6월 23일 01시,일요일,충청북도 충주시 연수동,경상사고,0,0,1,0,차대사람 - 기타,안전운전불이행,건조,맑음,단일로 - 기타,승용,남,23세,상해없음,보행자,남,40세,경상
2013062300100116,2013년 6월 23일 06시,일요일,충청북도 음성군 음성읍,중상사고,0,2,1,0,차량단독 - 기타,안전운전불이행,건조,맑음,단일로 - 기타,승용,남,31세,경상,,,,
2013062300100131,2013년 6월 23일 07시,일요일,충청북도 청주시 흥덕구 운천동,중상사고,0,2,2,0,차대차 - 측면직각충돌,신호위반,습기,비,교차로 - 교차로안,이륜,남,17세,중상,승용,여,53세,경상
2013062300100157,2013년 6월 23일 09시,일요일,충청북도 옥천군 이원면,중상사고,0,1,0,0,차대차 - 추돌 - 주정차중,안전운전불이행,건조,맑음,단일로 - 기타,승용,남,76세,상해없음,이륜,남,75세,중상
2013062300100158,2013년 6월 23일 09시,일요일,충청북도 청주시 흥덕구 복대동,경상사고,0,0,1,0,차대차 - 측면직각충돌,신호위반,건조,맑음,단일로 - 횡단보도상,승용,남,58세,상해없음,자전거,여,31세,경상
2013062300100177,2013년 6월 23일 10시,일요일,충청북도 보은군 보은읍,중상사고,0,1,1,0,차대차 - 정면충돌,안전운전불이행,건조,맑음,단일로 - 기타,화물,남,53세,경상,원동기,남,48세,중상
2013062300100215,2013년 6월 23일 12시,일요일,충청북도 청주시 상당구 남문로2가동,경상사고,0,0,1,0,차대사람 - 기타,안전운전불이행,건조,맑음,단일로 - 기타,승용,여,39세,상해없음,보행자,여,31세,경상
2013062300100216,2013년 6월 23일 12시,일요일,충청북도 충주시 금가면,중상사고,0,1,0,0,차대사람 - 기타,중앙선침범,건조,흐림,단일로 - 기타,화물,남,54세,상해없음,보행자,여,84세,중상
2013062300100217,2013년 6월 23일 12시,일요일,충청북도 진천군 진천읍,경상사고,0,0,1,0,차대차 - 측면직각충돌,신호위반,건조,맑음,교차로 - 교차로안,화물,남,39세,상해없음,승용,남,65세,상해없음
2013062300100241,2013년 6월 23일 13시,일요일,충청북도 청주시 상당구 남주동,중상사고,0,2,1,0,차대차 - 기타,안전운전불이행,건조,맑음,단일로 - 기타,승용,남,45세,상해없음,승용,남,56세,경상
2013062300100242,2013년 6월 23일 13시,일요일,충청북도 영동군 황간면,중상사고,0,1,0,0,차대사람 - 차도통행중,안전운전불이행,건조,흐림,단일로 - 기타,승용,남,68세,상해없음,보행자,남,3세,중상
2013062300100359,2013년 6월 23일 17시,일요일,충청북도 청주시 흥덕구 분평동,중상사고,0,1,0,0,차대차 - 기타,안전운전불이행,건조,맑음,기타 - 기타,승용,남,77세,상해없음,화물,남,41세,중상
2013062300100360,2013년 6월 23일 17시,일요일,충청북도 청주시 흥덕구 장성동,중상사고,0,1,2,0,차대차 - 기타,안전운전불이행,건조,맑음,단일로 - 기타,승용,여,37세,경상,승용,남,37세,경상
2013062300100401,2013년 6월 23일 18시,일요일,충청북도 충주시 호암동,경상사고,0,0,2,0,차대차 - 추돌 - 진행중,직진우회전진행방해,건조,맑음,교차로 - 교차로안,승용,여,57세,상해없음,승용,여,38세,경상
2013062300100402,2013년 6월 23일 18시,일요일,충청북도 청주시 흥덕구 개신동,중상사고,0,1,0,0,차대사람 - 보도통행중,보행자보호의무위반,건조,맑음,교차로 - 교차로안,승용,남,39세,상해없음,보행자,여,58세,중상
2013062300100403,2013년 6월 23일 18시,일요일,충청북도 청원군 강내면,중상사고,0,1,0,0,차대사람 - 횡단중,안전운전불이행,건조,맑음,단일로 - 기타,화물,남,66세,상해없음,보행자,남,19세,중상
2013062300100404,2013년 6월 23일 18시,일요일,충청북도 청주시 흥덕구 가경동,경상사고,0,0,1,0,차대차 - 측면직각충돌,교차로운행방법위반,건조,맑음,교차로 - 교차로안,승용,여,46세,상해없음,승용,남,58세,상해없음
2013062300100434,2013년 6월 23일 19시,일요일,충청북도 청주시 상당구 문화동,경상사고,0,0,1,0,차량단독 - 기타,기타,건조,맑음,단일로 - 기타,승합,남,57세,상해없음,,,,
2013062300100461,2013년 6월 23일 20시,일요일,충청북도 청주시 흥덕구 복대동,경상사고,0,0,1,2,차대차 - 추돌 - 주정차중,안전운전불이행,건조,맑음,교차로 - 교차로부근,승용,여,37세,상해없음,승용,남,53세,경상
2013062300100485,2013년 6월 23일 21시,일요일,충청북도 청주시 흥덕구 지동동,경상사고,0,0,3,0,차대차 - 측면직각충돌,안전거리미확보,건조,맑음,단일로 - 기타,승용,여,49세,상해없음,승용,여,32세,경상
2013062400100031,2013년 6월 24일 04시,월요일,충청북도 음성군 대소면,사망사고,1,0,0,0,차대차 - 정면충돌,중앙선침범,건조,맑음,교차로 - 교차로부근,이륜,남,77세,사망,승합,남,52세,상해없음
2013062400100041,2013년 6월 24일 05시,월요일,충청북도 충주시 살미면,중상사고,0,1,0,0,차량단독 - 기타,안전운전불이행,습기,흐림,단일로 - 기타,화물,남,58세,중상,,,,
2013062400100115,2013년 6월 24일 08시,월요일,충청북도 청주시 상당구 우암동,경상사고,0,0,2,0,차대사람 - 횡단중,보행자보호의무위반,건조,맑음,교차로 - 교차로안,화물,남,36세,상해없음,보행자,남,14세,경상
2013062400100116,2013년 6월 24일 08시,월요일,충청북도 청주시 흥덕구 수곡동,중상사고,0,1,0,0,차대차 - 측면직각충돌,안전운전불이행,건조,맑음,단일로 - 기타,이륜,남,70세,중상,승용,여,25세,상해없음
2013062400100192,2013년 6월 24일 11시,월요일,충청북도 청주시 상당구 주중동,중상사고,0,1,0,0,차대차 - 정면충돌,중앙선침범,건조,맑음,단일로 - 기타,승용,여,40세,상해없음,이륜,남,39세,중상
2013062400100193,2013년 6월 24일 11시,월요일,충청북도 옥천군 옥천읍,경상사고,0,0,1,0,차대차 - 측면직각충돌,신호위반,건조,맑음,교차로 - 교차로안,이륜,여,78세,경상,승용,남,39세,상해없음
2013062400100194,2013년 6월 24일 11시,월요일,충청북도 청주시 흥덕구 복대동,경상사고,0,0,1,0,차대차 - 측면직각충돌,안전운전불이행,건조,맑음,교차로 - 교차로부근,이륜,남,51세,경상,승합,남,57세,상해없음
2013062400100250,2013년 6월 24일 13시,월요일,충청북도 충주시 연수동,중상사고,0,1,0,0,차대차 - 추돌 - 주정차중,안전운전불이행,건조,맑음,단일로 - 기타,승합,남,60세,상해없음,승용,여,52세,중상
2013062400100251,2013년 6월 24일 13시,월요일,충청북도 청주시 흥덕구 가경동,경상사고,0,0,1,0,차대사람 - 차도통행중,안전운전불이행,습기,흐림,교차로 - 교차로부근,자전거,남,21세,상해없음,보행자,여,55세,경상
2013062400100275,2013년 6월 24일 14시,월요일,충청북도 청주시 흥덕구 개신동,경상사고,0,0,2,0,차대차 - 추돌 - 주정차중,기타,건조,맑음,교차로 - 교차로부근,화물,남,39세,상해없음,승용,남,34세,경상
2013062400100276,2013년 6월 24일 14시,월요일,충청북도 청주시 흥덕구 모충동,경상사고,0,0,1,0,차량단독 - 기타,안전운전불이행,건조,맑음,단일로 - 기타,승합,남,52세,상해없음,,,,
2013062400100277,2013년 6월 24일 14시,월요일,충청북도 충주시 대소원면,중상사고,0,3,1,0,차대차 - 추돌 - 진행중,안전거리미확보,건조,맑음,단일로 - 기타,승용,여,54세,상해없음,승합,남,38세,중상
2013062400100306,2013년 6월 24일 15시,월요일,충청북도 영동군 양산면,사망사고,1,1,0,0,차대차 - 정면충돌,중앙선침범,건조,맑음,단일로 - 기타,화물,남,57세,상해없음,승용,남,31세,상해없음
2013062400100417,2013년 6월 24일 18시,월요일,충청북도 청주시 상당구 우암동,경상사고,0,0,1,0,차대차 - 측면직각충돌,안전운전불이행,건조,맑음,단일로 - 기타,승용,남,24세,상해없음,자전거,남,57세,경상
2013062400100418,2013년 6월 24일 18시,월요일,충청북도 청주시 상당구 금천동,중상사고,0,1,0,0,차대차 - 기타,안전거리미확보,건조,맑음,단일로 - 기타,승용,여,33세,상해없음,이륜,남,35세,중상
2013062400100419,2013년 6월 24일 18시,월요일,충청북도 음성군 소이면,경상사고,0,0,1,0,차대차 - 기타,교차로운행방법위반,건조,맑음,교차로 - 교차로안,화물,남,35세,상해없음,이륜,여,66세,경상
2013062400100461,2013년 6월 24일 19시,월요일,충청북도 청주시 상당구 주중동,경상사고,0,0,1,0,차대차 - 추돌 - 진행중,안전운전불이행,건조,맑음,단일로 - 기타,승용,남,48세,상해없음,승용,여,28세,경상
2013062400100488,2013년 6월 24일 20시,월요일,충청북도 영동군 양산면,중상사고,0,1,0,0,차대차 - 기타,안전운전불이행,건조,맑음,단일로 - 교량,원동기,남,67세,중상,화물,남,63세,상해없음
2013062400100525,2013년 6월 24일 21시,월요일,충청북도 충주시 교현동,경상사고,0,0,1,0,차대차 - 측면직각충돌,안전거리미확보,건조,맑음,단일로 - 기타,승용,여,58세,상해없음,승용,남,19세,경상
2013062400100526,2013년 6월 24일 21시,월요일,충청북도 충주시 대소원면,중상사고,0,1,1,0,차대차 - 측면직각충돌,신호위반,건조,흐림,교차로 - 교차로안,승용,남,51세,경상,승용,남,35세,중상
2013062400100527,2013년 6월 24일 21시,월요일,충청북도 음성군 대소면,경상사고,0,0,1,0,차대차 - 추돌 - 주정차중,교차로운행방법위반,건조,맑음,교차로 - 교차로부근,승용,남,45세,상해없음,자전거,남,66세,경상
2013062400100595,2013년 6월 24일 23시,월요일,충청북도 청주시 흥덕구 복대동,경상사고,0,0,4,0,차대차 - 추돌 - 진행중,안전운전불이행,건조,맑음,단일로 - 기타,승용,남,54세,상해없음,승용,남,45세,경상
2013062500100088,2013년 6월 25일 06시,화요일,충청북도 청주시 상당구 외하동,중상사고,0,2,7,0,차대차 - 측면직각충돌,신호위반,건조,맑음,교차로 - 교차로안,승용,남,52세,중상,승합,남,55세,경상
2013062500100110,2013년 6월 25일 07시,화요일,충청북도 옥천군 안내면,중상사고,0,4,17,0,차대차 - 정면충돌,기타,건조,맑음,단일로 - 교량,건설기계,남,59세,상해없음,승합,남,49세,경상
2013062500100137,2013년 6월 25일 08시,화요일,충청북도 청원군 내수읍,경상사고,0,0,1,0,차대사람 - 기타,안전운전불이행,건조,맑음,교차로 - 교차로부근,승용,남,42세,상해없음,보행자,남,5세,경상
2013062500100138,2013년 6월 25일 08시,화요일,충청북도 괴산군 청천면,중상사고,0,1,1,0,차대차 - 측면직각충돌,직진우회전진행방해,건조,맑음,교차로 - 교차로안,자전거,남,13세,경상,이륜,남,78세,중상
2013062500100139,2013년 6월 25일 08시,화요일,충청북도 청주시 흥덕구 사창동,중상사고,0,1,0,0,차대차 - 측면직각충돌,안전운전불이행,건조,맑음,교차로 - 교차로안,승합,남,53세,상해없음,자전거,남,22세,중상
2013062500100173,2013년 6월 25일 09시,화요일,충청북도 청원군 오송읍,중상사고,0,1,1,0,차대차 - 측면직각충돌,교차로운행방법위반,건조,맑음,교차로 - 교차로안,승용,여,40세,경상,승용,여,48세,중상
2013062500100229,2013년 6월 25일 11시,화요일,충청북도 충주시 호암동,중상사고,0,1,1,0,차대차 - 추돌 - 주정차중,안전운전불이행,건조,맑음,교차로 - 교차로부근,승용,남,70세,기타불명,승용,남,51세,경상
2013062500100230,2013년 6월 25일 11시,화요일,충청북도 청주시 흥덕구 사창동,경상사고,0,0,3,0,차대차 - 측면직각충돌,교차로운행방법위반,건조,맑음,교차로 - 교차로안,화물,남,37세,상해없음,승용,남,31세,경상
2013062500100267,2013년 6월 25일 12시,화요일,충청북도 제천시 중앙로2가,중상사고,0,1,0,0,차대차 - 기타,신호위반,건조,맑음,교차로 - 교차로안,승용,여,43세,상해없음,승용,남,61세,중상
2013062500100327,2013년 6월 25일 14시,화요일,충청북도 괴산군 청안면,경상사고,0,0,2,0,차대차 - 측면직각충돌,불법유턴,건조,맑음,교차로 - 교차로안,화물,남,52세,상해없음,이륜,남,70세,경상
2013062500100328,2013년 6월 25일 14시,화요일,충청북도 단양군 단양읍,중상사고,0,1,0,0,차대사람 - 기타,안전운전불이행,건조,맑음,단일로 - 기타,승용,남,60세,상해없음,보행자,여,68세,중상
2013062500100329,2013년 6월 25일 14시,화요일,충청북도 청주시 흥덕구 성화동,경상사고,0,0,2,0,차대차 - 추돌 - 주정차중,안전운전불이행,건조,맑음,교차로 - 교차로부근,승용,남,65세,상해없음,승용,남,31세,경상
2013062500100355,2013년 6월 25일 15시,화요일,충청북도 진천군 진천읍,사망사고,1,0,0,0,차대사람 - 보도통행중,안전운전불이행,건조,맑음,교차로 - 교차로부근,건설기계,남,33세,상해없음,보행자,남,80세,사망
2013062500100357,2013년 6월 25일 15시,화요일,충청북도 청원군 남이면,중상사고,0,2,0,0,차대차 - 측면직각충돌,차로위반,건조,흐림,단일로 - 기타,화물,남,48세,상해없음,승용,여,52세,중상
2013062500100425,2013년 6월 25일 17시,화요일,충청북도 청주시 흥덕구 사직동,경상사고,0,0,2,0,차대차 - 측면직각충돌,안전운전불이행,건조,맑음,교차로 - 교차로안,승용,여,54세,상해없음,승용,남,59세,경상
2013062500100476,2013년 6월 25일 18시,화요일,충청북도 청주시 흥덕구 봉명동,중상사고,0,1,2,0,차대차 - 측면직각충돌,교차로운행방법위반,건조,맑음,교차로 - 교차로안,승용,남,52세,중상,승용,남,32세,경상
2013062500100514,2013년 6월 25일 19시,화요일,충청북도 청주시 흥덕구 사직동,경상사고,0,0,2,0,차대차 - 측면직각충돌,신호위반,건조,맑음,교차로 - 교차로안,승용,여,45세,경상,화물,남,49세,상해없음
2013062500100553,2013년 6월 25일 20시,화요일,충청북도 충주시 문화동,경상사고,0,0,2,0,차대차 - 측면직각충돌,기타,건조,맑음,교차로 - 교차로안,승용,남,47세,상해없음,승용,여,50세,상해없음
2013062500100554,2013년 6월 25일 20시,화요일,충청북도 진천군 덕산면,중상사고,0,1,0,0,차대차 - 측면직각충돌,신호위반,습기,비,교차로 - 교차로안,화물,남,35세,상해없음,승용,여,44세,중상
2013062500100555,2013년 6월 25일 20시,화요일,충청북도 청원군 현도면,경상사고,0,0,1,0,차대차 - 추돌 - 진행중,안전거리미확보,습기,비,교차로 - 교차로안,승용,남,39세,상해없음,화물,남,59세,경상
2013062500100556,2013년 6월 25일 20시,화요일,충청북도 청주시 흥덕구 분평동,경상사고,0,0,1,0,차대차 - 기타,중앙선침범,습기,비,단일로 - 기타,승용,남,35세,상해없음,승용,여,36세,경상
2013062500100605,2013년 6월 25일 21시,화요일,충청북도 제천시 화산동,경상사고,0,0,1,0,차대차 - 기타,신호위반,건조,맑음,교차로 - 교차로안,승용,여,40세,상해없음,승용,여,50세,경상
2013062500100606,2013년 6월 25일 21시,화요일,충청북도 진천군 진천읍,중상사고,0,1,0,0,차대차 - 추돌 - 주정차중,안전운전불이행,습기,비,단일로 - 기타,승용,남,55세,상해없음,승용,여,31세,중상
2013062500100607,2013년 6월 25일 21시,화요일,충청북도 청주시 흥덕구 복대동,경상사고,0,0,2,0,차대차 - 추돌 - 주정차중,안전운전불이행,습기,비,교차로 - 교차로부근,승용,기타불명,기타불명,기타불명,승용,남,28세,경상
2013062500100639,2013년 6월 25일 22시,화요일,충청북도 청주시 흥덕구 봉명동,경상사고,0,0,1,0,차대차 - 측면직각충돌,안전운전불이행,건조,맑음,단일로 - 기타,승용,남,38세,경상,화물,기타불명,기타불명,기타불명
2013062600100049,2013년 6월 26일 01시,수요일,충청북도 청주시 흥덕구 사창동,중상사고,0,1,3,0,차대차 - 추돌 - 주정차중,안전운전불이행,습기,비,교차로 - 교차로부근,승용,남,25세,상해없음,승용,남,51세,중상
2013062600100050,2013년 6월 26일 01시,수요일,충청북도 청주시 상당구 영운동,경상사고,0,0,1,0,차대차 - 기타,신호위반,습기,비,교차로 - 교차로안,기타불명,기타불명,기타불명,기타불명,승용,여,48세,경상
2013062600100174,2013년 6월 26일 08시,수요일,충청북도 청주시 상당구 금천동,경상사고,0,0,1,0,차대차 - 측면직각충돌,중앙선침범,건조,맑음,단일로 - 기타,승용,남,70세,상해없음,승용,남,60세,경상
2013062600100175,2013년 6월 26일 08시,수요일,충청북도 보은군 보은읍,중상사고,0,1,1,0,차대사람 - 기타,안전운전불이행,건조,맑음,기타 - 기타,승용,여,30세,상해없음,보행자,남,7세,중상
2013062600100176,2013년 6월 26일 08시,수요일,충청북도 음성군 감곡면,사망사고,1,0,0,0,차대사람 - 횡단중,보행자보호의무위반,습기,맑음,교차로 - 교차로부근,화물,남,49세,상해없음,보행자,여,58세,사망
2013062600100177,2013년 6월 26일 08시,수요일,충청북도 청주시 흥덕구 봉명동,경상사고,0,0,1,0,차대차 - 추돌 - 주정차중,안전운전불이행,건조,맑음,교차로 - 교차로부근,승용,남,22세,상해없음,승용,남,50세,경상
2013062600100236,2013년 6월 26일 10시,수요일,충청북도 청원군 내수읍,경상사고,0,0,1,0,차대사람 - 횡단중,안전운전불이행,건조,맑음,기타 - 기타,승용,남,37세,상해없음,보행자,남,67세,경상
2013062600100237,2013년 6월 26일 10시,수요일,충청북도 제천시 교동,중상사고,0,1,0,0,차대차 - 기타,안전운전불이행,건조,맑음,교차로 - 교차로부근,승용,남,37세,상해없음,자전거,남,55세,중상
2013062600100238,2013년 6월 26일 10시,수요일,충청북도 제천시 화산동,중상사고,0,1,1,0,차대차 - 기타,안전운전불이행,건조,맑음,교차로 - 교차로안,승용,여,49세,중상,화물,남,44세,경상
2013062600100239,2013년 6월 26일 10시,수요일,충청북도 단양군 매포읍,중상사고,0,2,0,0,차대차 - 추돌 - 진행중,안전거리미확보,건조,맑음,교차로 - 교차로안,화물,남,68세,상해없음,승용,여,30세,중상
2013062600100265,2013년 6월 26일 11시,수요일,충청북도 청주시 상당구 율량동,중상사고,0,1,0,0,차대차 - 측면직각충돌,안전운전불이행,건조,맑음,단일로 - 기타,승용,남,34세,상해없음,이륜,남,64세,중상
2013062600100266,2013년 6월 26일 11시,수요일,충청북도 괴산군 괴산읍,중상사고,0,1,0,0,차대사람 - 기타,안전운전불이행,건조,맑음,단일로 - 기타,화물,남,19세,상해없음,보행자,남,58세,중상
2013062600100287,2013년 6월 26일 12시,수요일,충청북도 제천시 명동,중상사고,0,1,0,0,차대차 - 측면직각충돌,교차로운행방법위반,건조,맑음,교차로 - 교차로부근,승합,남,25세,상해없음,원동기,남,56세,중상
2013062600100308,2013년 6월 26일 13시,수요일,충청북도 청원군 북이면,경상사고,0,0,1,0,차대차 - 기타,안전운전불이행,건조,맑음,교차로 - 교차로안,화물,남,38세,상해없음,화물,남,39세,상해없음
2013062600100442,2013년 6월 26일 17시,수요일,충청북도 청주시 상당구 내덕동,중상사고,0,1,0,0,차대차 - 정면충돌,교차로운행방법위반,건조,맑음,교차로 - 교차로안,승합,여,51세,상해없음,이륜,남,44세,중상
2013062600100443,2013년 6월 26일 17시,수요일,충청북도 청원군 내수읍,중상사고,0,1,0,0,차대사람 - 기타,안전운전불이행,건조,맑음,단일로 - 기타,화물,남,50세,상해없음,보행자,여,5세,중상
2013062600100444,2013년 6월 26일 17시,수요일,충청북도 음성군 대소면,중상사고,0,1,1,0,차대차 - 기타,교차로운행방법위반,건조,맑음,교차로 - 교차로안,승용,여,44세,경상,건설기계,남,49세,상해없음
2013062600100482,2013년 6월 26일 18시,수요일,충청북도 청원군 오창읍,경상사고,0,0,2,0,차대차 - 기타,안전운전불이행,건조,맑음,교차로 - 교차로부근,승용,남,48세,상해없음,승용,남,27세,경상
2013062600100483,2013년 6월 26일 18시,수요일,충청북도 괴산군 사리면,중상사고,0,2,0,0,차대차 - 추돌 - 진행중,안전운전불이행,건조,맑음,단일로 - 기타,승용,남,57세,상해없음,이륜,남,68세,중상
2013062600100484,2013년 6월 26일 18시,수요일,충청북도 증평군 증평읍,중상사고,0,1,0,0,차대차 - 기타,중앙선침범,건조,맑음,단일로 - 기타,승합,남,48세,상해없음,자전거,남,24세,중상
2013062600100485,2013년 6월 26일 18시,수요일,충청북도 증평군 증평읍,경상사고,0,0,1,0,차대차 - 측면직각충돌,기타,건조,맑음,교차로 - 교차로부근,승용,여,64세,상해없음,승용,남,53세,경상
2013062600100528,2013년 6월 26일 19시,수요일,충청북도 충주시 봉방동,경상사고,0,0,1,0,차대차 - 기타,안전운전불이행,건조,맑음,기타 - 기타,화물,남,39세,상해없음,자전거,여,56세,경상
2013062600100529,2013년 6월 26일 19시,수요일,충청북도 제천시 청전동,중상사고,0,1,0,0,차대차 - 측면직각충돌,직진우회전진행방해,건조,맑음,교차로 - 교차로안,승용,남,21세,상해없음,승용,여,54세,중상
2013062600100530,2013년 6월 26일 19시,수요일,충청북도 단양군 단성면,중상사고,0,1,0,0,차대차 - 기타,직진우회전진행방해,건조,맑음,교차로 - 교차로안,화물,남,44세,상해없음,원동기,남,64세,중상
2013062600100555,2013년 6월 26일 20시,수요일,충청북도 충주시 칠금동,중상사고,0,1,0,0,차대차 - 기타,안전운전불이행,건조,맑음,교차로 - 교차로안,승용,남,45세,상해없음,원동기,남,16세,중상
2013062600100591,2013년 6월 26일 21시,수요일,충청북도 제천시 청전동,중상사고,0,1,0,0,차대사람 - 기타,안전운전불이행,건조,맑음,교차로 - 교차로안,화물,남,42세,상해없음,보행자,여,65세,중상
2013062600100592,2013년 6월 26일 21시,수요일,충청북도 제천시 하소동,중상사고,0,1,0,0,차대차 - 기타,중앙선침범,건조,흐림,교차로 - 교차로부근,승용,남,53세,상해없음,원동기,남,15세,중상
2013062600100593,2013년 6월 26일 21시,수요일,충청북도 진천군 진천읍,경상사고,0,0,3,0,차대차 - 기타,안전운전불이행,건조,맑음,단일로 - 기타,승용,남,47세,상해없음,승용,남,22세,경상
2013062600100594,2013년 6월 26일 21시,수요일,충청북도 청주시 흥덕구 분평동,중상사고,0,1,1,0,차대차 - 기타,신호위반,건조,맑음,교차로 - 교차로안,승용,남,49세,상해없음,승용,남,62세,경상
2013062600100595,2013년 6월 26일 21시,수요일,충청북도 청주시 흥덕구 미평동,경상사고,0,0,2,0,차대차 - 기타,안전운전불이행,건조,맑음,단일로 - 기타,승용,여,32세,상해없음,승용,남,28세,경상