사고번호,사고일시,요일,시군구,사고내용,사망자수,중상자수,경상자수,부상신고자수,사고유형,법규위반,노면상태,기상상태,도로형태,가해운전자 차종,가해운전자 성별,가해운전자 연령,가해운전자 상해정도,피해운전자 차종,피해운전자 성별,피해운전자 연령,피해운전자 상해정도
2013070200100116,2013년 7월 2일 07시,화요일,충청북도 진천군 진천읍,중상사고,0,1,0,0,차대차 - 측면직각충돌,신호위반,습기,비,교차로 - 교차로안,승합,남,38세,상해없음,승용,남,30세,중상
2013070200100176,2013년 7월 2일 09시,화요일,충청북도 청주시 흥덕구 가경동,중상사고,0,1,0,0,차대사람 - 횡단중,보행자보호의무위반,건조,흐림,단일로 - 기타,화물,남,50세,상해없음,보행자,여,78세,중상
2013070200100207,2013년 7월 2일 10시,화요일,충청북도 괴산군 괴산읍,경상사고,0,0,1,0,차대차 - 측면직각충돌,직진우회전진행방해,건조,흐림,교차로 - 교차로안,승합,남,55세,상해없음,이륜,남,55세,경상
2013070200100227,2013년 7월 2일 11시,화요일,충청북도 청주시 상당구 사천동,경상사고,0,0,2,0,차대차 - 기타,교차로운행방법위반,건조,맑음,교차로 - 교차로안,승용,남,31세,경상,승용,남,42세,경상
2013070200100228,2013년 7월 2일 11시,화요일,충청북도 제천시 남천동,경상사고,0,0,1,0,차대차 - 측면직각충돌,직진우회전진행방해,습기,흐림,교차로 - 교차로안,승용,여,45세,상해없음,승용,여,43세,경상
2013070200100269,2013년 7월 2일 13시,화요일,충청북도 청주시 상당구 주성동,경상사고,0,0,3,0,차대차 - 기타,안전운전불이행,건조,맑음,교차로 - 교차로부근,화물,남,51세,상해없음,승용,남,68세,경상
2013070200100296,2013년 7월 2일 14시,화요일,충청북도 청주시 흥덕구 개신동,경상사고,0,0,1,0,차대차 - 측면직각충돌,안전운전불이행,건조,맑음,교차로 - 교차로안,이륜,남,43세,경상,화물,남,59세,상해없음
2013070200100360,2013년 7월 2일 16시,화요일,충청북도 음성군 금왕읍,경상사고,0,0,1,0,차대차 - 기타,안전운전불이행,건조,흐림,단일로 - 기타,승용,여,33세,경상,화물,남,54세,상해없음
2013070200100361,2013년 7월 2일 16시,화요일,충청북도 청주시 흥덕구 봉명동,경상사고,0,0,1,0,차대사람 - 횡단중,안전운전불이행,건조,맑음,교차로 - 교차로안,승용,남,63세,상해없음,보행자,여,61세,경상
2013070200100362,2013년 7월 2일 16시,화요일,충청북도 청주시 흥덕구 분평동,중상사고,0,1,0,0,차대차 - 측면직각충돌,신호위반,건조,맑음,교차로 - 교차로안,이륜,여,69세,중상,승용,남,46세,상해없음
2013070200100399,2013년 7월 2일 17시,화요일,충청북도 충주시 봉방동,중상사고,0,1,1,0,차대차 - 기타,안전운전불이행,습기,비,교차로 - 교차로안,승용,남,21세,상해없음,화물,남,42세,상해없음
2013070200100400,2013년 7월 2일 17시,화요일,충청북도 충주시 산척면,중상사고,0,1,0,0,차대차 - 추돌 - 진행중,안전거리미확보,건조,맑음,단일로 - 횡단보도부근,화물,남,48세,상해없음,승용,남,46세,중상
2013070200100401,2013년 7월 2일 17시,화요일,충청북도 청주시 흥덕구 사창동,경상사고,0,0,1,0,차대차 - 측면직각충돌,안전거리미확보,건조,맑음,단일로 - 기타,승용,남,56세,상해없음,승용,남,26세,상해없음
2013070200100438,2013년 7월 2일 18시,화요일,충청북도 충주시 칠금동,경상사고,0,0,3,0,차대차 - 기타,안전운전불이행,습기,비,단일로 - 기타,승용,남,47세,상해없음,승용,남,51세,경상
2013070200100468,2013년 7월 2일 19시,화요일,충청북도 제천시 의림동,경상사고,0,0,1,0,차대차 - 추돌 - 진행중,기타,습기,비,교차로 - 교차로안,승용,남,41세,경상,화물,남,68세,상해없음
2013070200100546,2013년 7월 2일 21시,화요일,충청북도 충주시 주덕읍,경상사고,0,0,1,0,차대사람 - 기타,안전운전불이행,건조,맑음,단일로 - 기타,기타불명,기타불명,기타불명,기타불명,보행자,남,74세,경상
2013070200100547,2013년 7월 2일 21시,화요일,충청북도 청주시 흥덕구 가경동,경상사고,0,0,2,0,차대차 - 측면직각충돌,안전운전불이행,건조,맑음,교차로 - 교차로안,승용,남,56세,경상,승용,남,35세,경상
2013070200100591,2013년 7월 2일 22시,화요일,충청북도 제천시 청전동,경상사고,0,0,2,0,차대차 - 측면직각충돌,신호위반,습기,비,교차로 - 교차로안,승용,남,26세,상해없음,승용,남,39세,경상
2013070200100592,2013년 7월 2일 22시,화요일,충청북도 청주시 흥덕구 복대동,경상사고,0,0,1,0,차대차 - 측면직각충돌,신호위반,습기,비,교차로 - 교차로안,승용,남,59세,상해없음,승용,남,58세,상해없음
2013070200100616,2013년 7월 2일 23시,화요일,충청북도 청주시 상당구 북문로1가동,중상사고,0,1,1,0,차대차 - 측면직각충돌,신호위반,습기,비,교차로 - 교차로안,승용,남,56세,상해없음,승용,남,37세,중상
2013070300100028,2013년 7월 3일 01시,수요일,충청북도 청원군 오창읍,경상사고,0,0,1,0,차대차 - 기타,안전운전불이행,건조,맑음,교차로 - 교차로부근,승용,남,24세,상해없음,승용,남,49세,경상
2013070300100059,2013년 7월 3일 04시,수요일,충청북도 옥천군 동이면,경상사고,0,0,1,0,차대차 - 측면직각충돌,안전운전불이행,건조,맑음,단일로 - 기타,화물,남,54세,상해없음,화물,남,36세,경상
2013070300100101,2013년 7월 3일 07시,수요일,충청북도 영동군 영동읍,경상사고,0,0,1,0,차대차 - 기타,교차로운행방법위반,건조,맑음,교차로 - 교차로안,승용,남,43세,상해없음,승용,여,59세,경상
2013070300100102,2013년 7월 3일 07시,수요일,충청북도 진천군 진천읍,경상사고,0,0,1,0,차대사람 - 기타,안전운전불이행,건조,맑음,단일로 - 기타,승합,남,50세,상해없음,보행자,여,73세,경상
2013070300100103,2013년 7월 3일 07시,수요일,충청북도 청주시 흥덕구 죽림동,중상사고,0,1,0,0,차대차 - 추돌 - 주정차중,안전운전불이행,건조,흐림,단일로 - 기타,승용,남,26세,상해없음,승용,남,48세,중상
2013070300100104,2013년 7월 3일 07시,수요일,충청북도 청주시 흥덕구 복대동,경상사고,0,0,1,0,차대차 - 측면직각충돌,안전운전불이행,건조,맑음,교차로 - 교차로부근,승용,남,31세,상해없음,자전거,남,9세,경상
2013070300100216,2013년 7월 3일 11시,수요일,충청북도 충주시 교현동,중상사고,0,2,0,0,차대차 - 추돌 - 진행중,안전운전불이행,건조,흐림,교차로 - 교차로부근,승용,남,26세,상해없음,승용,남,56세,중상
2013070300100238,2013년 7월 3일 12시,수요일,충청북도 청주시 흥덕구 복대동,경상사고,0,0,1,0,차대차 - 측면직각충돌,교차로운행방법위반,건조,맑음,교차로 - 교차로안,이륜,남,22세,경상,승용,남,43세,상해없음
2013070300100330,2013년 7월 3일 15시,수요일,충청북도 옥천군 옥천읍,경상사고,0,0,1,0,차대차 - 측면직각충돌,안전운전불이행,건조,맑음,단일로 - 기타,승용,기타불명,기타불명,기타불명,자전거,남,14세,경상
2013070300100404,2013년 7월 3일 17시,수요일,충청북도 음성군 생극면,중상사고,0,2,1,0,차대차 - 기타,교차로운행방법위반,건조,맑음,교차로 - 교차로안,화물,남,42세,상해없음,화물,남,54세,중상
2013070300100439,2013년 7월 3일 18시,수요일,충청북도 충주시 산척면,경상사고,0,0,2,0,차대차 - 측면직각충돌,안전거리미확보,건조,맑음,단일로 - 기타,승용,남,75세,상해없음,승용,남,63세,경상
2013070300100440,2013년 7월 3일 18시,수요일,충청북도 음성군 대소면,사망사고,1,0,0,0,차대차 - 기타,중앙선침범,건조,맑음,단일로 - 기타,화물,남,50세,상해없음,이륜,남,59세,사망
2013070300100441,2013년 7월 3일 18시,수요일,충청북도 진천군 이월면,중상사고,0,1,0,0,차대차 - 정면충돌,중앙선침범,건조,맑음,단일로 - 기타,화물,남,45세,상해없음,승용,남,44세,중상
2013070300100442,2013년 7월 3일 18시,수요일,충청북도 청주시 흥덕구 향정동,중상사고,0,1,1,0,차대차 - 측면직각충돌,안전운전불이행,건조,맑음,단일로 - 기타,승용,남,53세,상해없음,승용,남,41세,경상
2013070300100479,2013년 7월 3일 19시,수요일,충청북도 청주시 상당구 우암동,경상사고,0,0,2,0,차대차 - 측면직각충돌,안전거리미확보,건조,흐림,단일로 - 기타,승용,여,48세,경상,승용,남,45세,경상
2013070300100480,2013년 7월 3일 19시,수요일,충청북도 충주시 연수동,중상사고,0,1,0,0,차대차 - 기타,안전거리미확보,건조,맑음,기타 - 기타,승합,여,44세,상해없음,승용,남,46세,중상
2013070300100543,2013년 7월 3일 21시,수요일,충청북도 청주시 상당구 내덕동,중상사고,0,1,0,0,차대차 - 추돌 - 주정차중,안전운전불이행,건조,흐림,단일로 - 기타,승용,남,56세,상해없음,승용,남,27세,중상
2013070300100544,2013년 7월 3일 21시,수요일,충청북도 청원군 현도면,중상사고,0,3,0,0,차대차 - 추돌 - 진행중,안전운전불이행,건조,맑음,교차로 - 교차로안,원동기,남,66세,중상,원동기,남,43세,중상
2013070300100570,2013년 7월 3일 22시,수요일,충청북도 음성군 음성읍,경상사고,0,0,1,0,차대차 - 기타,안전운전불이행,건조,맑음,단일로 - 기타,원동기,남,17세,상해없음,승용,여,45세,경상
2013070400100193,2013년 7월 4일 10시,목요일,충청북도 청원군 강내면,경상사고,0,0,1,0,차대차 - 측면직각충돌,차로위반,건조,맑음,교차로 - 교차로안,승용,남,53세,상해없음,화물,남,27세,경상
2013070400100241,2013년 7월 4일 12시,목요일,충청북도 제천시 명동,경상사고,0,0,4,0,차대차 - 기타,신호위반,건조,맑음,교차로 - 교차로안,승용,남,74세,상해없음,승용,남,44세,경상
2013070400100331,2013년 7월 4일 16시,목요일,충청북도 음성군 금왕읍,중상사고,0,2,1,0,차대차 - 기타,신호위반,건조,흐림,교차로 - 교차로안,원동기,남,17세,중상,승용,여,56세,경상
2013070400100361,2013년 7월 4일 17시,목요일,충청북도 청주시 상당구 율량동,경상사고,0,0,1,0,차대차 - 추돌 - 진행중,안전거리미확보,습기,비,교차로 - 교차로부근,화물,남,49세,상해없음,승용,남,61세,경상
2013070400100362,2013년 7월 4일 17시,목요일,충청북도 제천시 청전동,경상사고,0,0,1,0,차대차 - 기타,안전운전불이행,건조,맑음,교차로 - 교차로안,승용,남,54세,기타불명,승용,남,29세,경상
2013070400100438,2013년 7월 4일 19시,목요일,충청북도 청주시 흥덕구 복대동,경상사고,0,0,1,0,차대차 - 측면직각충돌,안전운전불이행,습기,비,단일로 - 기타,승용,남,65세,상해없음,이륜,남,33세,경상
2013070400100439,2013년 7월 4일 19시,목요일,충청북도 청주시 흥덕구 정봉동,경상사고,0,0,1,0,차대차 - 추돌 - 진행중,신호위반,건조,맑음,교차로 - 교차로안,승용,여,47세,경상,화물,여,55세,상해없음
2013070400100440,2013년 7월 4일 19시,목요일,충청북도 청주시 상당구 용암동,경상사고,0,0,1,0,차대사람 - 기타,안전운전불이행,습기,비,단일로 - 기타,승용,여,38세,상해없음,보행자,남,31세,경상
2013070400100487,2013년 7월 4일 20시,목요일,충청북도 옥천군 옥천읍,경상사고,0,0,3,2,차대차 - 측면직각충돌,교차로운행방법위반,습기,비,교차로 - 교차로안,승용,여,44세,경상,승용,남,37세,상해없음
2013070400100535,2013년 7월 4일 21시,목요일,충청북도 청원군 오창읍,경상사고,0,0,1,0,차대사람 - 기타,안전운전불이행,습기,비,단일로 - 기타,승용,여,47세,상해없음,보행자,남,35세,경상
2013070400100587,2013년 7월 4일 22시,목요일,충청북도 청주시 상당구 금천동,경상사고,0,0,1,0,차대차 - 기타,안전운전불이행,습기,비,교차로 - 교차로부근,승용,남,37세,상해없음,승용,남,39세,상해없음
2013070400100588,2013년 7월 4일 22시,목요일,충청북도 충주시 연수동,경상사고,0,0,1,1,차대차 - 기타,신호위반,습기,비,교차로 - 교차로안,원동기,남,18세,부상신고,승용,남,43세,경상
2013070400100589,2013년 7월 4일 22시,목요일,충청북도 청주시 흥덕구 봉명동,경상사고,0,0,1,0,차대차 - 측면직각충돌,안전운전불이행,습기,비,교차로 - 교차로부근,승용,남,50세,경상,승용,여,48세,기타불명
2013070400100590,2013년 7월 4일 22시,목요일,충청북도 청주시 흥덕구 사창동,부상신고사고,0,0,0,1,차대차 - 측면직각충돌,안전운전불이행,습기,비,단일로 - 기타,기타불명,기타불명,기타불명,기타불명,이륜,남,37세,부상신고
2013070400100591,2013년 7월 4일 22시,목요일,충청북도 청주시 흥덕구 분평동,경상사고,0,0,2,0,차대차 - 기타,신호위반,습기,비,교차로 - 교차로안,승용,여,54세,경상,승합,남,53세,경상
2013070400100637,2013년 7월 4일 23시,목요일,충청북도 청주시 흥덕구 분평동,경상사고,0,0,2,0,차대차 - 추돌 - 진행중,안전운전불이행,습기,비,교차로 - 교차로부근,승용,남,50세,상해없음,승용,여,50세,경상
2013070500100044,2013년 7월 5일 01시,금요일,충청북도 제천시 모산동,경상사고,0,0,1,0,차량단독 - 전도전복,안전운전불이행,습기,비,단일로 - 기타,원동기,남,25세,상해없음,,,,
2013070500100045,2013년 7월 5일 01시,금요일,충청북도 청원군 오창읍,경상사고,0,0,2,0,차량단독 - 공작물충돌,안전운전불이행,습기,비,단일로 - 기타,승용,남,48세,경상,,,,
2013070500100078,2013년 7월 5일 03시,금요일,충청북도 청원군 남일면,중상사고,0,1,0,0,차량단독 - 공작물충돌,안전운전불이행,습기,비,단일로 - 기타,승용,남,24세,상해없음,,,,
2013070500100101,2013년 7월 5일 06시,금요일,충청북도 충주시 대소원면,사망사고,1,0,0,1,차량단독 - 공작물충돌,안전운전불이행,습기,비,단일로 - 기타,화물,남,50세,부상신고,,,,
2013070500100102,2013년 7월 5일 06시,금요일,충청북도 청원군 미원면,사망사고,1,0,0,0,차량단독 - 공작물충돌,안전운전불이행,습기,비,단일로 - 기타,승용,남,52세,사망,,,,
2013070500100152,2013년 7월 5일 08시,금요일,충청북도 청주시 상당구 석교동,중상사고,0,1,0,0,차대사람 - 횡단중,보행자보호의무위반,습기,비,교차로 - 교차로안,승용,남,60세,상해없음,보행자,여,23세,중상
2013070500100153,2013년 7월 5일 08시,금요일,충청북도 청주시 흥덕구 복대동,경상사고,0,0,1,0,차대차 - 측면직각충돌,신호위반,습기,비,교차로 - 교차로안,기타불명,기타불명,기타불명,기타불명,승용,남,56세,경상
2013070500100154,2013년 7월 5일 08시,금요일,충청북도 청주시 흥덕구 송정동,경상사고,0,0,2,0,차대차 - 기타,신호위반,습기,비,교차로 - 교차로안,승용,남,48세,기타불명,승용,남,33세,경상
2013070500100155,2013년 7월 5일 08시,금요일,충청북도 청주시 흥덕구 가경동,부상신고사고,0,0,0,1,차대사람 - 길가장자리구역통행중,안전운전불이행,건조,맑음,단일로 - 기타,기타불명,기타불명,기타불명,기타불명,보행자,여,12세,부상신고
2013070500100156,2013년 7월 5일 08시,금요일,충청북도 청주시 상당구 용암동,중상사고,0,1,0,0,차대차 - 기타,안전운전불이행,건조,맑음,단일로 - 기타,승용,남,58세,상해없음,이륜,남,22세,중상
2013070500100305,2013년 7월 5일 14시,금요일,충청북도 청주시 흥덕구 비하동,경상사고,0,0,1,0,차대차 - 측면직각충돌,안전운전불이행,습기,비,단일로 - 기타,승용,남,29세,상해없음,승용,남,31세,상해없음
2013070500100306,2013년 7월 5일 14시,금요일,충청북도 청주시 상당구 용암동,경상사고,0,0,1,0,차량단독 - 기타,안전운전불이행,건조,맑음,단일로 - 기타,승합,남,54세,상해없음,,,,
2013070500100341,2013년 7월 5일 15시,금요일,충청북도 청주시 흥덕구 비하동,경상사고,0,0,2,0,차대차 - 측면직각충돌,안전거리미확보,건조,맑음,교차로 - 교차로부근,승용,남,53세,경상,승용,남,31세,경상
2013070500100451,2013년 7월 5일 18시,금요일,충청북도 청주시 상당구 우암동,경상사고,0,0,1,0,차대차 - 측면직각충돌,교차로운행방법위반,습기,비,교차로 - 교차로안,승용,여,26세,경상,승합,남,71세,상해없음
2013070500100452,2013년 7월 5일 18시,금요일,충청북도 청원군 가덕면,경상사고,0,0,2,0,차대차 - 기타,안전운전불이행,습기,비,단일로 - 기타,승용,여,49세,경상,화물,남,59세,경상
2013070500100490,2013년 7월 5일 19시,금요일,충청북도 충주시 가금면,경상사고,0,0,1,1,차량단독 - 공작물충돌,안전운전불이행,건조,맑음,교차로 - 교차로안,화물,남,58세,부상신고,,,,
2013070500100531,2013년 7월 5일 20시,금요일,충청북도 충주시 연수동,중상사고,0,1,1,0,차대차 - 기타,중앙선침범,건조,맑음,교차로 - 교차로부근,승용,남,54세,상해없음,승용,여,47세,경상
2013070500100566,2013년 7월 5일 21시,금요일,충청북도 청원군 오창읍,경상사고,0,0,5,0,차대차 - 기타,신호위반,건조,맑음,교차로 - 교차로부근,승용,남,29세,경상,승용,남,39세,경상
2013070500100610,2013년 7월 5일 22시,금요일,충청북도 옥천군 군서면,경상사고,0,0,4,1,차량단독 - 공작물충돌,안전운전불이행,습기,비,단일로 - 기타,승용,남,19세,부상신고,,,,
2013070500100611,2013년 7월 5일 22시,금요일,충청북도 청주시 흥덕구 분평동,경상사고,0,0,1,0,차대사람 - 기타,안전운전불이행,건조,맑음,단일로 - 기타,승용,남,77세,상해없음,보행자,남,27세,경상
2013070500100659,2013년 7월 5일 23시,금요일,충청북도 충주시 연수동,중상사고,0,1,2,0,차대차 - 기타,안전운전불이행,건조,맑음,기타 - 기타,승용,남,38세,상해없음,승용,여,48세,중상
2013070600100011,2013년 7월 6일 00시,토요일,충청북도 청원군 내수읍,중상사고,0,1,0,0,차대차 - 기타,신호위반,건조,맑음,교차로 - 교차로안,승합,여,35세,상해없음,승합,남,32세,중상
2013070600100044,2013년 7월 6일 01시,토요일,충청북도 청주시 흥덕구 봉명동,경상사고,0,0,1,0,차대사람 - 길가장자리구역통행중,안전운전불이행,건조,맑음,단일로 - 기타,승용,여,26세,상해없음,보행자,남,39세,경상
2013070600100045,2013년 7월 6일 01시,토요일,충청북도 청주시 흥덕구 분평동,중상사고,0,1,0,0,차대차 - 기타,안전운전불이행,건조,맑음,기타 - 기타,승용,남,44세,상해없음,승용,여,24세,중상
2013070600100069,2013년 7월 6일 02시,토요일,충청북도 청주시 흥덕구 송정동,경상사고,0,0,3,0,차대차 - 추돌 - 진행중,안전운전불이행,건조,맑음,교차로 - 교차로안,승용,남,22세,상해없음,승용,남,44세,경상
2013070600100135,2013년 7월 6일 06시,토요일,충청북도 음성군 생극면,사망사고,1,0,0,0,차대차 - 기타,기타,건조,맑음,교차로 - 교차로안,화물,남,47세,상해없음,농기계,남,76세,사망
2013070600100150,2013년 7월 6일 07시,토요일,충청북도 단양군 단양읍,중상사고,0,2,0,0,차대차 - 기타,직진우회전진행방해,건조,맑음,교차로 - 교차로안,승용,여,62세,상해없음,승용,남,39세,중상
2013070600100266,2013년 7월 6일 12시,토요일,충청북도 청주시 흥덕구 개신동,경상사고,0,0,2,0,차대차 - 측면직각충돌,안전운전불이행,건조,맑음,단일로 - 기타,이륜,남,47세,경상,승용,여,35세,경상
2013070600100293,2013년 7월 6일 13시,토요일,충청북도 괴산군 청천면,중상사고,0,1,1,0,차량단독 - 기타,안전운전불이행,건조,맑음,단일로 - 기타,이륜,남,17세,중상,,,,
2013070600100294,2013년 7월 6일 13시,토요일,충청북도 청주시 흥덕구 신봉동,경상사고,0,0,1,0,차대차 - 측면직각충돌,안전운전불이행,건조,맑음,단일로 - 기타,승용,남,41세,상해없음,이륜,남,40세,경상
2013070600100295,2013년 7월 6일 13시,토요일,충청북도 청주시 흥덕구 모충동,중상사고,0,1,0,0,차대차 - 측면직각충돌,교차로운행방법위반,건조,맑음,교차로 - 교차로안,승용,여,41세,상해없음,이륜,남,50세,중상
2013070600100313,2013년 7월 6일 14시,토요일,충청북도 청주시 상당구 영운동,경상사고,0,0,1,0,차대사람 - 기타,불법유턴,건조,맑음,교차로 - 교차로안,승용,남,42세,상해없음,보행자,남,55세,경상
2013070600100347,2013년 7월 6일 15시,토요일,충청북도 영동군 상촌면,중상사고,0,2,3,0,차량단독 - 도로외이탈 - 기타,안전운전불이행,건조,맑음,단일로 - 기타,승용,남,21세,상해없음,,,,
2013070600100348,2013년 7월 6일 15시,토요일,충청북도 청원군 오송읍,경상사고,0,0,1,0,차대차 - 측면직각충돌,안전운전불이행,건조,맑음,단일로 - 기타,승용,남,70세,상해없음,승용,남,62세,상해없음
2013070600100375,2013년 7월 6일 16시,토요일,충청북도 충주시 칠금동,경상사고,0,0,1,0,차대차 - 측면직각충돌,직진우회전진행방해,건조,맑음,교차로 - 교차로안,원동기,남,20세,경상,승용,여,38세,상해없음
2013070600100404,2013년 7월 6일 17시,토요일,충청북도 청원군 현도면,중상사고,0,1,0,0,차대사람 - 보도통행중,신호위반,건조,맑음,단일로 - 횡단보도상,이륜,남,30세,상해없음,보행자,여,69세,중상
2013070600100435,2013년 7월 6일 18시,토요일,충청북도 충주시 가금면,경상사고,0,0,1,0,차대차 - 추돌 - 주정차중,안전운전불이행,건조,맑음,단일로 - 기타,승용,남,26세,상해없음,농기계,남,71세,경상
2013070600100436,2013년 7월 6일 18시,토요일,충청북도 제천시 봉양읍,중상사고,0,3,0,0,차대차 - 측면직각충돌,차로위반,건조,맑음,단일로 - 횡단보도부근,승용,남,56세,상해없음,승용,남,54세,중상
2013070600100437,2013년 7월 6일 18시,토요일,충청북도 청주시 흥덕구 복대동,중상사고,0,1,0,0,차대사람 - 횡단중,보행자보호의무위반,건조,맑음,교차로 - 교차로부근,이륜,남,48세,상해없음,보행자,남,8세,중상
2013070600100438,2013년 7월 6일 18시,토요일,충청북도 청주시 흥덕구 봉명동,중상사고,0,1,1,0,차대차 - 추돌 - 진행중,안전거리미확보,습기,비,단일로 - 기타,승용,남,33세,경상,승용,남,37세,중상
2013070600100470,2013년 7월 6일 19시,토요일,충청북도 청주시 상당구 북문로1가동,경상사고,0,0,1,0,차대차 - 추돌 - 진행중,안전운전불이행,건조,맑음,교차로 - 교차로부근,승용,남,27세,상해없음,승용,여,34세,경상
2013070600100471,2013년 7월 6일 19시,토요일,충청북도 청주시 흥덕구 복대동,중상사고,0,1,3,0,차대차 - 측면직각충돌,안전운전불이행,건조,맑음,교차로 - 교차로안,승용,남,22세,경상,이륜,남,16세,경상
2013070600100538,2013년 7월 6일 21시,토요일,충청북도 청주시 흥덕구 사창동,경상사고,0,0,2,0,차대차 - 추돌 - 주정차중,안전운전불이행,건조,맑음,교차로 - 교차로부근,승용,여,21세,상해없음,승용,남,38세,경상
2013070600100539,2013년 7월 6일 21시,토요일,충청북도 청주시 흥덕구 운천동,중상사고,0,1,0,0,차대차 - 추돌 - 주정차중,안전운전불이행,건조,맑음,단일로 - 기타,화물,남,55세,상해없음,승용,남,58세,중상
2013070600100540,2013년 7월 6일 21시,토요일,충청북도 청주시 흥덕구 비하동,중상사고,0,1,1,0,차대차 - 추돌 - 주정차중,안전운전불이행,건조,맑음,교차로 - 교차로부근,이륜,남,16세,경상,승용,여,36세,상해없음
2013070600100541,2013년 7월 6일 21시,토요일,충청북도 청주시 흥덕구 개신동,중상사고,0,1,2,0,차대차 - 측면직각충돌,안전운전불이행,건조,맑음,교차로 - 교차로안,승용,남,38세,상해없음,승용,남,38세,경상
2013070600100542,2013년 7월 6일 21시,토요일,충청북도 청주시 흥덕구 신성동,경상사고,0,0,1,0,차량단독 - 기타,기타,건조,맑음,단일로 - 기타,승용,남,53세,상해없음,,,,
2013070700100012,2013년 7월 7일 00시,일요일,충청북도 청주시 상당구 율량동,경상사고,0,0,1,0,차대차 - 측면직각충돌,안전운전불이행,건조,맑음,교차로 - 교차로부근,승용,남,49세,상해없음,승용,남,29세,상해없음
2013070700100013,2013년 7월 7일 00시,일요일,충청북도 충주시 가금면,경상사고,0,0,1,0,차량단독 - 기타,안전운전불이행,건조,맑음,단일로 - 기타,승용,남,23세,상해없음,,,,
2013070700100033,2013년 7월 7일 01시,일요일,충청북도 청원군 남이면,경상사고,0,0,1,0,차대차 - 추돌 - 주정차중,안전운전불이행,건조,흐림,단일로 - 기타,승용,남,40세,상해없음,승용,남,29세,경상
2013070700100034,2013년 7월 7일 01시,일요일,충청북도 청주시 흥덕구 산남동,경상사고,0,0,2,0,차량단독 - 기타,안전운전불이행,건조,맑음,교차로 - 교차로안,승용,남,42세,상해없음,,,,
2013070700100100,2013년 7월 7일 05시,일요일,충청북도 제천시 중앙로2가,중상사고,0,1,2,0,차대차 - 측면직각충돌,직진우회전진행방해,건조,맑음,교차로 - 교차로안,승용,남,66세,경상,승용,남,17세,중상
2013070700100158,2013년 7월 7일 09시,일요일,충청북도 음성군 대소면,중상사고,0,2,0,0,차대차 - 기타,신호위반,건조,맑음,교차로 - 교차로안,승용,남,53세,상해없음,승용,남,61세,중상
2013070700100159,2013년 7월 7일 09시,일요일,충청북도 옥천군 동이면,경상사고,0,0,2,0,차대차 - 측면직각충돌,신호위반,건조,맑음,교차로 - 교차로안,승용,남,71세,상해없음,승용,남,65세,경상
2013070700100171,2013년 7월 7일 10시,일요일,충청북도 충주시 문화동,중상사고,0,2,0,0,차대차 - 기타,안전운전불이행,습기,흐림,교차로 - 교차로부근,승용,기타불명,기타불명,기타불명,원동기,남,72세,중상
2013070700100173,2013년 7월 7일 10시,일요일,충청북도 충주시 충인동,경상사고,0,0,1,0,차대차 - 기타,안전운전불이행,습기,맑음,단일로 - 기타,승합,남,63세,상해없음,승용,남,65세,경상
2013070700100214,2013년 7월 7일 12시,일요일,충청북도 충주시 금가면,중상사고,0,3,0,0,차대차 - 기타,안전운전불이행,습기,흐림,교차로 - 교차로안,승용,남,44세,상해없음,승용,남,50세,중상
2013070700100263,2013년 7월 7일 14시,일요일,충청북도 청주시 흥덕구 사창동,경상사고,0,0,1,0,차대차 - 측면직각충돌,안전거리미확보,건조,흐림,단일로 - 기타,승용,여,47세,상해없음,승용,남,35세,경상
2013070700100311,2013년 7월 7일 16시,일요일,충청북도 영동군 황간면,중상사고,0,3,1,0,차대차 - 기타,안전운전불이행,건조,맑음,단일로 - 기타,승용,남,52세,경상,화물,남,51세,중상
2013070700100312,2013년 7월 7일 16시,일요일,충청북도 음성군 감곡면,경상사고,0,0,3,0,차대차 - 기타,안전운전불이행,건조,흐림,단일로 - 기타,화물,남,60세,상해없음,승용,남,50세,경상
2013070700100337,2013년 7월 7일 17시,일요일,충청북도 제천시 중앙로1가,경상사고,0,0,4,0,차대차 - 기타,안전거리미확보,습기,비,교차로 - 교차로부근,원동기,남,22세,상해없음,승용,남,29세,경상
2013070700100338,2013년 7월 7일 17시,일요일,충청북도 괴산군 청천면,경상사고,0,0,2,0,차대차 - 측면직각충돌,안전운전불이행,건조,맑음,교차로 - 교차로안,승용,남,30세,상해없음,승용,여,63세,경상
2013070700100391,2013년 7월 7일 19시,일요일,충청북도 음성군 대소면,중상사고,0,3,0,0,차대차 - 기타,안전운전불이행,건조,흐림,단일로 - 기타,승용,남,38세,상해없음,승용,남,29세,중상
2013070700100415,2013년 7월 7일 20시,일요일,충청북도 청주시 흥덕구 복대동,중상사고,0,1,0,0,차대차 - 측면직각충돌,안전운전불이행,건조,맑음,교차로 - 교차로안,승용,여,47세,상해없음,이륜,남,18세,중상
2013070700100416,2013년 7월 7일 20시,일요일,충청북도 청주시 흥덕구 복대동,중상사고,0,1,0,0,차대차 - 측면직각충돌,안전운전불이행,건조,맑음,교차로 - 교차로부근,승용,여,46세,상해없음,승용,남,50세,중상
2013070700100417,2013년 7월 7일 20시,일요일,충청북도 청주시 흥덕구 복대동,경상사고,0,0,6,0,차대차 - 측면직각충돌,신호위반,건조,맑음,교차로 - 교차로안,승용,남,66세,경상,승용,여,50세,경상
2013070700100418,2013년 7월 7일 20시,일요일,충청북도 청주시 흥덕구 신봉동,중상사고,0,1,0,0,차대차 - 측면직각충돌,안전운전불이행,건조,맑음,단일로 - 기타,화물,남,39세,상해없음,승용,남,55세,중상