사고번호,사고일시,요일,시군구,사고내용,사망자수,중상자수,경상자수,부상신고자수,사고유형,법규위반,노면상태,기상상태,도로형태,가해운전자 차종,가해운전자 성별,가해운전자 연령,가해운전자 상해정도,피해운전자 차종,피해운전자 성별,피해운전자 연령,피해운전자 상해정도
2013070700100436,2013년 7월 7일 21시,일요일,충청북도 청주시 상당구 금천동,경상사고,0,0,4,0,차대차 - 측면직각충돌,교차로운행방법위반,습기,비,교차로 - 교차로안,화물,남,46세,상해없음,승용,남,57세,경상
2013070700100437,2013년 7월 7일 21시,일요일,충청북도 청주시 상당구 석교동,경상사고,0,0,1,0,차대차 - 정면충돌,중앙선침범,습기,비,교차로 - 교차로부근,화물,남,58세,상해없음,이륜,남,18세,경상
2013070700100438,2013년 7월 7일 21시,일요일,충청북도 음성군 금왕읍,중상사고,0,1,0,0,차대차 - 기타,안전운전불이행,건조,맑음,단일로 - 기타,승용,남,34세,상해없음,승용,여,51세,상해없음
2013070700100482,2013년 7월 7일 23시,일요일,충청북도 청주시 상당구 금천동,경상사고,0,0,1,0,차대차 - 측면직각충돌,안전운전불이행,습기,비,교차로 - 교차로안,원동기,남,19세,경상,승용,여,53세,상해없음
2013070800100016,2013년 7월 8일 00시,월요일,충청북도 충주시 교현동,경상사고,0,0,1,0,차대차 - 기타,안전운전불이행,건조,흐림,교차로 - 교차로부근,승용,남,31세,상해없음,승용,남,18세,경상
2013070800100017,2013년 7월 8일 00시,월요일,충청북도 청원군 남일면,사망사고,1,0,0,0,차대사람 - 횡단중,안전운전불이행,건조,흐림,교차로 - 교차로부근,승용,남,29세,상해없음,보행자,남,78세,사망
2013070800100029,2013년 7월 8일 01시,월요일,충청북도 충주시 연수동,부상신고사고,0,0,0,1,차대차 - 기타,신호위반,건조,맑음,교차로 - 교차로안,원동기,남,16세,부상신고,승용,남,38세,상해없음
2013070800100074,2013년 7월 8일 06시,월요일,충청북도 청원군 오창읍,중상사고,0,3,2,0,차대차 - 측면직각충돌,교차로운행방법위반,건조,흐림,교차로 - 교차로안,승용,남,61세,경상,화물,남,52세,중상
2013070800100086,2013년 7월 8일 07시,월요일,충청북도 청주시 상당구 남주동,경상사고,0,0,1,0,차대차 - 기타,교차로운행방법위반,건조,맑음,교차로 - 교차로안,이륜,남,34세,경상,화물,남,44세,상해없음
2013070800100114,2013년 7월 8일 08시,월요일,충청북도 충주시 동량면,중상사고,0,2,0,0,차대차 - 추돌 - 진행중,직진우회전진행방해,건조,맑음,교차로 - 교차로안,화물,여,43세,상해없음,이륜,남,71세,중상
2013070800100115,2013년 7월 8일 08시,월요일,충청북도 청원군 옥산면,경상사고,0,0,1,0,차대차 - 측면직각충돌,교차로운행방법위반,건조,맑음,교차로 - 교차로안,건설기계,남,55세,기타불명,승합,남,45세,경상
2013070800100150,2013년 7월 8일 09시,월요일,충청북도 충주시 동량면,중상사고,0,1,0,0,차대사람 - 횡단중,안전운전불이행,건조,맑음,단일로 - 기타,화물,남,36세,상해없음,보행자,남,86세,중상
2013070800100174,2013년 7월 8일 10시,월요일,충청북도 제천시 신백동,중상사고,0,1,1,0,차대차 - 측면직각충돌,직진우회전진행방해,건조,맑음,교차로 - 교차로안,승용,남,40세,상해없음,승용,여,41세,중상
2013070800100175,2013년 7월 8일 10시,월요일,충청북도 청주시 흥덕구 사직동,경상사고,0,0,1,0,차대차 - 측면직각충돌,안전운전불이행,건조,맑음,단일로 - 기타,화물,남,49세,상해없음,승합,남,40세,경상
2013070800100204,2013년 7월 8일 11시,월요일,충청북도 청주시 흥덕구 모충동,경상사고,0,0,1,0,차대차 - 기타,신호위반,습기,비,교차로 - 교차로안,승용,남,40세,상해없음,승용,남,69세,경상
2013070800100224,2013년 7월 8일 12시,월요일,충청북도 청원군 오창읍,중상사고,0,1,0,0,차량단독 - 공작물충돌,안전운전불이행,습기,비,단일로 - 기타,화물,남,38세,중상,,,,
2013070800100225,2013년 7월 8일 12시,월요일,충청북도 청주시 흥덕구 신봉동,중상사고,0,1,1,0,차대차 - 측면직각충돌,안전거리미확보,습기,비,교차로 - 교차로부근,승용,남,63세,상해없음,승합,남,43세,상해없음
2013070800100226,2013년 7월 8일 12시,월요일,충청북도 청주시 흥덕구 신봉동,경상사고,0,0,3,0,차대차 - 측면직각충돌,안전운전불이행,습기,비,교차로 - 교차로부근,화물,남,40세,상해없음,승용,여,35세,경상
2013070800100246,2013년 7월 8일 13시,월요일,충청북도 옥천군 옥천읍,중상사고,0,1,0,0,차대사람 - 차도통행중,안전운전불이행,건조,맑음,교차로 - 교차로부근,화물,남,46세,상해없음,보행자,여,83세,중상
2013070800100247,2013년 7월 8일 13시,월요일,충청북도 청주시 흥덕구 모충동,중상사고,0,1,1,0,차대차 - 기타,안전거리미확보,건조,맑음,교차로 - 교차로부근,원동기,남,50세,중상,승용,남,32세,경상
2013070800100318,2013년 7월 8일 15시,월요일,충청북도 충주시 금릉동,경상사고,0,0,1,1,차대차 - 추돌 - 진행중,안전운전불이행,습기,흐림,단일로 - 기타,승용,여,52세,부상신고,승용,남,45세,경상
2013070800100319,2013년 7월 8일 15시,월요일,충청북도 청주시 흥덕구 사창동,경상사고,0,0,1,0,차대차 - 측면직각충돌,안전운전불이행,건조,맑음,단일로 - 기타,승용,여,43세,상해없음,승합,남,56세,상해없음
2013070800100390,2013년 7월 8일 17시,월요일,충청북도 제천시 서부동,중상사고,0,1,1,0,차대차 - 기타,안전운전불이행,건조,맑음,교차로 - 교차로부근,화물,남,65세,상해없음,승용,남,46세,중상
2013070800100391,2013년 7월 8일 17시,월요일,충청북도 청원군 오송읍,사망사고,1,3,0,0,차대차 - 측면직각충돌,안전거리미확보,습기,비,단일로 - 기타,화물,남,75세,사망,화물,남,39세,중상
2013070800100485,2013년 7월 8일 20시,월요일,충청북도 충주시 교현동,경상사고,0,0,1,0,차대차 - 기타,안전운전불이행,습기,비,교차로 - 교차로부근,화물,여,57세,상해없음,승용,여,30세,경상
2013070800100486,2013년 7월 8일 20시,월요일,충청북도 청주시 흥덕구 가경동,경상사고,0,0,1,0,차대사람 - 횡단중,보행자보호의무위반,습기,비,단일로 - 횡단보도상,승용,남,42세,상해없음,보행자,여,6세,경상
2013070800100520,2013년 7월 8일 21시,월요일,충청북도 청주시 상당구 내덕동,경상사고,0,0,1,0,차대사람 - 횡단중,신호위반,습기,비,단일로 - 횡단보도상,승용,남,26세,상해없음,보행자,여,45세,경상
2013070800100521,2013년 7월 8일 21시,월요일,충청북도 괴산군 청안면,경상사고,0,0,1,0,차대차 - 추돌 - 진행중,안전운전불이행,건조,맑음,기타 - 기타,화물,남,59세,상해없음,승용,남,53세,경상
2013070800100522,2013년 7월 8일 21시,월요일,충청북도 청주시 흥덕구 복대동,경상사고,0,0,4,0,차대차 - 추돌 - 주정차중,안전운전불이행,습기,비,단일로 - 기타,화물,남,45세,상해없음,승용,남,27세,경상
2013070800100523,2013년 7월 8일 21시,월요일,충청북도 청주시 흥덕구 봉명동,경상사고,0,0,2,0,차대차 - 추돌 - 주정차중,안전운전불이행,건조,맑음,단일로 - 기타,승용,남,26세,상해없음,승용,남,22세,경상
2013070800100578,2013년 7월 8일 23시,월요일,충청북도 청주시 흥덕구 봉명동,경상사고,0,0,1,0,차대차 - 추돌 - 진행중,안전운전불이행,습기,비,교차로 - 교차로부근,승용,남,35세,상해없음,승용,남,44세,경상
2013070900100010,2013년 7월 9일 00시,화요일,충청북도 청주시 흥덕구 가경동,경상사고,0,0,2,0,차대차 - 추돌 - 진행중,안전운전불이행,습기,비,단일로 - 기타,승용,남,44세,상해없음,승용,남,37세,경상
2013070900100080,2013년 7월 9일 05시,화요일,충청북도 청주시 흥덕구 비하동,중상사고,0,1,1,0,차대차 - 측면직각충돌,교차로운행방법위반,건조,맑음,교차로 - 교차로안,승용,남,36세,경상,화물,남,38세,중상
2013070900100142,2013년 7월 9일 08시,화요일,충청북도 보은군 삼승면,경상사고,0,0,1,0,차대차 - 추돌 - 진행중,안전운전불이행,건조,맑음,교차로 - 교차로안,승용,여,31세,상해없음,승용,남,43세,경상
2013070900100143,2013년 7월 9일 08시,화요일,충청북도 청주시 흥덕구 가경동,경상사고,0,0,1,0,차대차 - 측면직각충돌,신호위반,건조,맑음,교차로 - 교차로안,승용,여,28세,상해없음,승용,여,40세,경상
2013070900100235,2013년 7월 9일 11시,화요일,충청북도 청원군 오창읍,경상사고,0,0,2,0,차대차 - 측면직각충돌,교차로운행방법위반,건조,맑음,교차로 - 교차로안,승용,남,32세,경상,승용,남,37세,경상
2013070900100278,2013년 7월 9일 13시,화요일,충청북도 제천시 수산면,중상사고,0,5,1,0,차대차 - 측면직각충돌,직진우회전진행방해,건조,맑음,교차로 - 교차로안,승합,남,63세,상해없음,승용,남,66세,중상
2013070900100306,2013년 7월 9일 14시,화요일,충청북도 청주시 흥덕구 신봉동,중상사고,0,1,0,0,차대사람 - 횡단중,보행자보호의무위반,건조,맑음,교차로 - 교차로안,승용,남,63세,상해없음,보행자,남,9세,중상
2013070900100337,2013년 7월 9일 15시,화요일,충청북도 청주시 흥덕구 미평동,경상사고,0,0,1,0,차대차 - 측면직각충돌,안전거리미확보,건조,맑음,단일로 - 기타,화물,남,62세,상해없음,승합,남,59세,상해없음
2013070900100338,2013년 7월 9일 15시,화요일,충청북도 청주시 상당구 용암동,경상사고,0,0,1,0,차대차 - 추돌 - 주정차중,안전운전불이행,건조,맑음,기타 - 기타,승용,여,32세,상해없음,승용,여,49세,경상
2013070900100400,2013년 7월 9일 17시,화요일,충청북도 제천시 교동,경상사고,0,0,1,0,차대차 - 측면직각충돌,직진우회전진행방해,건조,맑음,교차로 - 교차로안,승용,남,61세,상해없음,승용,여,38세,경상
2013070900100436,2013년 7월 9일 18시,화요일,충청북도 제천시 청풍면,중상사고,0,2,0,0,차대차 - 측면직각충돌,중앙선침범,건조,맑음,단일로 - 기타,승합,남,33세,상해없음,승합,여,48세,중상
2013070900100437,2013년 7월 9일 18시,화요일,충청북도 청주시 상당구 방서동,중상사고,0,1,0,0,차대차 - 측면직각충돌,안전운전불이행,건조,맑음,단일로 - 기타,화물,남,45세,상해없음,원동기,남,30세,중상
2013070900100481,2013년 7월 9일 19시,화요일,충청북도 청원군 오창읍,경상사고,0,0,1,0,차대차 - 측면직각충돌,교차로운행방법위반,건조,맑음,교차로 - 교차로안,승용,남,73세,상해없음,화물,남,52세,경상
2013070900100482,2013년 7월 9일 19시,화요일,충청북도 음성군 금왕읍,경상사고,0,0,1,0,차대차 - 추돌 - 주정차중,안전운전불이행,건조,맑음,교차로 - 교차로안,화물,남,47세,상해없음,승용,남,42세,경상
2013070900100507,2013년 7월 9일 20시,화요일,충청북도 단양군 적성면,사망사고,1,1,0,0,차량단독 - 공작물충돌,안전운전불이행,건조,흐림,단일로 - 기타,승용,남,32세,중상,,,,
2013070900100508,2013년 7월 9일 20시,화요일,충청북도 청원군 오창읍,경상사고,0,0,4,0,차대차 - 기타,교차로운행방법위반,건조,맑음,교차로 - 교차로안,승용,남,24세,상해없음,승용,여,36세,경상
2013070900100509,2013년 7월 9일 20시,화요일,충청북도 영동군 양산면,경상사고,0,0,1,0,차대차 - 기타,안전운전불이행,건조,맑음,단일로 - 기타,승용,남,51세,상해없음,자전거,남,75세,경상
2013070900100510,2013년 7월 9일 20시,화요일,충청북도 진천군 진천읍,중상사고,0,1,0,0,차대차 - 측면직각충돌,안전운전불이행,건조,맑음,교차로 - 교차로안,승용,남,48세,상해없음,자전거,남,55세,중상
2013070900100540,2013년 7월 9일 21시,화요일,충청북도 청원군 오창읍,경상사고,0,0,2,0,차대차 - 기타,신호위반,건조,맑음,교차로 - 교차로안,승용,남,57세,상해없음,화물,남,58세,상해없음
2013070900100568,2013년 7월 9일 22시,화요일,충청북도 보은군 삼승면,경상사고,0,0,1,0,차대사람 - 보도통행중,중앙선침범,건조,맑음,단일로 - 기타,화물,남,56세,상해없음,보행자,여,55세,경상
2013070900100569,2013년 7월 9일 22시,화요일,충청북도 청주시 흥덕구 가경동,경상사고,0,0,2,0,차대차 - 추돌 - 진행중,안전운전불이행,건조,맑음,교차로 - 교차로부근,승용,남,51세,경상,승용,남,43세,경상
2013071000100108,2013년 7월 10일 07시,수요일,충청북도 제천시 명동,경상사고,0,0,1,0,차대차 - 측면직각충돌,신호위반,건조,흐림,교차로 - 교차로안,화물,남,35세,상해없음,승용,남,37세,경상
2013071000100109,2013년 7월 10일 07시,수요일,충청북도 증평군 증평읍,경상사고,0,0,3,0,차대차 - 추돌 - 주정차중,안전운전불이행,건조,맑음,교차로 - 교차로부근,승용,여,47세,상해없음,승용,여,31세,경상
2013071000100210,2013년 7월 10일 11시,수요일,충청북도 청원군 낭성면,중상사고,0,1,0,0,차량단독 - 기타,안전운전불이행,건조,맑음,단일로 - 기타,승합,남,57세,상해없음,,,,
2013071000100230,2013년 7월 10일 12시,수요일,충청북도 청주시 흥덕구 가경동,경상사고,0,0,1,0,차대사람 - 기타,안전운전불이행,건조,맑음,교차로 - 교차로안,화물,남,36세,상해없음,보행자,남,7세,경상
2013071000100231,2013년 7월 10일 12시,수요일,충청북도 청원군 옥산면,중상사고,0,1,4,0,차대차 - 측면직각충돌,교차로운행방법위반,건조,맑음,교차로 - 교차로안,승용,남,24세,경상,화물,남,35세,경상
2013071000100248,2013년 7월 10일 13시,수요일,충청북도 청주시 흥덕구 복대동,경상사고,0,0,1,0,차대차 - 추돌 - 주정차중,안전운전불이행,건조,맑음,교차로 - 교차로안,승용,남,44세,상해없음,승용,남,44세,경상
2013071000100305,2013년 7월 10일 15시,수요일,충청북도 청주시 상당구 석교동,경상사고,0,0,1,0,차대차 - 측면직각충돌,교차로운행방법위반,건조,맑음,교차로 - 교차로안,승용,여,38세,상해없음,승용,남,66세,경상
2013071000100306,2013년 7월 10일 15시,수요일,충청북도 청주시 상당구 율량동,경상사고,0,0,1,0,차대사람 - 기타,안전운전불이행,건조,맑음,기타 - 기타,승용,남,55세,상해없음,보행자,여,59세,경상
2013071000100307,2013년 7월 10일 15시,수요일,충청북도 청원군 남이면,중상사고,0,1,1,0,차대차 - 기타,안전운전불이행,건조,맑음,단일로 - 기타,승용,여,42세,중상,승용,남,45세,경상
2013071000100333,2013년 7월 10일 16시,수요일,충청북도 증평군 증평읍,경상사고,0,0,1,1,차대사람 - 횡단중,안전운전불이행,건조,맑음,단일로 - 기타,이륜,남,73세,부상신고,보행자,여,23세,경상
2013071000100334,2013년 7월 10일 16시,수요일,충청북도 보은군 보은읍,경상사고,0,0,1,0,차대사람 - 횡단중,안전운전불이행,건조,맑음,단일로 - 기타,승용,남,52세,상해없음,보행자,여,7세,경상
2013071000100397,2013년 7월 10일 18시,수요일,충청북도 옥천군 옥천읍,중상사고,0,1,0,0,차대차 - 측면직각충돌,안전운전불이행,건조,맑음,교차로 - 교차로안,화물,남,43세,상해없음,원동기,남,30세,중상
2013071000100398,2013년 7월 10일 18시,수요일,충청북도 청주시 흥덕구 가경동,경상사고,0,0,3,0,차대차 - 측면직각충돌,안전운전불이행,건조,맑음,단일로 - 기타,승용,남,56세,상해없음,승용,남,55세,경상
2013071000100457,2013년 7월 10일 20시,수요일,충청북도 옥천군 옥천읍,중상사고,0,1,2,0,차대차 - 측면직각충돌,차로위반,건조,흐림,단일로 - 기타,화물,남,53세,상해없음,승용,남,44세,경상
2013071000100510,2013년 7월 10일 22시,수요일,충청북도 청원군 오창읍,경상사고,0,0,2,0,차대차 - 측면직각충돌,교차로운행방법위반,건조,맑음,교차로 - 교차로안,승용,남,60세,상해없음,이륜,남,23세,경상
2013071000100511,2013년 7월 10일 22시,수요일,충청북도 청원군 현도면,경상사고,0,0,1,0,차대차 - 기타,중앙선침범,건조,맑음,단일로 - 기타,승용,여,25세,상해없음,승용,남,43세,경상
2013071000100534,2013년 7월 10일 23시,수요일,충청북도 제천시 장락동,경상사고,0,0,2,0,차대차 - 기타,불법유턴,건조,맑음,단일로 - 기타,승용,남,44세,상해없음,승용,남,22세,경상
2013071100100010,2013년 7월 11일 00시,목요일,충청북도 청주시 상당구 금천동,경상사고,0,0,4,0,차대차 - 측면직각충돌,교차로운행방법위반,건조,맑음,교차로 - 교차로안,승용,남,57세,상해없음,승용,남,53세,경상
2013071100100011,2013년 7월 11일 00시,목요일,충청북도 괴산군 괴산읍,경상사고,0,0,5,0,차대차 - 추돌 - 주정차중,안전운전불이행,건조,맑음,교차로 - 교차로안,승용,남,45세,상해없음,승용,남,19세,경상
2013071100100037,2013년 7월 11일 01시,목요일,충청북도 청원군 남이면,중상사고,0,1,0,0,차량단독 - 공작물충돌,안전운전불이행,건조,맑음,단일로 - 기타,원동기,남,26세,중상,,,,
2013071100100118,2013년 7월 11일 08시,목요일,충청북도 청주시 흥덕구 봉명동,경상사고,0,0,1,0,차대차 - 측면직각충돌,안전운전불이행,건조,맑음,단일로 - 기타,승용,여,29세,상해없음,원동기,남,37세,경상
2013071100100119,2013년 7월 11일 08시,목요일,충청북도 청원군 남이면,경상사고,0,0,1,0,차대차 - 측면직각충돌,안전운전불이행,건조,맑음,교차로 - 교차로부근,승용,남,32세,상해없음,승용,여,40세,경상
2013071100100191,2013년 7월 11일 11시,목요일,충청북도 충주시 안림동,중상사고,0,1,0,0,차대차 - 추돌 - 진행중,안전운전불이행,건조,맑음,교차로 - 교차로안,자전거,남,69세,중상,승용,여,72세,상해없음
2013071100100230,2013년 7월 11일 13시,목요일,충청북도 제천시 명지동,중상사고,0,2,1,0,차대차 - 기타,안전운전불이행,건조,맑음,교차로 - 교차로안,화물,남,70세,상해없음,화물,남,53세,중상
2013071100100255,2013년 7월 11일 14시,목요일,충청북도 단양군 대강면,경상사고,0,0,1,0,차대차 - 기타,안전운전불이행,건조,맑음,교차로 - 교차로안,화물,여,50세,상해없음,자전거,남,11세,경상
2013071100100256,2013년 7월 11일 14시,목요일,충청북도 청원군 가덕면,경상사고,0,0,3,0,차대차 - 측면직각충돌,안전운전불이행,건조,맑음,단일로 - 기타,승용,여,54세,경상,화물,남,63세,경상
2013071100100289,2013년 7월 11일 15시,목요일,충청북도 청주시 상당구 사천동,경상사고,0,0,1,0,차대차 - 추돌 - 주정차중,불법유턴,건조,맑음,단일로 - 기타,화물,남,61세,상해없음,원동기,여,63세,경상
2013071100100290,2013년 7월 11일 15시,목요일,충청북도 청원군 오창읍,경상사고,0,0,1,0,차대차 - 정면충돌,중앙선침범,건조,맑음,교차로 - 교차로부근,승용,남,57세,상해없음,승용,여,47세,경상
2013071100100345,2013년 7월 11일 17시,목요일,충청북도 청원군 내수읍,중상사고,0,1,0,0,차대차 - 측면직각충돌,안전운전불이행,건조,맑음,단일로 - 기타,이륜,남,49세,중상,화물,남,31세,상해없음
2013071100100346,2013년 7월 11일 17시,목요일,충청북도 청주시 흥덕구 운천동,경상사고,0,0,2,0,차대차 - 측면직각충돌,안전운전불이행,건조,맑음,교차로 - 교차로안,승용,여,48세,경상,승용,남,33세,경상
2013071100100383,2013년 7월 11일 18시,목요일,충청북도 옥천군 동이면,중상사고,0,1,0,0,차량단독 - 기타,안전운전불이행,건조,맑음,단일로 - 기타,승용,남,51세,중상,,,,
2013071100100424,2013년 7월 11일 19시,목요일,충청북도 진천군 진천읍,중상사고,0,1,0,0,차대차 - 측면직각충돌,신호위반,건조,맑음,교차로 - 교차로안,승용,남,45세,상해없음,승용,남,32세,중상
2013071100100505,2013년 7월 11일 22시,목요일,충청북도 음성군 감곡면,중상사고,0,1,0,0,차대차 - 추돌 - 주정차중,안전운전불이행,건조,맑음,교차로 - 교차로부근,승용,남,61세,상해없음,승용,남,31세,중상
2013071100100506,2013년 7월 11일 22시,목요일,충청북도 청주시 상당구 용담동,경상사고,0,0,2,0,차대차 - 기타,안전운전불이행,건조,맑음,단일로 - 기타,승용,여,43세,상해없음,승용,남,54세,경상
2013071200100009,2013년 7월 12일 00시,금요일,충청북도 청주시 흥덕구 사직동,중상사고,0,1,1,1,차대차 - 추돌 - 주정차중,안전운전불이행,건조,맑음,단일로 - 기타,승합,남,59세,상해없음,승합,남,54세,기타불명
2013071200100028,2013년 7월 12일 01시,금요일,충청북도 충주시 연수동,중상사고,0,1,0,0,차대사람 - 기타,안전운전불이행,건조,흐림,단일로 - 기타,기타불명,기타불명,기타불명,기타불명,보행자,남,51세,중상
2013071200100078,2013년 7월 12일 06시,금요일,충청북도 괴산군 괴산읍,경상사고,0,0,1,0,차대차 - 측면직각충돌,직진우회전진행방해,건조,맑음,교차로 - 교차로안,승용,남,47세,상해없음,승용,여,50세,경상
2013071200100099,2013년 7월 12일 07시,금요일,충청북도 충주시 호암동,경상사고,0,0,1,0,차대차 - 추돌 - 진행중,안전운전불이행,건조,흐림,교차로 - 교차로부근,승용,여,49세,상해없음,자전거,여,45세,경상
2013071200100143,2013년 7월 12일 08시,금요일,충청북도 옥천군 안내면,중상사고,0,1,1,0,차대차 - 측면직각충돌,중앙선침범,건조,맑음,단일로 - 기타,승용,남,49세,상해없음,승용,남,38세,중상
2013071200100144,2013년 7월 12일 08시,금요일,충청북도 진천군 진천읍,경상사고,0,0,1,0,차대차 - 기타,안전거리미확보,건조,맑음,단일로 - 기타,승용,여,43세,상해없음,이륜,남,27세,경상
2013071200100145,2013년 7월 12일 08시,금요일,충청북도 청원군 남이면,중상사고,0,1,0,0,차대사람 - 횡단중,안전운전불이행,건조,맑음,교차로 - 교차로부근,화물,남,43세,상해없음,보행자,여,30세,중상
2013071200100177,2013년 7월 12일 09시,금요일,충청북도 제천시 하소동,중상사고,0,1,0,0,차대사람 - 기타,안전운전불이행,건조,맑음,단일로 - 기타,승용,여,35세,상해없음,보행자,남,76세,중상
2013071200100201,2013년 7월 12일 10시,금요일,충청북도 청주시 흥덕구 봉명동,중상사고,0,1,0,0,차대사람 - 길가장자리구역통행중,기타,건조,맑음,단일로 - 기타,화물,남,54세,상해없음,보행자,여,46세,중상
2013071200100226,2013년 7월 12일 11시,금요일,충청북도 음성군 맹동면,경상사고,0,0,3,0,차대차 - 정면충돌,중앙선침범,건조,맑음,단일로 - 기타,승용,여,30세,경상,승용,여,39세,경상
2013071200100227,2013년 7월 12일 11시,금요일,충청북도 청주시 흥덕구 가경동,경상사고,0,0,2,0,차대차 - 측면직각충돌,안전거리미확보,건조,맑음,단일로 - 기타,건설기계,남,42세,상해없음,승용,여,54세,경상
2013071200100260,2013년 7월 12일 12시,금요일,충청북도 충주시 칠금동,경상사고,0,0,1,0,차대차 - 추돌 - 진행중,안전운전불이행,건조,맑음,교차로 - 교차로부근,승용,여,64세,기타불명,승용,남,29세,경상
2013071200100261,2013년 7월 12일 12시,금요일,충청북도 충주시 엄정면,경상사고,0,0,1,0,차대사람 - 기타,안전운전불이행,건조,맑음,단일로 - 기타,승용,여,53세,상해없음,보행자,여,72세,경상
2013071200100319,2013년 7월 12일 14시,금요일,충청북도 청주시 흥덕구 향정동,중상사고,0,1,0,0,차량단독 - 공작물충돌,안전운전불이행,건조,맑음,교차로 - 교차로부근,화물,남,35세,중상,,,,
2013071200100320,2013년 7월 12일 14시,금요일,충청북도 청주시 흥덕구 봉명동,경상사고,0,0,1,0,차대차 - 측면직각충돌,안전운전불이행,건조,맑음,단일로 - 기타,건설기계,남,37세,상해없음,승용,여,36세,경상
2013071200100348,2013년 7월 12일 15시,금요일,충청북도 제천시 봉양읍,중상사고,0,2,0,0,차대차 - 추돌 - 진행중,불법유턴,습기,흐림,교차로 - 교차로부근,화물,남,75세,상해없음,원동기,남,31세,중상
2013071200100367,2013년 7월 12일 16시,금요일,충청북도 청주시 흥덕구 분평동,경상사고,0,0,1,0,차대사람 - 기타,안전운전불이행,건조,맑음,교차로 - 교차로안,승용,여,29세,상해없음,보행자,남,11세,경상
2013071200100396,2013년 7월 12일 17시,금요일,충청북도 음성군 감곡면,경상사고,0,0,2,0,차대차 - 기타,교차로운행방법위반,건조,흐림,교차로 - 교차로안,승용,여,39세,상해없음,농기계,남,63세,경상
2013071200100397,2013년 7월 12일 17시,금요일,충청북도 청주시 흥덕구 사직동,경상사고,0,0,2,0,차대차 - 측면직각충돌,안전운전불이행,건조,맑음,교차로 - 교차로안,승용,여,41세,경상,승용,남,46세,경상
2013071200100398,2013년 7월 12일 17시,금요일,충청북도 청주시 흥덕구 모충동,경상사고,0,0,1,0,차대차 - 기타,안전운전불이행,건조,맑음,단일로 - 기타,원동기,남,50세,경상,화물,남,54세,상해없음
2013071200100428,2013년 7월 12일 18시,금요일,충청북도 제천시 의림동,경상사고,0,0,1,0,차대사람 - 기타,안전운전불이행,건조,맑음,단일로 - 기타,승용,남,58세,상해없음,보행자,남,23세,경상
2013071200100429,2013년 7월 12일 18시,금요일,충청북도 보은군 보은읍,중상사고,0,1,0,0,차대차 - 정면충돌,안전운전불이행,건조,맑음,단일로 - 기타,승용,남,55세,상해없음,승용,여,30세,중상
2013071200100430,2013년 7월 12일 18시,금요일,충청북도 청주시 흥덕구 강서동,경상사고,0,0,2,0,차대차 - 측면직각충돌,교차로운행방법위반,건조,맑음,교차로 - 교차로안,승용,여,34세,경상,승용,남,33세,경상
2013071200100431,2013년 7월 12일 18시,금요일,충청북도 청원군 남일면,사망사고,1,0,0,0,차량단독 - 기타,안전운전불이행,건조,맑음,교차로 - 교차로부근,이륜,남,64세,사망,,,,
2013071200100432,2013년 7월 12일 18시,금요일,충청북도 청주시 흥덕구 분평동,경상사고,0,0,3,0,차대차 - 기타,안전운전불이행,건조,맑음,단일로 - 기타,승용,남,45세,상해없음,승용,여,35세,경상
2013071200100471,2013년 7월 12일 19시,금요일,충청북도 충주시 용산동,중상사고,0,1,0,0,차대차 - 추돌 - 진행중,안전운전불이행,건조,흐림,단일로 - 기타,승용,여,66세,상해없음,이륜,남,17세,중상
2013071200100472,2013년 7월 12일 19시,금요일,충청북도 제천시 청전동,중상사고,0,1,0,0,차대사람 - 기타,안전운전불이행,건조,흐림,교차로 - 교차로안,화물,남,40세,상해없음,보행자,여,73세,중상
2013071200100473,2013년 7월 12일 19시,금요일,충청북도 제천시 덕산면,부상신고사고,0,0,0,1,차량단독 - 기타,안전운전불이행,건조,맑음,단일로 - 기타,원동기,남,56세,부상신고,,,,
2013071200100514,2013년 7월 12일 20시,금요일,충청북도 음성군 금왕읍,중상사고,0,2,4,0,차대차 - 기타,신호위반,건조,맑음,교차로 - 교차로안,화물,남,54세,상해없음,승합,남,46세,중상
2013071200100515,2013년 7월 12일 20시,금요일,충청북도 청주시 흥덕구 가경동,중상사고,0,1,3,0,차대차 - 측면직각충돌,안전거리미확보,건조,맑음,교차로 - 교차로부근,승용,여,25세,상해없음,승용,여,36세,경상
2013071200100516,2013년 7월 12일 20시,금요일,충청북도 청주시 상당구 용담동,경상사고,0,0,1,0,차대차 - 기타,교차로운행방법위반,건조,맑음,교차로 - 교차로부근,승용,남,31세,상해없음,승용,남,33세,경상
2013071200100517,2013년 7월 12일 20시,금요일,충청북도 청주시 흥덕구 분평동,중상사고,0,1,0,0,차대차 - 기타,안전운전불이행,건조,흐림,교차로 - 교차로부근,승용,남,28세,상해없음,이륜,남,29세,중상
2013071200100563,2013년 7월 12일 21시,금요일,충청북도 청주시 흥덕구 사창동,경상사고,0,0,1,0,차대사람 - 횡단중,안전운전불이행,건조,맑음,단일로 - 기타,승용,남,68세,상해없음,보행자,남,15세,경상
2013071200100651,2013년 7월 12일 23시,금요일,충청북도 증평군 증평읍,경상사고,0,0,1,0,차대사람 - 횡단중,보행자보호의무위반,기타,기타,교차로 - 교차로안,승용,남,23세,상해없음,보행자,남,22세,경상