사고번호,사고일시,요일,시군구,사고내용,사망자수,중상자수,경상자수,부상신고자수,사고유형,법규위반,노면상태,기상상태,도로형태,가해운전자 차종,가해운전자 성별,가해운전자 연령,가해운전자 상해정도,피해운전자 차종,피해운전자 성별,피해운전자 연령,피해운전자 상해정도
2013071200100652,2013년 7월 12일 23시,금요일,충청북도 단양군 단성면,중상사고,0,1,0,0,차대차 - 측면직각충돌,중앙선침범,습기,비,단일로 - 기타,승용,남,17세,상해없음,승용,남,25세,중상
2013071300100065,2013년 7월 13일 01시,토요일,충청북도 제천시 청전동,경상사고,0,0,3,0,차대차 - 측면직각충돌,직진우회전진행방해,습기,비,교차로 - 교차로안,승용,남,62세,상해없음,승용,남,50세,경상
2013071300100210,2013년 7월 13일 08시,토요일,충청북도 청원군 남일면,경상사고,0,0,1,0,차대차 - 기타,안전운전불이행,건조,맑음,교차로 - 교차로부근,승합,남,47세,상해없음,승용,남,36세,경상
2013071300100265,2013년 7월 13일 10시,토요일,충청북도 청주시 상당구 금천동,중상사고,0,1,0,0,차대차 - 기타,신호위반,건조,맑음,교차로 - 교차로안,승용,남,46세,상해없음,승용,여,47세,중상
2013071300100266,2013년 7월 13일 10시,토요일,충청북도 충주시 호암동,중상사고,0,1,1,0,차대차 - 측면직각충돌,신호위반,건조,맑음,교차로 - 교차로안,원동기,남,72세,중상,승용,남,47세,경상
2013071300100267,2013년 7월 13일 10시,토요일,충청북도 청주시 흥덕구 지동동,경상사고,0,0,2,0,차대차 - 측면직각충돌,안전운전불이행,건조,맑음,교차로 - 교차로부근,승용,남,54세,상해없음,승용,남,40세,경상
2013071300100294,2013년 7월 13일 11시,토요일,충청북도 영동군 영동읍,중상사고,0,1,0,0,차대차 - 기타,교차로운행방법위반,건조,맑음,교차로 - 교차로안,승용,남,63세,상해없음,원동기,남,83세,중상
2013071300100333,2013년 7월 13일 12시,토요일,충청북도 청주시 상당구 내덕동,경상사고,0,0,1,0,차대차 - 기타,교차로운행방법위반,건조,흐림,교차로 - 교차로부근,승용,여,68세,상해없음,자전거,여,41세,경상
2013071300100334,2013년 7월 13일 12시,토요일,충청북도 제천시 신월동,중상사고,0,1,0,0,차대사람 - 기타,안전운전불이행,건조,맑음,교차로 - 교차로부근,화물,남,37세,상해없음,보행자,여,15세,중상
2013071300100335,2013년 7월 13일 12시,토요일,충청북도 제천시 대랑동,경상사고,0,0,1,0,차대차 - 측면직각충돌,안전운전불이행,건조,맑음,기타 - 기타,승용,남,57세,상해없음,승용,남,32세,경상
2013071300100336,2013년 7월 13일 12시,토요일,충청북도 청주시 상당구 용암동,중상사고,0,1,0,0,차대차 - 기타,중앙선침범,건조,맑음,단일로 - 기타,이륜,남,20세,상해없음,이륜,남,43세,중상
2013071300100337,2013년 7월 13일 12시,토요일,충청북도 청원군 남이면,경상사고,0,0,2,0,차대차 - 기타,중앙선침범,건조,흐림,교차로 - 교차로부근,승용,남,51세,상해없음,승용,남,57세,경상
2013071300100373,2013년 7월 13일 13시,토요일,충청북도 제천시 백운면,경상사고,0,0,2,0,차대차 - 측면직각충돌,안전거리미확보,건조,맑음,단일로 - 기타,화물,남,38세,상해없음,승용,남,30세,경상
2013071300100374,2013년 7월 13일 13시,토요일,충청북도 제천시 하소동,경상사고,0,0,1,0,차대차 - 측면직각충돌,안전운전불이행,건조,흐림,교차로 - 교차로부근,승용,남,37세,상해없음,승용,여,33세,상해없음
2013071300100412,2013년 7월 13일 14시,토요일,충청북도 음성군 감곡면,중상사고,0,1,0,0,차량단독 - 기타,안전운전불이행,습기,비,기타 - 기타,승용,남,26세,중상,,,,
2013071300100472,2013년 7월 13일 16시,토요일,충청북도 충주시 교현동,경상사고,0,0,1,0,차대차 - 기타,안전운전불이행,습기,흐림,단일로 - 기타,승용,남,75세,상해없음,원동기,남,21세,경상
2013071300100473,2013년 7월 13일 16시,토요일,충청북도 청주시 흥덕구 사직동,중상사고,0,1,0,0,차대차 - 측면직각충돌,안전운전불이행,건조,맑음,단일로 - 기타,승용,남,30세,상해없음,자전거,남,65세,중상
2013071300100474,2013년 7월 13일 16시,토요일,충청북도 청주시 상당구 방서동,경상사고,0,0,1,0,차대차 - 추돌 - 주정차중,안전운전불이행,건조,맑음,단일로 - 횡단보도부근,승용,남,41세,상해없음,승용,남,41세,경상
2013071300100569,2013년 7월 13일 19시,토요일,충청북도 청주시 상당구 주성동,경상사고,0,0,4,0,차대차 - 추돌 - 주정차중,안전운전불이행,건조,흐림,단일로 - 기타,승용,남,51세,상해없음,승용,남,22세,경상
2013071300100570,2013년 7월 13일 19시,토요일,충청북도 충주시 연수동,경상사고,0,0,6,0,차대차 - 기타,안전거리미확보,습기,비,단일로 - 기타,승용,남,52세,상해없음,승용,여,20세,경상
2013071300100571,2013년 7월 13일 19시,토요일,충청북도 청주시 상당구 영운동,중상사고,0,1,0,0,차대차 - 기타,안전운전불이행,습기,비,교차로 - 교차로안,원동기,남,32세,중상,승용,여,49세,상해없음
2013071300100599,2013년 7월 13일 20시,토요일,충청북도 옥천군 이원면,중상사고,0,1,3,0,차대차 - 측면직각충돌,안전운전불이행,건조,맑음,교차로 - 교차로안,화물,남,54세,상해없음,화물,남,22세,중상
2013071300100654,2013년 7월 13일 22시,토요일,충청북도 충주시 문화동,중상사고,0,1,0,1,차대차 - 기타,안전운전불이행,건조,맑음,교차로 - 교차로부근,승용,남,34세,부상신고,승용,남,50세,중상
2013071300100655,2013년 7월 13일 22시,토요일,충청북도 진천군 진천읍,경상사고,0,0,1,0,차대차 - 측면직각충돌,안전운전불이행,건조,맑음,단일로 - 기타,승용,여,36세,상해없음,이륜,남,16세,경상
2013071300100656,2013년 7월 13일 22시,토요일,충청북도 청주시 상당구 용암동,중상사고,0,1,0,1,차대차 - 기타,안전운전불이행,건조,맑음,교차로 - 교차로안,승용,남,41세,부상신고,승합,남,51세,중상
2013071400100056,2013년 7월 14일 02시,일요일,충청북도 청주시 흥덕구 복대동,중상사고,0,1,1,0,차대차 - 측면직각충돌,안전거리미확보,건조,맑음,단일로 - 기타,이륜,남,16세,상해없음,이륜,남,16세,중상
2013071400100067,2013년 7월 14일 03시,일요일,충청북도 청주시 흥덕구 신봉동,경상사고,0,0,2,0,차대차 - 추돌 - 주정차중,안전운전불이행,건조,맑음,교차로 - 교차로부근,승용,남,28세,상해없음,승용,남,54세,경상
2013071400100087,2013년 7월 14일 04시,일요일,충청북도 청주시 상당구 사천동,경상사고,0,0,1,0,차대차 - 추돌 - 주정차중,안전운전불이행,건조,흐림,교차로 - 교차로부근,승용,남,29세,상해없음,승용,남,39세,경상
2013071400100115,2013년 7월 14일 06시,일요일,충청북도 청원군 오창읍,사망사고,1,1,0,0,차량단독 - 공작물충돌,안전운전불이행,건조,흐림,교차로 - 교차로부근,승용,남,27세,사망,,,,
2013071400100116,2013년 7월 14일 06시,일요일,충청북도 음성군 음성읍,중상사고,0,1,0,0,차량단독 - 전도전복,안전운전불이행,습기,비,단일로 - 기타,승합,남,22세,중상,,,,
2013071400100138,2013년 7월 14일 08시,일요일,충청북도 제천시 청전동,중상사고,0,1,0,0,차대사람 - 횡단중,안전운전불이행,건조,맑음,교차로 - 교차로부근,화물,남,46세,상해없음,보행자,여,79세,중상
2013071400100189,2013년 7월 14일 11시,일요일,충청북도 청주시 흥덕구 미평동,경상사고,0,0,1,0,차대차 - 추돌 - 주정차중,안전운전불이행,습기,비,단일로 - 기타,승용,남,36세,상해없음,승용,남,44세,경상
2013071400100279,2013년 7월 14일 15시,일요일,충청북도 음성군 금왕읍,경상사고,0,0,2,0,차대차 - 기타,교차로운행방법위반,건조,맑음,교차로 - 교차로안,승합,여,50세,상해없음,승용,남,32세,경상
2013071400100280,2013년 7월 14일 15시,일요일,충청북도 단양군 단양읍,중상사고,0,3,0,0,차대차 - 정면충돌,중앙선침범,습기,비,단일로 - 기타,승용,남,33세,중상,화물,남,45세,중상
2013071400100304,2013년 7월 14일 16시,일요일,충청북도 충주시 용관동,사망사고,1,0,0,0,차량단독 - 공작물충돌,안전운전불이행,습기,비,단일로 - 기타,승용,여,27세,사망,,,,
2013071400100330,2013년 7월 14일 17시,일요일,충청북도 청원군 북이면,중상사고,0,5,0,0,차대차 - 추돌 - 주정차중,안전운전불이행,건조,흐림,단일로 - 기타,건설기계,남,37세,상해없음,승용,남,38세,중상
2013071400100331,2013년 7월 14일 17시,일요일,충청북도 옥천군 옥천읍,경상사고,0,0,1,0,차대차 - 측면직각충돌,안전거리미확보,건조,맑음,교차로 - 교차로안,승용,여,30세,상해없음,승용,남,37세,경상
2013071400100358,2013년 7월 14일 18시,일요일,충청북도 청주시 상당구 우암동,경상사고,0,0,1,0,차대차 - 기타,안전거리미확보,건조,맑음,단일로 - 기타,이륜,남,53세,경상,승용,남,59세,상해없음
2013071400100359,2013년 7월 14일 18시,일요일,충청북도 충주시 성남동,중상사고,0,2,0,0,차대차 - 추돌 - 주정차중,안전운전불이행,습기,비,교차로 - 교차로부근,승용,남,49세,상해없음,승용,남,37세,중상
2013071400100360,2013년 7월 14일 18시,일요일,충청북도 충주시 가금면,중상사고,0,2,0,0,차대차 - 측면직각충돌,직진우회전진행방해,건조,맑음,교차로 - 교차로안,승용,여,58세,상해없음,승용,남,34세,중상
2013071400100361,2013년 7월 14일 18시,일요일,충청북도 청주시 흥덕구 산남동,경상사고,0,0,1,0,차대차 - 기타,안전운전불이행,건조,맑음,단일로 - 기타,이륜,남,17세,경상,승용,남,46세,상해없음
2013071400100412,2013년 7월 14일 20시,일요일,충청북도 음성군 맹동면,중상사고,0,1,0,0,차대사람 - 기타,안전운전불이행,습기,비,교차로 - 교차로안,승용,남,33세,상해없음,보행자,남,50세,중상
2013071400100440,2013년 7월 14일 21시,일요일,충청북도 청주시 상당구 용담동,경상사고,0,0,1,0,차대사람 - 기타,안전운전불이행,건조,맑음,단일로 - 기타,승용,남,25세,상해없음,보행자,남,37세,경상
2013071400100496,2013년 7월 14일 23시,일요일,충청북도 제천시 남천동,중상사고,0,1,3,0,차대차 - 측면직각충돌,직진우회전진행방해,습기,맑음,교차로 - 교차로안,승용,남,59세,상해없음,승용,남,39세,경상
2013071400100497,2013년 7월 14일 23시,일요일,충청북도 청주시 흥덕구 가경동,경상사고,0,0,2,0,차대차 - 추돌 - 진행중,안전운전불이행,건조,맑음,교차로 - 교차로부근,승용,남,36세,상해없음,승용,남,47세,경상
2013071500100007,2013년 7월 15일 00시,월요일,충청북도 충주시 노은면,중상사고,0,3,4,0,차대차 - 정면충돌,안전운전불이행,건조,흐림,단일로 - 기타,승용,남,24세,경상,화물,남,63세,경상
2013071500100035,2013년 7월 15일 04시,월요일,충청북도 청주시 흥덕구 분평동,사망사고,1,1,1,0,차대차 - 측면직각충돌,신호위반,건조,맑음,교차로 - 교차로안,승용,남,66세,상해없음,승용,남,75세,중상
2013071500100051,2013년 7월 15일 06시,월요일,충청북도 청주시 흥덕구 복대동,중상사고,0,1,0,0,차대차 - 추돌 - 진행중,안전운전불이행,건조,맑음,교차로 - 교차로안,승용,남,54세,상해없음,자전거,남,72세,중상
2013071500100075,2013년 7월 15일 07시,월요일,충청북도 음성군 원남면,중상사고,0,1,0,0,차대차 - 기타,차로위반,건조,맑음,단일로 - 기타,승용,남,41세,상해없음,화물,여,29세,중상
2013071500100121,2013년 7월 15일 08시,월요일,충청북도 충주시 목행동,중상사고,0,1,0,0,차대차 - 추돌 - 진행중,안전거리미확보,습기,흐림,단일로 - 기타,화물,남,49세,상해없음,승용,남,23세,중상
2013071500100122,2013년 7월 15일 08시,월요일,충청북도 충주시 문화동,중상사고,0,1,0,0,차대차 - 추돌 - 진행중,안전거리미확보,건조,맑음,단일로 - 기타,승용,남,33세,상해없음,이륜,남,55세,중상
2013071500100123,2013년 7월 15일 08시,월요일,충청북도 제천시 청전동,중상사고,0,1,1,0,차대차 - 기타,안전거리미확보,습기,비,교차로 - 교차로부근,승용,남,24세,상해없음,화물,남,54세,중상
2013071500100158,2013년 7월 15일 09시,월요일,충청북도 청주시 흥덕구 신봉동,경상사고,0,0,2,0,차대차 - 추돌 - 진행중,안전거리미확보,건조,맑음,단일로 - 기타,승용,여,38세,상해없음,승용,여,28세,경상
2013071500100181,2013년 7월 15일 10시,월요일,충청북도 충주시 문화동,경상사고,0,0,1,0,차대차 - 측면직각충돌,안전운전불이행,습기,흐림,교차로 - 교차로부근,승용,여,30세,상해없음,자전거,남,68세,경상
2013071500100182,2013년 7월 15일 10시,월요일,충청북도 옥천군 옥천읍,경상사고,0,0,1,0,차대차 - 측면직각충돌,안전운전불이행,건조,맑음,교차로 - 교차로안,승용,여,44세,상해없음,자전거,남,55세,경상
2013071500100183,2013년 7월 15일 10시,월요일,충청북도 청주시 흥덕구 복대동,중상사고,0,1,0,0,차대사람 - 길가장자리구역통행중,안전운전불이행,건조,맑음,교차로 - 교차로부근,승용,남,42세,상해없음,보행자,남,30세,중상
2013071500100184,2013년 7월 15일 10시,월요일,충청북도 청원군 문의면,중상사고,0,1,0,0,차대차 - 기타,안전운전불이행,건조,맑음,단일로 - 기타,이륜,남,79세,중상,화물,남,60세,상해없음
2013071500100312,2013년 7월 15일 15시,월요일,충청북도 청주시 흥덕구 수곡동,경상사고,0,0,1,0,차량단독 - 기타,안전운전불이행,건조,맑음,단일로 - 기타,승합,남,59세,상해없음,,,,
2013071500100343,2013년 7월 15일 16시,월요일,충청북도 보은군 마로면,경상사고,0,0,2,0,차대차 - 측면직각충돌,안전운전불이행,건조,맑음,단일로 - 기타,화물,여,52세,경상,승용,남,44세,경상
2013071500100344,2013년 7월 15일 16시,월요일,충청북도 음성군 대소면,중상사고,0,1,1,0,차대차 - 기타,교차로운행방법위반,건조,맑음,교차로 - 교차로안,화물,남,65세,상해없음,승용,남,65세,상해없음
2013071500100383,2013년 7월 15일 17시,월요일,충청북도 충주시 안림동,중상사고,0,2,0,1,차대차 - 추돌 - 진행중,중앙선침범,건조,흐림,단일로 - 기타,승용,여,45세,부상신고,승용,여,42세,중상
2013071500100384,2013년 7월 15일 17시,월요일,충청북도 제천시 의림동,경상사고,0,0,2,0,차대차 - 기타,안전운전불이행,건조,맑음,단일로 - 기타,승용,남,41세,상해없음,승용,남,56세,경상
2013071500100423,2013년 7월 15일 18시,월요일,충청북도 충주시 호암동,중상사고,0,1,1,0,차대차 - 추돌 - 진행중,직진우회전진행방해,건조,맑음,교차로 - 교차로안,승합,남,57세,상해없음,승용,남,51세,경상
2013071500100454,2013년 7월 15일 19시,월요일,충청북도 청주시 상당구 용정동,중상사고,0,1,0,0,차대사람 - 기타,안전운전불이행,건조,맑음,기타 - 기타,화물,남,44세,상해없음,보행자,남,3세,중상
2013071500100491,2013년 7월 15일 20시,월요일,충청북도 청주시 흥덕구 사창동,경상사고,0,0,1,0,차대사람 - 기타,기타,습기,비,단일로 - 기타,승용,남,47세,상해없음,보행자,남,19세,경상
2013071500100492,2013년 7월 15일 20시,월요일,충청북도 음성군 감곡면,중상사고,0,1,0,0,차량단독 - 전도전복,안전운전불이행,습기,비,단일로 - 기타,승용,남,46세,중상,,,,
2013071500100521,2013년 7월 15일 21시,월요일,충청북도 청주시 상당구 명암동,경상사고,0,0,2,0,차대차 - 측면직각충돌,중앙선침범,건조,맑음,단일로 - 기타,승용,남,26세,상해없음,승용,남,34세,경상
2013071500100581,2013년 7월 15일 23시,월요일,충청북도 청주시 흥덕구 복대동,경상사고,0,0,3,0,차대차 - 측면직각충돌,교차로운행방법위반,건조,맑음,교차로 - 교차로안,승용,남,30세,경상,승용,남,46세,경상
2013071600100050,2013년 7월 16일 04시,화요일,충청북도 단양군 매포읍,사망사고,1,0,0,0,차량단독 - 전도전복,안전운전불이행,건조,맑음,교차로 - 교차로안,원동기,여,46세,사망,,,,
2013071600100067,2013년 7월 16일 06시,화요일,충청북도 청주시 흥덕구 봉명동,경상사고,0,0,3,0,차대차 - 측면직각충돌,차로위반,건조,맑음,단일로 - 기타,승용,여,46세,상해없음,승용,남,65세,경상
2013071600100086,2013년 7월 16일 07시,화요일,충청북도 청원군 오창읍,중상사고,0,1,0,0,차대차 - 측면직각충돌,안전운전불이행,건조,맑음,교차로 - 교차로부근,승용,남,70세,상해없음,자전거,남,16세,중상
2013071600100087,2013년 7월 16일 07시,화요일,충청북도 청원군 오송읍,경상사고,0,0,2,0,차대차 - 측면직각충돌,교차로운행방법위반,건조,맑음,교차로 - 교차로안,승용,남,52세,경상,화물,남,65세,경상
2013071600100122,2013년 7월 16일 08시,화요일,충청북도 청주시 상당구 남문로1가동,중상사고,0,1,0,0,차대사람 - 횡단중,안전운전불이행,건조,맑음,교차로 - 교차로부근,승용,여,42세,상해없음,보행자,여,40세,중상
2013071600100123,2013년 7월 16일 08시,화요일,충청북도 충주시 교현동,부상신고사고,0,0,0,1,차대차 - 기타,중앙선침범,건조,맑음,단일로 - 기타,자전거,남,15세,부상신고,승용,여,43세,상해없음
2013071600100124,2013년 7월 16일 08시,화요일,충청북도 충주시 호암동,경상사고,0,0,1,0,차량단독 - 전도전복,안전운전불이행,건조,맑음,교차로 - 교차로부근,원동기,여,20세,경상,,,,
2013071600100125,2013년 7월 16일 08시,화요일,충청북도 청주시 흥덕구 수곡동,경상사고,0,0,3,0,차대차 - 추돌 - 주정차중,안전운전불이행,건조,맑음,교차로 - 교차로부근,승용,여,31세,상해없음,승용,여,56세,경상
2013071600100160,2013년 7월 16일 09시,화요일,충청북도 충주시 대소원면,중상사고,0,1,0,0,차대차 - 추돌 - 주정차중,안전운전불이행,건조,맑음,단일로 - 기타,화물,남,35세,상해없음,승용,남,41세,상해없음
2013071600100161,2013년 7월 16일 09시,화요일,충청북도 음성군 대소면,중상사고,0,1,0,0,차대차 - 기타,중앙선침범,건조,맑음,단일로 - 기타,승용,남,57세,상해없음,승용,여,43세,중상
2013071600100162,2013년 7월 16일 09시,화요일,충청북도 청주시 흥덕구 사창동,경상사고,0,0,2,0,차대차 - 추돌 - 주정차중,안전운전불이행,건조,맑음,단일로 - 기타,승용,남,30세,상해없음,승용,여,35세,경상
2013071600100190,2013년 7월 16일 10시,화요일,충청북도 청원군 오창읍,경상사고,0,0,3,0,차대차 - 측면직각충돌,교차로운행방법위반,건조,맑음,교차로 - 교차로안,승용,여,49세,경상,승용,남,29세,경상
2013071600100191,2013년 7월 16일 10시,화요일,충청북도 제천시 덕산면,경상사고,0,0,1,0,차대차 - 기타,안전운전불이행,건조,맑음,단일로 - 기타,승용,남,56세,상해없음,승용,여,55세,경상
2013071600100192,2013년 7월 16일 10시,화요일,충청북도 옥천군 옥천읍,중상사고,0,1,0,0,차대차 - 측면직각충돌,교차로운행방법위반,건조,맑음,교차로 - 교차로안,승용,여,50세,상해없음,이륜,남,77세,중상
2013071600100264,2013년 7월 16일 13시,화요일,충청북도 충주시 산척면,사망사고,2,0,0,0,차대차 - 추돌 - 진행중,신호위반,건조,맑음,교차로 - 교차로안,특수,남,50세,상해없음,승용,여,44세,사망
2013071600100265,2013년 7월 16일 13시,화요일,충청북도 청주시 흥덕구 모충동,경상사고,0,0,1,0,차대차 - 추돌 - 주정차중,안전운전불이행,건조,맑음,단일로 - 기타,화물,남,38세,상해없음,승용,남,54세,상해없음
2013071600100301,2013년 7월 16일 14시,화요일,충청북도 청주시 상당구 문화동,경상사고,0,0,2,0,차대차 - 측면직각충돌,교차로운행방법위반,건조,맑음,교차로 - 교차로안,승용,남,59세,경상,승용,남,32세,경상
2013071600100302,2013년 7월 16일 14시,화요일,충청북도 청주시 흥덕구 사창동,중상사고,0,1,0,0,차대사람 - 횡단중,안전운전불이행,건조,맑음,단일로 - 기타,승용,남,52세,상해없음,보행자,남,21세,중상
2013071600100332,2013년 7월 16일 15시,화요일,충청북도 음성군 삼성면,경상사고,0,0,1,0,차대차 - 기타,교차로운행방법위반,건조,맑음,교차로 - 교차로안,승용,남,54세,상해없음,승용,남,38세,경상
2013071600100333,2013년 7월 16일 15시,화요일,충청북도 진천군 진천읍,중상사고,0,1,0,0,차대사람 - 횡단중,안전운전불이행,습기,흐림,단일로 - 기타,승용,남,67세,상해없음,보행자,여,7세,중상
2013071600100368,2013년 7월 16일 16시,화요일,충청북도 청주시 흥덕구 가경동,경상사고,0,0,2,0,차대차 - 측면직각충돌,신호위반,건조,맑음,교차로 - 교차로안,승용,남,44세,상해없음,승용,남,57세,경상
2013071600100394,2013년 7월 16일 17시,화요일,충청북도 청원군 오창읍,경상사고,0,0,1,0,차대차 - 측면직각충돌,안전운전불이행,건조,맑음,단일로 - 기타,화물,남,49세,상해없음,승용,여,36세,경상
2013071600100395,2013년 7월 16일 17시,화요일,충청북도 청주시 흥덕구 수곡동,경상사고,0,0,1,0,차대차 - 기타,안전운전불이행,건조,맑음,교차로 - 교차로부근,승합,여,53세,상해없음,화물,남,60세,경상
2013071600100430,2013년 7월 16일 18시,화요일,충청북도 청주시 흥덕구 복대동,경상사고,0,0,2,0,차대차 - 추돌 - 진행중,안전운전불이행,건조,맑음,교차로 - 교차로안,승용,여,28세,상해없음,승용,남,35세,경상
2013071600100462,2013년 7월 16일 19시,화요일,충청북도 음성군 대소면,경상사고,0,0,1,0,차대사람 - 기타,안전운전불이행,습기,비,단일로 - 기타,승용,남,44세,상해없음,보행자,남,32세,경상
2013071600100490,2013년 7월 16일 20시,화요일,충청북도 청주시 흥덕구 운천동,경상사고,0,0,2,0,차대차 - 측면직각충돌,안전운전불이행,건조,맑음,교차로 - 교차로안,승용,남,38세,상해없음,자전거,남,14세,경상
2013071600100491,2013년 7월 16일 20시,화요일,충청북도 청주시 흥덕구 죽림동,경상사고,0,0,1,0,차대차 - 추돌 - 주정차중,안전운전불이행,건조,맑음,교차로 - 교차로안,승용,남,60세,상해없음,승용,남,22세,경상
2013071600100518,2013년 7월 16일 21시,화요일,충청북도 청주시 흥덕구 성화동,경상사고,0,0,2,0,차대차 - 측면직각충돌,안전운전불이행,건조,맑음,교차로 - 교차로안,승용,남,59세,상해없음,승용,여,29세,경상
2013071600100519,2013년 7월 16일 21시,화요일,충청북도 청주시 상당구 영운동,중상사고,0,1,0,0,차대사람 - 횡단중,안전운전불이행,건조,맑음,단일로 - 기타,승용,남,55세,상해없음,보행자,남,67세,중상
2013071600100556,2013년 7월 16일 22시,화요일,충청북도 청주시 흥덕구 사창동,경상사고,0,0,1,0,차대사람 - 길가장자리구역통행중,안전운전불이행,건조,맑음,교차로 - 교차로안,승용,남,44세,상해없음,보행자,남,44세,경상
2013071600100588,2013년 7월 16일 23시,화요일,충청북도 진천군 진천읍,경상사고,0,0,2,0,차대차 - 추돌 - 진행중,안전운전불이행,습기,비,교차로 - 교차로부근,승용,남,32세,상해없음,승용,남,43세,경상
2013071700100020,2013년 7월 17일 00시,수요일,충청북도 청주시 흥덕구 성화동,경상사고,0,0,1,0,차대차 - 측면직각충돌,안전거리미확보,건조,맑음,단일로 - 기타,승용,여,35세,상해없음,승용,남,38세,경상
2013071700100107,2013년 7월 17일 07시,수요일,충청북도 청원군 남이면,사망사고,1,0,0,0,차대차 - 추돌 - 진행중,안전거리미확보,건조,흐림,단일로 - 기타,화물,남,58세,사망,화물,남,54세,상해없음
2013071700100133,2013년 7월 17일 08시,수요일,충청북도 충주시 칠금동,중상사고,0,1,3,0,차대차 - 추돌 - 진행중,신호위반,습기,비,교차로 - 교차로안,승용,남,25세,경상,승용,여,33세,중상
2013071700100135,2013년 7월 17일 08시,수요일,충청북도 청주시 흥덕구 개신동,중상사고,0,1,0,0,차대차 - 추돌 - 주정차중,교차로운행방법위반,건조,맑음,교차로 - 교차로안,승합,남,48세,상해없음,승용,여,37세,중상
2013071700100136,2013년 7월 17일 08시,수요일,충청북도 청주시 흥덕구 봉명동,경상사고,0,0,1,0,차대차 - 기타,안전운전불이행,건조,맑음,단일로 - 기타,승용,여,29세,상해없음,승용,남,57세,상해없음
2013071700100137,2013년 7월 17일 08시,수요일,충청북도 청주시 흥덕구 수곡동,경상사고,0,0,1,0,차대차 - 추돌 - 주정차중,안전운전불이행,건조,맑음,단일로 - 기타,화물,남,50세,상해없음,승용,남,21세,경상
2013071700100174,2013년 7월 17일 09시,수요일,충청북도 청주시 상당구 내덕동,중상사고,0,2,0,0,차대차 - 측면직각충돌,중앙선침범,건조,맑음,단일로 - 기타,승용,남,44세,상해없음,승용,여,45세,중상
2013071700100215,2013년 7월 17일 11시,수요일,충청북도 청주시 상당구 율량동,중상사고,0,1,0,0,차대사람 - 횡단중,보행자보호의무위반,건조,맑음,교차로 - 교차로부근,승용,남,77세,상해없음,보행자,여,72세,중상
2013071700100242,2013년 7월 17일 12시,수요일,충청북도 충주시 칠금동,중상사고,0,1,0,0,차대차 - 기타,안전운전불이행,습기,흐림,교차로 - 교차로부근,승용,남,47세,상해없음,이륜,여,36세,중상
2013071700100245,2013년 7월 17일 12시,수요일,충청북도 청원군 현도면,중상사고,0,2,0,0,차대차 - 추돌 - 진행중,안전운전불이행,건조,맑음,단일로 - 기타,승용,남,38세,상해없음,승용,남,56세,중상
2013071700100280,2013년 7월 17일 13시,수요일,충청북도 괴산군 사리면,중상사고,0,1,0,0,차대차 - 측면직각충돌,직진우회전진행방해,건조,맑음,교차로 - 교차로안,승용,남,47세,상해없음,이륜,남,80세,중상
2013071700100390,2013년 7월 17일 16시,수요일,충청북도 청원군 내수읍,경상사고,0,0,5,0,차대차 - 추돌 - 주정차중,안전거리미확보,건조,맑음,교차로 - 교차로부근,승합,남,43세,상해없음,화물,여,49세,상해없음
2013071700100391,2013년 7월 17일 16시,수요일,충청북도 제천시 덕산면,중상사고,0,1,1,0,차대차 - 기타,안전운전불이행,건조,맑음,기타 - 기타,승용,여,61세,상해없음,화물,여,53세,중상
2013071700100392,2013년 7월 17일 16시,수요일,충청북도 청주시 흥덕구 개신동,중상사고,0,1,2,0,차대차 - 추돌 - 진행중,과속,건조,맑음,단일로 - 기타,승용,남,54세,상해없음,승용,남,50세,상해없음
2013071700100393,2013년 7월 17일 16시,수요일,충청북도 청주시 상당구 용암동,경상사고,0,0,1,0,차량단독 - 기타,안전운전불이행,건조,맑음,단일로 - 기타,승합,남,41세,상해없음,,,,
2013071700100430,2013년 7월 17일 17시,수요일,충청북도 청주시 상당구 용암동,경상사고,0,0,3,0,차대차 - 기타,안전운전불이행,건조,맑음,교차로 - 교차로부근,승용,남,32세,경상,승용,여,42세,경상
2013071700100464,2013년 7월 17일 18시,수요일,충청북도 청주시 흥덕구 복대동,경상사고,0,0,1,0,차대차 - 측면직각충돌,안전운전불이행,건조,맑음,미분류 - 미분류,승용,여,51세,상해없음,승용,여,33세,경상
2013071700100509,2013년 7월 17일 19시,수요일,충청북도 제천시 금성면,경상사고,0,0,2,0,차대차 - 측면직각충돌,안전운전불이행,습기,비,단일로 - 기타,승용,남,54세,상해없음,승용,남,27세,경상
2013071700100510,2013년 7월 17일 19시,수요일,충청북도 충주시 지현동,중상사고,0,1,0,0,차대차 - 기타,안전운전불이행,건조,맑음,교차로 - 교차로안,화물,여,49세,상해없음,승용,여,52세,중상
2013071700100543,2013년 7월 17일 20시,수요일,충청북도 청주시 상당구 율량동,경상사고,0,0,1,0,차대차 - 추돌 - 주정차중,안전운전불이행,건조,맑음,교차로 - 교차로부근,승용,여,40세,상해없음,승용,여,51세,경상
2013071700100610,2013년 7월 17일 22시,수요일,충청북도 충주시 연수동,중상사고,0,1,0,0,차대사람 - 기타,안전운전불이행,건조,맑음,단일로 - 기타,승용,여,46세,상해없음,보행자,남,50세,중상