사고번호,사고일시,요일,시군구,사고내용,사망자수,중상자수,경상자수,부상신고자수,사고유형,법규위반,노면상태,기상상태,도로형태,가해운전자 차종,가해운전자 성별,가해운전자 연령,가해운전자 상해정도,피해운전자 차종,피해운전자 성별,피해운전자 연령,피해운전자 상해정도
2013071700100611,2013년 7월 17일 22시,수요일,충청북도 충주시 봉방동,경상사고,0,0,1,0,차대사람 - 기타,안전운전불이행,건조,맑음,교차로 - 교차로부근,승용,남,34세,상해없음,보행자,남,43세,경상
2013071700100612,2013년 7월 17일 22시,수요일,충청북도 청주시 흥덕구 향정동,중상사고,0,2,3,0,차대차 - 추돌 - 주정차중,안전운전불이행,건조,맑음,교차로 - 교차로부근,화물,남,36세,상해없음,승용,남,54세,경상
2013071700100613,2013년 7월 17일 22시,수요일,충청북도 청주시 상당구 용암동,경상사고,0,0,6,0,차대차 - 기타,안전운전불이행,건조,흐림,교차로 - 교차로부근,승용,남,31세,상해없음,승용,남,37세,경상
2013071800100019,2013년 7월 18일 00시,목요일,충청북도 청주시 상당구 용암동,경상사고,0,0,1,0,차대사람 - 횡단중,안전운전불이행,습기,맑음,교차로 - 교차로안,승용,남,29세,상해없음,보행자,남,59세,경상
2013071800100061,2013년 7월 18일 02시,목요일,충청북도 충주시 대소원면,경상사고,0,0,1,0,차대차 - 추돌 - 주정차중,안전운전불이행,건조,맑음,단일로 - 기타,승용,남,32세,상해없음,승용,남,24세,상해없음
2013071800100127,2013년 7월 18일 07시,목요일,충청북도 청주시 상당구 내덕동,중상사고,0,1,1,0,차대사람 - 횡단중,신호위반,건조,맑음,단일로 - 기타,승용,여,69세,상해없음,보행자,남,10세,중상
2013071800100159,2013년 7월 18일 08시,목요일,충청북도 청주시 흥덕구 성화동,중상사고,0,2,0,0,차대차 - 측면직각충돌,안전거리미확보,건조,맑음,단일로 - 기타,승용,여,28세,중상,승용,여,46세,중상
2013071800100160,2013년 7월 18일 08시,목요일,충청북도 청주시 흥덕구 복대동,중상사고,0,1,0,0,차대사람 - 기타,안전운전불이행,건조,맑음,교차로 - 교차로부근,승용,기타불명,기타불명,기타불명,보행자,여,33세,중상
2013071800100225,2013년 7월 18일 11시,목요일,충청북도 제천시 고암동,중상사고,0,2,1,0,차대차 - 기타,안전운전불이행,습기,비,교차로 - 교차로부근,승용,남,60세,상해없음,승용,남,61세,중상
2013071800100226,2013년 7월 18일 11시,목요일,충청북도 청주시 흥덕구 가경동,중상사고,0,2,0,0,차대차 - 추돌 - 주정차중,안전운전불이행,건조,맑음,단일로 - 기타,승용,여,61세,상해없음,승용,남,41세,중상
2013071800100245,2013년 7월 18일 12시,목요일,충청북도 청주시 흥덕구 개신동,중상사고,0,1,0,0,차대차 - 기타,교차로운행방법위반,건조,맑음,교차로 - 교차로안,자전거,남,24세,중상,승용,남,27세,상해없음
2013071800100290,2013년 7월 18일 14시,목요일,충청북도 청주시 상당구 방서동,경상사고,0,0,2,0,차대차 - 측면직각충돌,안전운전불이행,건조,맑음,기타 - 기타,승용,남,36세,상해없음,승용,여,53세,기타불명
2013071800100291,2013년 7월 18일 14시,목요일,충청북도 충주시 대소원면,경상사고,0,0,1,0,차대차 - 추돌 - 진행중,안전거리미확보,건조,맑음,단일로 - 기타,승용,남,38세,상해없음,승용,여,50세,경상
2013071800100395,2013년 7월 18일 17시,목요일,충청북도 충주시 목행동,중상사고,0,1,1,0,차대차 - 측면직각충돌,신호위반,건조,흐림,교차로 - 교차로안,승용,남,24세,상해없음,승용,남,54세,경상
2013071800100396,2013년 7월 18일 17시,목요일,충청북도 청주시 흥덕구 분평동,중상사고,0,1,2,0,차대차 - 기타,안전운전불이행,건조,맑음,기타 - 기타,승용,여,33세,경상,자전거,여,14세,중상
2013071800100440,2013년 7월 18일 18시,목요일,충청북도 제천시 고암동,경상사고,0,0,3,0,차대차 - 기타,안전운전불이행,건조,맑음,단일로 - 기타,화물,남,59세,상해없음,승용,남,45세,경상
2013071800100441,2013년 7월 18일 18시,목요일,충청북도 제천시 고암동,경상사고,0,0,1,0,차대사람 - 기타,안전운전불이행,건조,맑음,기타 - 기타,승용,남,18세,상해없음,보행자,남,15세,경상
2013071800100442,2013년 7월 18일 18시,목요일,충청북도 음성군 대소면,중상사고,0,1,0,0,차대차 - 기타,기타,건조,맑음,교차로 - 교차로안,승용,남,55세,상해없음,승용,여,34세,중상
2013071800100443,2013년 7월 18일 18시,목요일,충청북도 청주시 흥덕구 가경동,경상사고,0,0,5,0,차대차 - 측면직각충돌,교차로운행방법위반,건조,맑음,교차로 - 교차로안,승용,여,29세,경상,승용,남,40세,경상
2013071800100444,2013년 7월 18일 18시,목요일,충청북도 청주시 흥덕구 사직동,경상사고,0,0,1,0,차대차 - 측면직각충돌,안전운전불이행,건조,맑음,단일로 - 기타,이륜,남,18세,경상,승용,남,41세,상해없음
2013071800100512,2013년 7월 18일 20시,목요일,충청북도 영동군 양강면,경상사고,0,0,1,0,차대차 - 기타,안전운전불이행,건조,맑음,기타 - 기타,원동기,남,46세,경상,승용,남,53세,상해없음
2013071800100557,2013년 7월 18일 21시,목요일,충청북도 청원군 강내면,사망사고,1,0,0,0,차대차 - 추돌 - 주정차중,안전거리미확보,건조,맑음,단일로 - 기타,화물,남,33세,상해없음,승용,남,30세,사망
2013071800100596,2013년 7월 18일 22시,목요일,충청북도 청주시 상당구 내덕동,경상사고,0,0,1,0,차대차 - 기타,보행자보호의무위반,건조,맑음,교차로 - 교차로부근,기타불명,기타불명,기타불명,기타불명,자전거,남,12세,경상
2013071800100597,2013년 7월 18일 22시,목요일,충청북도 영동군 심천면,중상사고,0,1,0,0,차대사람 - 횡단중,안전운전불이행,건조,맑음,단일로 - 기타,승합,남,42세,상해없음,보행자,여,72세,중상
2013071800100628,2013년 7월 18일 23시,목요일,충청북도 청주시 상당구 북문로1가동,중상사고,0,2,2,0,차대차 - 추돌 - 주정차중,안전운전불이행,건조,맑음,교차로 - 교차로부근,승용,남,25세,상해없음,승용,여,46세,중상
2013071800100629,2013년 7월 18일 23시,목요일,충청북도 청주시 상당구 명암동,경상사고,0,0,1,0,차량단독 - 공작물충돌,안전운전불이행,건조,맑음,단일로 - 기타,승용,남,23세,경상,,,,
2013071900100035,2013년 7월 19일 01시,금요일,충청북도 제천시 명동,중상사고,0,1,0,0,차대차 - 기타,신호위반,건조,맑음,교차로 - 교차로안,승용,남,24세,상해없음,승용,여,45세,중상
2013071900100036,2013년 7월 19일 01시,금요일,충청북도 청주시 흥덕구 봉명동,경상사고,0,0,2,0,차대차 - 추돌 - 진행중,안전거리미확보,건조,맑음,교차로 - 교차로부근,승용,남,52세,상해없음,승용,남,33세,경상
2013071900100037,2013년 7월 19일 01시,금요일,충청북도 청주시 흥덕구 강서동,경상사고,0,0,1,0,차대차 - 추돌 - 주정차중,안전운전불이행,건조,맑음,교차로 - 교차로부근,승용,남,40세,상해없음,승용,남,40세,경상
2013071900100038,2013년 7월 19일 01시,금요일,충청북도 청주시 흥덕구 개신동,경상사고,0,0,1,0,차대차 - 추돌 - 진행중,안전운전불이행,건조,맑음,단일로 - 기타,승용,남,53세,상해없음,승용,남,36세,경상
2013071900100054,2013년 7월 19일 02시,금요일,충청북도 청주시 상당구 월오동,경상사고,0,0,1,0,차량단독 - 공작물충돌,안전운전불이행,건조,맑음,단일로 - 기타,승용,남,58세,상해없음,,,,
2013071900100083,2013년 7월 19일 06시,금요일,충청북도 괴산군 소수면,중상사고,0,1,0,0,차량단독 - 공작물충돌,안전운전불이행,습기,안개,단일로 - 기타,이륜,남,45세,중상,,,,
2013071900100084,2013년 7월 19일 06시,금요일,충청북도 청주시 흥덕구 복대동,경상사고,0,0,1,0,차대사람 - 길가장자리구역통행중,안전운전불이행,건조,맑음,단일로 - 기타,승용,남,29세,상해없음,보행자,남,28세,경상
2013071900100102,2013년 7월 19일 07시,금요일,충청북도 청원군 오창읍,경상사고,0,0,1,0,차대차 - 측면직각충돌,안전운전불이행,건조,맑음,교차로 - 교차로안,승용,남,30세,상해없음,화물,남,60세,경상
2013071900100130,2013년 7월 19일 08시,금요일,충청북도 제천시 화산동,중상사고,0,1,0,0,차대차 - 측면직각충돌,직진우회전진행방해,건조,맑음,교차로 - 교차로안,승용,남,41세,상해없음,승용,남,36세,중상
2013071900100166,2013년 7월 19일 09시,금요일,충청북도 청원군 오송읍,경상사고,0,0,1,0,차대사람 - 길가장자리구역통행중,안전운전불이행,건조,맑음,단일로 - 기타,승용,여,29세,상해없음,보행자,여,79세,경상
2013071900100189,2013년 7월 19일 10시,금요일,충청북도 충주시 신니면,중상사고,0,1,0,0,차대사람 - 기타,안전운전불이행,건조,맑음,단일로 - 기타,화물,남,30세,상해없음,보행자,남,1세,중상
2013071900100190,2013년 7월 19일 10시,금요일,충청북도 충주시 대소원면,중상사고,0,1,0,1,차대차 - 추돌 - 주정차중,안전거리미확보,습기,비,교차로 - 교차로부근,승용,여,30세,부상신고,승용,남,70세,중상
2013071900100191,2013년 7월 19일 10시,금요일,충청북도 청주시 흥덕구 복대동,중상사고,0,1,0,0,차대차 - 측면직각충돌,안전운전불이행,건조,맑음,교차로 - 교차로안,화물,남,36세,상해없음,이륜,남,83세,중상
2013071900100216,2013년 7월 19일 11시,금요일,충청북도 보은군 삼승면,사망사고,1,0,0,0,차대차 - 측면직각충돌,교차로운행방법위반,건조,맑음,교차로 - 교차로안,화물,남,58세,상해없음,이륜,남,62세,사망
2013071900100217,2013년 7월 19일 11시,금요일,충청북도 청주시 흥덕구 사창동,경상사고,0,0,1,0,차량단독 - 기타,기타,건조,맑음,단일로 - 기타,승용,남,54세,상해없음,,,,
2013071900100218,2013년 7월 19일 11시,금요일,충청북도 청주시 상당구 용정동,경상사고,0,0,5,0,차대차 - 기타,교차로운행방법위반,건조,맑음,교차로 - 교차로안,승용,여,44세,경상,화물,남,50세,경상
2013071900100278,2013년 7월 19일 13시,금요일,충청북도 제천시 의림동,중상사고,0,1,1,0,차대차 - 측면직각충돌,직진우회전진행방해,건조,맑음,교차로 - 교차로안,화물,남,76세,상해없음,승용,여,23세,중상
2013071900100316,2013년 7월 19일 14시,금요일,충청북도 청원군 강내면,경상사고,0,0,1,0,차대차 - 측면직각충돌,교차로운행방법위반,건조,맑음,교차로 - 교차로안,승용,남,51세,상해없음,화물,남,38세,경상
2013071900100351,2013년 7월 19일 15시,금요일,충청북도 진천군 덕산면,중상사고,0,1,0,0,차대차 - 측면직각충돌,중앙선침범,건조,맑음,교차로 - 교차로부근,화물,남,35세,기타불명,특수,남,57세,중상
2013071900100409,2013년 7월 19일 17시,금요일,충청북도 청주시 상당구 남문로1가동,중상사고,0,1,0,0,차대차 - 측면직각충돌,안전운전불이행,건조,맑음,단일로 - 기타,승용,여,48세,상해없음,이륜,남,20세,중상
2013071900100410,2013년 7월 19일 17시,금요일,충청북도 음성군 생극면,경상사고,0,0,2,0,차대차 - 기타,교차로운행방법위반,건조,맑음,교차로 - 교차로안,원동기,남,64세,경상,화물,남,36세,경상
2013071900100464,2013년 7월 19일 18시,금요일,충청북도 청주시 상당구 오동동,경상사고,0,0,1,0,차대차 - 기타,안전운전불이행,건조,맑음,단일로 - 기타,승용,남,25세,상해없음,승용,남,40세,경상
2013071900100465,2013년 7월 19일 18시,금요일,충청북도 충주시 칠금동,경상사고,0,0,1,0,차대차 - 기타,안전운전불이행,습기,맑음,교차로 - 교차로부근,승용,여,34세,상해없음,자전거,남,9세,경상
2013071900100466,2013년 7월 19일 18시,금요일,충청북도 충주시 대소원면,경상사고,0,0,4,0,차대차 - 기타,안전운전불이행,습기,비,단일로 - 기타,승용,남,40세,경상,승용,여,49세,상해없음
2013071900100467,2013년 7월 19일 18시,금요일,충청북도 충주시 주덕읍,경상사고,0,0,1,0,차대차 - 기타,안전운전불이행,건조,맑음,단일로 - 기타,승용,남,35세,상해없음,승용,남,33세,경상
2013071900100468,2013년 7월 19일 18시,금요일,충청북도 보은군 산외면,중상사고,0,1,0,0,차대차 - 측면직각충돌,교차로운행방법위반,건조,맑음,교차로 - 교차로안,승용,남,69세,상해없음,화물,남,67세,중상
2013071900100469,2013년 7월 19일 18시,금요일,충청북도 청주시 흥덕구 복대동,경상사고,0,0,1,0,차대사람 - 기타,안전운전불이행,건조,맑음,단일로 - 기타,승용,남,40세,상해없음,보행자,남,44세,경상
2013071900100509,2013년 7월 19일 19시,금요일,충청북도 증평군 증평읍,경상사고,0,0,2,0,차대차 - 추돌 - 주정차중,안전거리미확보,건조,맑음,단일로 - 기타,승합,남,20세,상해없음,승합,남,42세,경상
2013071900100510,2013년 7월 19일 19시,금요일,충청북도 청주시 흥덕구 복대동,경상사고,0,0,1,0,차대차 - 추돌 - 진행중,안전운전불이행,건조,맑음,단일로 - 기타,이륜,남,27세,경상,화물,남,55세,상해없음
2013071900100545,2013년 7월 19일 20시,금요일,충청북도 옥천군 옥천읍,경상사고,0,0,2,0,차대차 - 측면직각충돌,안전운전불이행,건조,맑음,교차로 - 교차로안,화물,남,22세,상해없음,승용,남,58세,경상
2013071900100584,2013년 7월 19일 21시,금요일,충청북도 청주시 흥덕구 모충동,중상사고,0,1,0,0,차대사람 - 횡단중,안전운전불이행,건조,맑음,단일로 - 기타,화물,남,44세,기타불명,보행자,여,19세,중상
2013072000100013,2013년 7월 20일 00시,토요일,충청북도 충주시 칠금동,경상사고,0,0,1,0,차대사람 - 기타,안전운전불이행,건조,맑음,단일로 - 기타,승용,여,50세,상해없음,보행자,남,19세,경상
2013072000100014,2013년 7월 20일 00시,토요일,충청북도 청원군 문의면,중상사고,0,2,0,0,차대차 - 기타,중앙선침범,건조,맑음,단일로 - 기타,승용,남,32세,상해없음,승용,남,43세,중상
2013072000100070,2013년 7월 20일 02시,토요일,충청북도 제천시 청전동,경상사고,0,0,1,0,차대차 - 추돌 - 주정차중,안전운전불이행,건조,맑음,교차로 - 교차로부근,원동기,남,39세,경상,화물,남,48세,기타불명
2013072000100116,2013년 7월 20일 05시,토요일,충청북도 증평군 증평읍,경상사고,0,0,1,0,차대차 - 측면직각충돌,신호위반,건조,흐림,교차로 - 교차로안,특수,남,58세,상해없음,건설기계,남,42세,경상
2013072000100140,2013년 7월 20일 06시,토요일,충청북도 음성군 생극면,경상사고,0,0,1,0,차대사람 - 횡단중,안전운전불이행,건조,맑음,단일로 - 기타,승용,남,31세,상해없음,보행자,여,70세,경상
2013072000100141,2013년 7월 20일 06시,토요일,충청북도 진천군 광혜원면,경상사고,0,0,1,0,차대차 - 측면직각충돌,신호위반,건조,맑음,교차로 - 교차로안,승합,남,64세,상해없음,승용,남,55세,경상
2013072000100157,2013년 7월 20일 07시,토요일,충청북도 보은군 탄부면,경상사고,0,0,1,0,차대차 - 정면충돌,안전운전불이행,건조,맑음,단일로 - 기타,승용,남,75세,경상,승합,남,52세,상해없음
2013072000100174,2013년 7월 20일 08시,토요일,충청북도 청주시 흥덕구 모충동,경상사고,0,0,1,0,차대차 - 기타,안전운전불이행,건조,맑음,단일로 - 기타,자전거,남,72세,경상,승용,남,42세,상해없음
2013072000100286,2013년 7월 20일 12시,토요일,충청북도 충주시 칠금동,중상사고,0,1,0,0,차대차 - 추돌 - 주정차중,안전거리미확보,건조,맑음,교차로 - 교차로부근,화물,남,59세,상해없음,승용,남,61세,중상
2013072000100329,2013년 7월 20일 13시,토요일,충청북도 제천시 송학면,경상사고,0,0,2,0,차대차 - 기타,교차로운행방법위반,건조,맑음,교차로 - 교차로안,건설기계,남,68세,상해없음,승용,남,28세,경상
2013072000100363,2013년 7월 20일 14시,토요일,충청북도 충주시 용산동,중상사고,0,2,0,0,차대차 - 측면직각충돌,신호위반,건조,맑음,교차로 - 교차로안,승용,여,43세,상해없음,이륜,남,19세,중상
2013072000100364,2013년 7월 20일 14시,토요일,충청북도 옥천군 옥천읍,경상사고,0,0,1,0,차대차 - 추돌 - 진행중,안전운전불이행,건조,맑음,단일로 - 기타,승용,남,32세,상해없음,승용,여,26세,경상
2013072000100405,2013년 7월 20일 15시,토요일,충청북도 충주시 칠금동,경상사고,0,0,2,0,차대사람 - 기타,안전운전불이행,건조,맑음,단일로 - 기타,승용,남,59세,상해없음,보행자,여,45세,경상
2013072000100406,2013년 7월 20일 15시,토요일,충청북도 옥천군 청성면,경상사고,0,0,1,0,차대차 - 측면직각충돌,안전운전불이행,건조,맑음,단일로 - 기타,승용,남,56세,상해없음,자전거,여,66세,경상
2013072000100465,2013년 7월 20일 17시,토요일,충청북도 청원군 옥산면,경상사고,0,0,4,0,차대차 - 추돌 - 진행중,안전운전불이행,건조,맑음,단일로 - 기타,승용,남,46세,상해없음,승용,남,27세,경상
2013072000100527,2013년 7월 20일 19시,토요일,충청북도 청주시 상당구 용정동,경상사고,0,0,1,0,차대차 - 추돌 - 주정차중,안전운전불이행,건조,맑음,교차로 - 교차로부근,승용,여,44세,상해없음,승용,남,32세,경상
2013072000100557,2013년 7월 20일 20시,토요일,충청북도 괴산군 청천면,경상사고,0,0,2,0,차대차 - 측면직각충돌,안전운전불이행,건조,맑음,교차로 - 교차로안,화물,남,58세,상해없음,승용,남,26세,경상
2013072000100604,2013년 7월 20일 22시,토요일,충청북도 충주시 교현동,중상사고,0,4,0,0,차대차 - 추돌 - 주정차중,안전운전불이행,건조,맑음,교차로 - 교차로부근,승용,남,61세,상해없음,승용,여,21세,중상
2013072000100605,2013년 7월 20일 22시,토요일,충청북도 청주시 흥덕구 복대동,경상사고,0,0,2,0,차대차 - 측면직각충돌,신호위반,건조,맑음,교차로 - 교차로안,승용,남,61세,상해없음,승용,여,28세,경상
2013072000100634,2013년 7월 20일 23시,토요일,충청북도 충주시 수안보면,부상신고사고,0,0,0,1,차량단독 - 공작물충돌,안전운전불이행,건조,흐림,단일로 - 기타,화물,남,38세,부상신고,,,,
2013072000100635,2013년 7월 20일 23시,토요일,충청북도 진천군 진천읍,경상사고,0,0,3,0,차대차 - 측면직각충돌,교차로운행방법위반,건조,맑음,교차로 - 교차로안,승용,남,35세,경상,승용,여,48세,경상
2013072100100005,2013년 7월 21일 00시,일요일,충청북도 청주시 흥덕구 사직동,경상사고,0,0,3,0,차대차 - 측면직각충돌,교차로운행방법위반,건조,맑음,교차로 - 교차로안,승용,남,32세,경상,승용,남,46세,경상
2013072100100027,2013년 7월 21일 01시,일요일,충청북도 청주시 상당구 용암동,중상사고,0,1,1,0,차대차 - 기타,안전운전불이행,건조,맑음,단일로 - 기타,승용,남,28세,상해없음,승용,남,32세,기타불명
2013072100100048,2013년 7월 21일 02시,일요일,충청북도 청주시 상당구 우암동,경상사고,0,0,2,0,차량단독 - 전도전복,안전운전불이행,건조,맑음,교차로 - 교차로부근,이륜,남,17세,경상,,,,
2013072100100129,2013년 7월 21일 08시,일요일,충청북도 음성군 음성읍,중상사고,0,1,3,0,차량단독 - 기타,안전운전불이행,건조,맑음,단일로 - 기타,승용,여,41세,경상,,,,
2013072100100130,2013년 7월 21일 08시,일요일,충청북도 음성군 음성읍,사망사고,1,0,0,0,차대사람 - 기타,안전운전불이행,건조,맑음,기타 - 기타,승합,남,41세,상해없음,보행자,여,69세,사망
2013072100100175,2013년 7월 21일 11시,일요일,충청북도 보은군 탄부면,사망사고,1,0,0,0,차대차 - 기타,과속,건조,맑음,교차로 - 교차로안,화물,남,52세,상해없음,자전거,남,80세,사망
2013072100100176,2013년 7월 21일 11시,일요일,충청북도 음성군 음성읍,중상사고,0,1,0,0,차대차 - 기타,안전운전불이행,건조,맑음,단일로 - 기타,승용,남,49세,상해없음,원동기,남,68세,중상
2013072100100222,2013년 7월 21일 13시,일요일,충청북도 옥천군 옥천읍,경상사고,0,0,2,0,차대차 - 측면직각충돌,안전운전불이행,건조,맑음,교차로 - 교차로안,승용,남,82세,상해없음,승용,여,30세,경상
2013072100100298,2013년 7월 21일 16시,일요일,충청북도 청주시 흥덕구 사창동,경상사고,0,0,1,0,차대사람 - 기타,안전운전불이행,건조,맑음,단일로 - 기타,이륜,남,17세,상해없음,보행자,여,16세,경상
2013072100100438,2013년 7월 21일 21시,일요일,충청북도 청주시 상당구 용암동,부상신고사고,0,0,0,1,차대차 - 기타,차로위반,건조,맑음,단일로 - 기타,원동기,남,33세,부상신고,승용,남,60세,상해없음
2013072100100466,2013년 7월 21일 22시,일요일,충청북도 청주시 상당구 율량동,중상사고,0,1,0,0,차대사람 - 기타,안전운전불이행,건조,맑음,교차로 - 교차로안,승용,남,40세,상해없음,보행자,남,42세,중상
2013072100100467,2013년 7월 21일 22시,일요일,충청북도 청주시 흥덕구 복대동,경상사고,0,0,2,0,차대차 - 추돌 - 주정차중,안전운전불이행,건조,맑음,교차로 - 교차로안,승용,남,48세,상해없음,승용,남,24세,경상
2013072100100487,2013년 7월 21일 23시,일요일,충청북도 청주시 흥덕구 모충동,경상사고,0,0,1,0,차량단독 - 기타,안전운전불이행,건조,맑음,교차로 - 교차로안,승용,남,42세,상해없음,,,,
2013072200100015,2013년 7월 22일 01시,월요일,충청북도 제천시 하소동,경상사고,0,0,1,0,차대차 - 기타,교차로운행방법위반,습기,비,교차로 - 교차로안,승용,남,51세,상해없음,승용,남,57세,경상
2013072200100047,2013년 7월 22일 05시,월요일,충청북도 제천시 화산동,경상사고,0,0,2,0,차대차 - 기타,신호위반,습기,비,교차로 - 교차로안,승용,남,67세,상해없음,승용,남,41세,경상
2013072200100059,2013년 7월 22일 06시,월요일,충청북도 청주시 상당구 북문로1가동,중상사고,0,1,3,0,차대차 - 측면직각충돌,신호위반,건조,맑음,교차로 - 교차로안,승용,남,26세,중상,승용,남,31세,경상
2013072200100060,2013년 7월 22일 06시,월요일,충청북도 청주시 상당구 내덕동,중상사고,0,1,0,0,차대차 - 측면직각충돌,신호위반,건조,맑음,교차로 - 교차로안,화물,남,47세,상해없음,승용,남,30세,중상
2013072200100110,2013년 7월 22일 08시,월요일,충청북도 청원군 가덕면,중상사고,0,1,0,0,차대차 - 정면충돌,신호위반,건조,맑음,교차로 - 교차로안,승용,여,47세,상해없음,승용,여,44세,중상
2013072200100137,2013년 7월 22일 09시,월요일,충청북도 제천시 서부동,중상사고,0,2,1,0,차대차 - 기타,신호위반,습기,비,교차로 - 교차로안,승용,남,65세,상해없음,승용,남,58세,중상
2013072200100138,2013년 7월 22일 09시,월요일,충청북도 음성군 대소면,경상사고,0,0,1,0,차대차 - 기타,안전운전불이행,건조,흐림,교차로 - 교차로안,화물,남,23세,상해없음,화물,남,40세,경상
2013072200100139,2013년 7월 22일 09시,월요일,충청북도 청주시 흥덕구 강서동,경상사고,0,0,1,0,차대차 - 측면직각충돌,신호위반,건조,맑음,교차로 - 교차로안,화물,남,52세,상해없음,화물,남,50세,경상
2013072200100168,2013년 7월 22일 10시,월요일,충청북도 제천시 청전동,중상사고,0,1,0,0,차대차 - 기타,교차로운행방법위반,습기,비,교차로 - 교차로안,승용,남,61세,상해없음,원동기,남,35세,중상
2013072200100200,2013년 7월 22일 11시,월요일,충청북도 증평군 증평읍,경상사고,0,0,1,0,차대사람 - 횡단중,중앙선침범,건조,맑음,교차로 - 교차로부근,화물,남,34세,상해없음,보행자,남,37세,경상
2013072200100232,2013년 7월 22일 12시,월요일,충청북도 청주시 상당구 율량동,중상사고,0,2,1,0,차대차 - 기타,안전운전불이행,건조,맑음,교차로 - 교차로안,승용,여,36세,기타불명,승용,여,27세,경상
2013072200100272,2013년 7월 22일 13시,월요일,충청북도 충주시 성내동,경상사고,0,0,1,0,차대차 - 추돌 - 진행중,교차로운행방법위반,건조,맑음,교차로 - 교차로부근,승용,여,53세,상해없음,원동기,남,63세,경상
2013072200100273,2013년 7월 22일 13시,월요일,충청북도 청주시 흥덕구 복대동,부상신고사고,0,0,0,1,차대차 - 추돌 - 주정차중,안전운전불이행,건조,맑음,단일로 - 기타,승용,여,64세,부상신고,승용,여,38세,상해없음
2013072200100274,2013년 7월 22일 13시,월요일,충청북도 청주시 흥덕구 봉명동,중상사고,0,1,0,0,차대차 - 추돌 - 진행중,차로위반,건조,맑음,단일로 - 기타,원동기,남,22세,중상,승용,남,61세,상해없음
2013072200100309,2013년 7월 22일 14시,월요일,충청북도 청주시 상당구 내덕동,경상사고,0,0,1,0,차대사람 - 기타,신호위반,건조,맑음,교차로 - 교차로부근,승용,남,29세,상해없음,보행자,여,11세,경상
2013072200100310,2013년 7월 22일 14시,월요일,충청북도 청주시 흥덕구 운천동,경상사고,0,0,1,0,차대차 - 추돌 - 진행중,안전거리미확보,건조,맑음,단일로 - 기타,승용,남,54세,상해없음,승용,남,54세,경상
2013072200100371,2013년 7월 22일 16시,월요일,충청북도 충주시 봉방동,중상사고,0,1,1,0,차대차 - 추돌 - 진행중,교차로운행방법위반,건조,맑음,교차로 - 교차로안,승용,남,68세,상해없음,승용,여,56세,중상
2013072200100397,2013년 7월 22일 17시,월요일,충청북도 청주시 상당구 대성동,경상사고,0,0,1,0,차대차 - 기타,교차로운행방법위반,건조,맑음,교차로 - 교차로안,자전거,남,10세,경상,승용,여,52세,상해없음
2013072200100437,2013년 7월 22일 18시,월요일,충청북도 괴산군 괴산읍,중상사고,0,1,3,0,차대차 - 추돌 - 주정차중,안전거리미확보,건조,맑음,단일로 - 기타,화물,남,53세,상해없음,화물,남,24세,중상
2013072200100469,2013년 7월 22일 19시,월요일,충청북도 음성군 맹동면,경상사고,0,0,1,0,차량단독 - 공작물충돌,안전운전불이행,건조,맑음,단일로 - 기타,승용,남,45세,경상,,,,
2013072200100470,2013년 7월 22일 19시,월요일,충청북도 청주시 상당구 용암동,경상사고,0,0,1,0,차대차 - 추돌 - 진행중,안전운전불이행,건조,맑음,교차로 - 교차로부근,승합,남,56세,상해없음,승용,여,41세,경상
2013072200100500,2013년 7월 22일 20시,월요일,충청북도 청주시 상당구 문화동,경상사고,0,0,1,0,차대사람 - 기타,안전운전불이행,건조,맑음,단일로 - 기타,승용,남,38세,상해없음,보행자,여,45세,경상
2013072200100501,2013년 7월 22일 20시,월요일,충청북도 청원군 북이면,중상사고,0,1,0,0,차대차 - 측면직각충돌,신호위반,건조,맑음,교차로 - 교차로안,승합,남,45세,상해없음,승용,남,30세,중상
2013072200100560,2013년 7월 22일 22시,월요일,충청북도 청주시 흥덕구 가경동,경상사고,0,0,1,0,차대차 - 측면직각충돌,신호위반,건조,맑음,교차로 - 교차로안,승용,남,44세,상해없음,승용,여,32세,경상
2013072300100070,2013년 7월 23일 05시,화요일,충청북도 청주시 흥덕구 봉명동,중상사고,0,2,0,0,차대차 - 측면직각충돌,안전거리미확보,건조,흐림,교차로 - 교차로부근,승용,남,25세,상해없음,승용,남,44세,중상
2013072300100134,2013년 7월 23일 08시,화요일,충청북도 청원군 옥산면,경상사고,0,0,1,0,차대차 - 측면직각충돌,안전거리미확보,건조,맑음,교차로 - 교차로부근,자전거,남,43세,경상,화물,남,28세,상해없음
2013072300100190,2013년 7월 23일 10시,화요일,충청북도 충주시 금릉동,중상사고,0,1,0,0,차대차 - 추돌 - 진행중,안전운전불이행,건조,맑음,교차로 - 교차로안,승용,남,54세,상해없음,승용,여,57세,중상
2013072300100194,2013년 7월 23일 10시,화요일,충청북도 영동군 황간면,부상신고사고,0,0,0,1,차대차 - 기타,안전운전불이행,건조,흐림,단일로 - 기타,승용,남,40세,부상신고,건설기계,남,55세,상해없음
2013072300100284,2013년 7월 23일 13시,화요일,충청북도 청원군 오창읍,중상사고,0,1,0,0,차대차 - 기타,중앙선침범,습기,비,단일로 - 기타,화물,남,35세,상해없음,원동기,남,50세,중상