사고번호,사고일시,요일,시군구,사고내용,사망자수,중상자수,경상자수,부상신고자수,사고유형,법규위반,노면상태,기상상태,도로형태,가해운전자 차종,가해운전자 성별,가해운전자 연령,가해운전자 상해정도,피해운전자 차종,피해운전자 성별,피해운전자 연령,피해운전자 상해정도
2013072300100308,2013년 7월 23일 14시,화요일,충청북도 충주시 대소원면,중상사고,0,1,1,0,차대차 - 추돌 - 진행중,안전운전불이행,습기,비,단일로 - 기타,건설기계,남,44세,경상,승용,여,43세,중상
2013072300100309,2013년 7월 23일 14시,화요일,충청북도 청주시 상당구 용암동,경상사고,0,0,1,0,차대차 - 기타,안전운전불이행,건조,맑음,교차로 - 교차로부근,승용,남,43세,상해없음,화물,남,31세,경상
2013072300100388,2013년 7월 23일 17시,화요일,충청북도 청주시 흥덕구 복대동,경상사고,0,0,1,0,차대차 - 추돌 - 주정차중,안전거리미확보,건조,맑음,교차로 - 교차로부근,승용,남,58세,상해없음,승용,여,64세,경상
2013072300100414,2013년 7월 23일 18시,화요일,충청북도 청원군 오송읍,경상사고,0,0,4,0,차대차 - 기타,안전운전불이행,건조,맑음,단일로 - 기타,승용,남,52세,상해없음,승용,남,24세,경상
2013072300100444,2013년 7월 23일 19시,화요일,충청북도 청주시 상당구 율량동,경상사고,0,0,2,0,차대차 - 측면직각충돌,신호위반,건조,흐림,교차로 - 교차로부근,승용,여,22세,경상,승용,남,50세,경상
2013072300100445,2013년 7월 23일 19시,화요일,충청북도 청주시 흥덕구 복대동,경상사고,0,0,1,0,차대사람 - 횡단중,안전운전불이행,건조,맑음,단일로 - 기타,이륜,남,20세,상해없음,보행자,여,10세,경상
2013072300100446,2013년 7월 23일 19시,화요일,충청북도 청주시 흥덕구 복대동,경상사고,0,0,1,0,차대차 - 측면직각충돌,안전운전불이행,건조,맑음,단일로 - 기타,승용,남,52세,상해없음,자전거,여,9세,경상
2013072300100447,2013년 7월 23일 19시,화요일,충청북도 청주시 흥덕구 복대동,중상사고,0,1,0,0,차대차 - 측면직각충돌,교차로운행방법위반,건조,흐림,교차로 - 교차로안,승용,여,23세,상해없음,이륜,남,23세,중상
2013072300100448,2013년 7월 23일 19시,화요일,충청북도 청원군 오창읍,경상사고,0,0,2,0,차대차 - 추돌 - 진행중,안전운전불이행,건조,맑음,단일로 - 기타,승용,남,38세,상해없음,승용,남,27세,경상
2013072300100485,2013년 7월 23일 20시,화요일,충청북도 청주시 흥덕구 봉명동,중상사고,0,1,1,0,차대차 - 측면직각충돌,안전운전불이행,건조,맑음,교차로 - 교차로안,승용,남,24세,상해없음,승용,남,52세,중상
2013072300100556,2013년 7월 23일 22시,화요일,충청북도 충주시 호암동,경상사고,0,0,1,0,차대차 - 측면직각충돌,안전운전불이행,습기,비,단일로 - 기타,화물,남,36세,상해없음,승용,여,26세,상해없음
2013072300100557,2013년 7월 23일 22시,화요일,충청북도 제천시 청전동,중상사고,0,1,0,0,차대차 - 기타,직진우회전진행방해,습기,비,교차로 - 교차로안,승용,여,48세,상해없음,승용,여,55세,중상
2013072300100558,2013년 7월 23일 22시,화요일,충청북도 옥천군 이원면,중상사고,0,1,0,0,차량단독 - 기타,안전운전불이행,건조,흐림,교차로 - 교차로안,화물,남,48세,중상,,,,
2013072400100014,2013년 7월 24일 00시,수요일,충청북도 청주시 상당구 금천동,중상사고,0,1,0,0,차량단독 - 공작물충돌,안전운전불이행,건조,맑음,단일로 - 기타,승용,남,19세,중상,,,,
2013072400100015,2013년 7월 24일 00시,수요일,충청북도 청주시 상당구 율량동,중상사고,0,2,0,0,차대사람 - 횡단중,안전운전불이행,건조,맑음,교차로 - 교차로안,승용,여,42세,상해없음,보행자,여,22세,중상
2013072400100016,2013년 7월 24일 00시,수요일,충청북도 청주시 흥덕구 가경동,경상사고,0,0,3,0,차대차 - 추돌 - 진행중,안전운전불이행,건조,맑음,교차로 - 교차로부근,승용,남,46세,상해없음,승용,남,56세,경상
2013072400100029,2013년 7월 24일 01시,수요일,충청북도 청주시 흥덕구 사창동,경상사고,0,0,1,0,차대차 - 추돌 - 주정차중,안전운전불이행,건조,맑음,교차로 - 교차로부근,승용,남,21세,상해없음,승용,남,58세,경상
2013072400100039,2013년 7월 24일 02시,수요일,충청북도 청주시 흥덕구 사창동,경상사고,0,0,1,0,차대차 - 측면직각충돌,안전운전불이행,건조,맑음,교차로 - 교차로안,승용,남,20세,상해없음,승용,남,35세,경상
2013072400100070,2013년 7월 24일 05시,수요일,충청북도 음성군 음성읍,사망사고,1,0,0,0,차대사람 - 기타,안전운전불이행,습기,비,교차로 - 교차로안,승용,여,37세,상해없음,보행자,여,87세,사망
2013072400100086,2013년 7월 24일 06시,수요일,충청북도 음성군 대소면,중상사고,0,1,0,0,차대차 - 기타,교차로운행방법위반,건조,맑음,교차로 - 교차로안,승용,남,37세,상해없음,승용,여,50세,상해없음
2013072400100102,2013년 7월 24일 07시,수요일,충청북도 충주시 주덕읍,중상사고,0,1,0,0,차량단독 - 공작물충돌,안전운전불이행,습기,비,교차로 - 교차로안,승용,남,38세,중상,,,,
2013072400100103,2013년 7월 24일 07시,수요일,충청북도 청주시 흥덕구 가경동,경상사고,0,0,1,0,차대사람 - 횡단중,신호위반,건조,맑음,단일로 - 기타,기타불명,기타불명,기타불명,기타불명,보행자,여,27세,경상
2013072400100126,2013년 7월 24일 08시,수요일,충청북도 청원군 오창읍,중상사고,0,1,0,0,차대사람 - 기타,안전운전불이행,습기,비,단일로 - 기타,승용,남,35세,상해없음,보행자,여,75세,중상
2013072400100127,2013년 7월 24일 08시,수요일,충청북도 증평군 증평읍,경상사고,0,0,5,0,차대차 - 추돌 - 진행중,중앙선침범,습기,맑음,단일로 - 기타,화물,남,70세,상해없음,승용,남,71세,경상
2013072400100189,2013년 7월 24일 10시,수요일,충청북도 충주시 목행동,중상사고,0,1,0,0,차대차 - 추돌 - 진행중,안전운전불이행,건조,흐림,교차로 - 교차로안,승용,여,62세,상해없음,원동기,여,52세,중상
2013072400100190,2013년 7월 24일 10시,수요일,충청북도 보은군 보은읍,경상사고,0,0,1,0,차대사람 - 보도통행중,안전운전불이행,습기,비,교차로 - 교차로안,화물,남,58세,상해없음,보행자,여,68세,경상
2013072400100243,2013년 7월 24일 12시,수요일,충청북도 충주시 대소원면,중상사고,0,1,0,0,차대차 - 추돌 - 진행중,신호위반,건조,맑음,교차로 - 교차로안,화물,남,46세,상해없음,화물,남,54세,중상
2013072400100244,2013년 7월 24일 12시,수요일,충청북도 청주시 흥덕구 운천동,중상사고,0,1,0,0,차대차 - 측면직각충돌,안전운전불이행,건조,맑음,교차로 - 교차로안,승용,여,26세,상해없음,원동기,남,60세,중상
2013072400100270,2013년 7월 24일 13시,수요일,충청북도 제천시 덕산면,중상사고,0,1,1,0,차대차 - 기타,직진우회전진행방해,건조,맑음,교차로 - 교차로안,승합,여,44세,경상,화물,남,56세,중상
2013072400100291,2013년 7월 24일 14시,수요일,충청북도 증평군 증평읍,중상사고,0,1,0,0,차대차 - 기타,안전운전불이행,기타,기타,교차로 - 교차로안,승용,여,31세,상해없음,이륜,남,76세,중상
2013072400100292,2013년 7월 24일 14시,수요일,충청북도 청주시 흥덕구 복대동,중상사고,0,1,3,0,차대차 - 측면직각충돌,교차로운행방법위반,건조,맑음,교차로 - 교차로안,승용,남,49세,중상,승용,여,55세,경상
2013072400100318,2013년 7월 24일 15시,수요일,충청북도 청주시 상당구 석교동,중상사고,0,1,0,0,차대차 - 기타,교차로운행방법위반,건조,맑음,교차로 - 교차로안,승용,남,69세,상해없음,이륜,남,43세,중상
2013072400100351,2013년 7월 24일 16시,수요일,충청북도 옥천군 안내면,중상사고,0,1,0,0,차대차 - 측면직각충돌,중앙선침범,건조,맑음,교차로 - 교차로부근,이륜,남,56세,중상,승용,남,48세,상해없음
2013072400100371,2013년 7월 24일 17시,수요일,충청북도 충주시 칠금동,경상사고,0,0,2,0,차대차 - 기타,안전운전불이행,건조,맑음,교차로 - 교차로부근,승용,남,38세,상해없음,승용,여,38세,경상
2013072400100469,2013년 7월 24일 20시,수요일,충청북도 청원군 남일면,경상사고,0,0,1,0,차대차 - 기타,안전운전불이행,건조,맑음,교차로 - 교차로부근,기타불명,기타불명,기타불명,기타불명,승용,남,38세,상해없음
2013072400100506,2013년 7월 24일 21시,수요일,충청북도 충주시 연수동,부상신고사고,0,0,0,1,차대사람 - 기타,안전운전불이행,건조,맑음,단일로 - 기타,기타불명,기타불명,기타불명,기타불명,보행자,남,42세,부상신고
2013072400100543,2013년 7월 24일 22시,수요일,충청북도 청주시 흥덕구 복대동,경상사고,0,0,3,0,차대차 - 측면직각충돌,안전운전불이행,건조,맑음,교차로 - 교차로부근,이륜,남,16세,경상,승용,여,29세,경상
2013072500100104,2013년 7월 25일 08시,목요일,충청북도 청원군 남일면,중상사고,0,1,0,0,차대차 - 기타,안전운전불이행,건조,맑음,교차로 - 교차로부근,자전거,남,90세 이상,중상,화물,남,90세 이상,상해없음
2013072500100140,2013년 7월 25일 09시,목요일,충청북도 충주시 교현동,경상사고,0,0,1,0,차대사람 - 기타,안전운전불이행,건조,맑음,단일로 - 기타,승용,남,64세,상해없음,보행자,남,37세,경상
2013072500100141,2013년 7월 25일 09시,목요일,충청북도 충주시 연수동,중상사고,0,1,0,0,차대사람 - 횡단중,보행자보호의무위반,건조,맑음,교차로 - 교차로안,승용,여,45세,상해없음,보행자,남,86세,중상
2013072500100197,2013년 7월 25일 11시,목요일,충청북도 청주시 흥덕구 복대동,경상사고,0,0,1,0,차대차 - 추돌 - 주정차중,안전거리미확보,건조,맑음,교차로 - 교차로부근,승용,남,55세,상해없음,이륜,남,35세,경상
2013072500100229,2013년 7월 25일 12시,목요일,충청북도 충주시 성서동,중상사고,0,1,0,0,차대사람 - 기타,안전운전불이행,건조,맑음,단일로 - 기타,원동기,남,19세,상해없음,보행자,여,5세,중상
2013072500100230,2013년 7월 25일 12시,목요일,충청북도 보은군 보은읍,중상사고,0,1,0,0,차대차 - 정면충돌,교차로운행방법위반,건조,맑음,교차로 - 교차로안,승용,남,53세,상해없음,승용,여,47세,중상
2013072500100261,2013년 7월 25일 13시,목요일,충청북도 충주시 주덕읍,경상사고,0,0,2,0,차대차 - 추돌 - 진행중,안전거리미확보,건조,맑음,단일로 - 기타,건설기계,남,37세,상해없음,승용,남,44세,경상
2013072500100262,2013년 7월 25일 13시,목요일,충청북도 진천군 백곡면,경상사고,0,0,2,0,차대차 - 추돌 - 주정차중,안전운전불이행,건조,맑음,교차로 - 교차로부근,승용,남,24세,상해없음,승용,남,74세,경상
2013072500100286,2013년 7월 25일 14시,목요일,충청북도 청주시 상당구 산성동,중상사고,0,3,0,0,차량단독 - 도로외이탈 - 추락,안전운전불이행,건조,맑음,단일로 - 기타,승용,남,29세,중상,,,,
2013072500100340,2013년 7월 25일 15시,목요일,충청북도 청주시 흥덕구 비하동,경상사고,0,0,1,0,차량단독 - 공작물충돌,안전운전불이행,건조,맑음,단일로 - 기타,화물,남,49세,경상,,,,
2013072500100341,2013년 7월 25일 15시,목요일,충청북도 청주시 흥덕구 산남동,경상사고,0,0,2,0,차대차 - 기타,안전운전불이행,건조,맑음,교차로 - 교차로부근,승용,남,57세,상해없음,승용,남,55세,경상
2013072500100342,2013년 7월 25일 15시,목요일,충청북도 청원군 현도면,중상사고,0,1,0,0,차량단독 - 전도전복,안전운전불이행,건조,맑음,단일로 - 기타,승용,남,33세,상해없음,,,,
2013072500100381,2013년 7월 25일 16시,목요일,충청북도 진천군 초평면,중상사고,0,2,1,0,차대차 - 추돌 - 진행중,안전운전불이행,건조,맑음,단일로 - 기타,화물,남,39세,상해없음,승용,남,62세,경상
2013072500100463,2013년 7월 25일 18시,목요일,충청북도 청주시 상당구 대성동,경상사고,0,0,1,0,차대차 - 추돌 - 주정차중,안전운전불이행,건조,맑음,단일로 - 기타,승용,남,71세,상해없음,승합,남,47세,경상
2013072500100464,2013년 7월 25일 18시,목요일,충청북도 제천시 청전동,경상사고,0,0,3,0,차대차 - 기타,안전거리미확보,건조,맑음,교차로 - 교차로안,화물,남,43세,상해없음,승용,남,43세,경상
2013072500100498,2013년 7월 25일 19시,목요일,충청북도 음성군 음성읍,경상사고,0,0,1,0,차대차 - 기타,안전운전불이행,건조,맑음,교차로 - 교차로부근,승합,남,48세,기타불명,승용,여,55세,경상
2013072500100533,2013년 7월 25일 20시,목요일,충청북도 제천시 하소동,경상사고,0,0,1,0,차대사람 - 횡단중,보행자보호의무위반,건조,맑음,단일로 - 횡단보도상,원동기,남,46세,상해없음,보행자,남,36세,경상
2013072500100567,2013년 7월 25일 21시,목요일,충청북도 옥천군 군서면,중상사고,0,1,0,0,차대사람 - 길가장자리구역통행중,안전운전불이행,건조,맑음,단일로 - 기타,기타불명,기타불명,기타불명,기타불명,보행자,여,88세,중상
2013072500100568,2013년 7월 25일 21시,목요일,충청북도 청주시 흥덕구 가경동,경상사고,0,0,1,0,차대차 - 추돌 - 진행중,안전운전불이행,건조,맑음,단일로 - 기타,승합,남,32세,상해없음,승용,남,31세,경상
2013072500100597,2013년 7월 25일 22시,목요일,충청북도 진천군 진천읍,중상사고,0,1,1,0,차대사람 - 기타,안전운전불이행,건조,흐림,교차로 - 교차로부근,이륜,남,17세,경상,보행자,남,39세,중상
2013072500100628,2013년 7월 25일 23시,목요일,충청북도 제천시 의림동,중상사고,0,1,0,0,차대사람 - 기타,안전운전불이행,건조,맑음,단일로 - 기타,승용,남,27세,기타불명,보행자,남,23세,중상
2013072600100027,2013년 7월 26일 01시,금요일,충청북도 청원군 오창읍,중상사고,0,1,0,0,차량단독 - 주차차량충돌,안전운전불이행,건조,맑음,단일로 - 기타,이륜,남,27세,중상,,,,
2013072600100068,2013년 7월 26일 06시,금요일,충청북도 증평군 증평읍,부상신고사고,0,0,0,1,차대차 - 측면직각충돌,신호위반,건조,맑음,교차로 - 교차로안,자전거,남,78세,부상신고,승용,여,34세,상해없음
2013072600100069,2013년 7월 26일 06시,금요일,충청북도 음성군 맹동면,경상사고,0,0,1,0,차대차 - 기타,교차로운행방법위반,건조,맑음,교차로 - 교차로안,화물,남,44세,상해없음,승합,남,51세,경상
2013072600100088,2013년 7월 26일 07시,금요일,충청북도 괴산군 괴산읍,경상사고,0,0,4,0,차대차 - 추돌 - 진행중,안전운전불이행,건조,맑음,단일로 - 기타,승용,남,22세,상해없음,승용,남,41세,경상
2013072600100112,2013년 7월 26일 08시,금요일,충청북도 충주시 봉방동,경상사고,0,0,1,0,차대차 - 추돌 - 진행중,안전운전불이행,건조,맑음,단일로 - 기타,승용,남,50세,상해없음,승용,남,39세,상해없음
2013072600100113,2013년 7월 26일 08시,금요일,충청북도 제천시 봉양읍,중상사고,0,1,0,0,차량단독 - 도로외이탈 - 추락,안전운전불이행,건조,맑음,단일로 - 기타,승용,남,72세,상해없음,,,,
2013072600100114,2013년 7월 26일 08시,금요일,충청북도 제천시 화산동,중상사고,0,1,0,0,차대차 - 측면직각충돌,안전운전불이행,건조,맑음,교차로 - 교차로안,승용,남,75세,상해없음,자전거,여,44세,중상
2013072600100142,2013년 7월 26일 09시,금요일,충청북도 충주시 동량면,중상사고,0,1,0,0,차대차 - 추돌 - 진행중,직진우회전진행방해,건조,맑음,교차로 - 교차로안,승용,남,55세,상해없음,화물,남,50세,상해없음
2013072600100211,2013년 7월 26일 11시,금요일,충청북도 충주시 칠금동,경상사고,0,0,2,0,차대차 - 추돌 - 진행중,안전거리미확보,건조,맑음,단일로 - 기타,승용,남,58세,상해없음,승합,남,47세,경상
2013072600100212,2013년 7월 26일 11시,금요일,충청북도 옥천군 이원면,중상사고,0,1,0,0,차대차 - 추돌 - 주정차중,안전운전불이행,건조,맑음,단일로 - 기타,화물,남,56세,상해없음,화물,남,60세,중상
2013072600100245,2013년 7월 26일 12시,금요일,충청북도 청주시 흥덕구 복대동,경상사고,0,0,2,0,차대차 - 측면직각충돌,교차로운행방법위반,건조,맑음,교차로 - 교차로안,승용,남,51세,상해없음,화물,남,64세,경상
2013072600100271,2013년 7월 26일 13시,금요일,충청북도 청원군 오창읍,경상사고,0,0,1,0,차대차 - 정면충돌,중앙선침범,건조,맑음,단일로 - 기타,건설기계,남,44세,상해없음,승용,남,51세,경상
2013072600100272,2013년 7월 26일 13시,금요일,충청북도 청주시 상당구 금천동,경상사고,0,0,3,0,차대차 - 추돌 - 진행중,안전운전불이행,건조,맑음,기타 - 기타,화물,남,43세,상해없음,승합,남,39세,경상
2013072600100273,2013년 7월 26일 13시,금요일,충청북도 제천시 남천동,경상사고,0,0,2,0,차대차 - 측면직각충돌,기타,건조,맑음,교차로 - 교차로안,승용,여,46세,상해없음,원동기,남,49세,경상
2013072600100274,2013년 7월 26일 13시,금요일,충청북도 옥천군 옥천읍,중상사고,0,3,0,1,차대차 - 측면직각충돌,신호위반,건조,맑음,교차로 - 교차로안,승용,여,43세,중상,승용,남,35세,중상
2013072600100275,2013년 7월 26일 13시,금요일,충청북도 청주시 흥덕구 봉명동,경상사고,0,0,1,0,차대사람 - 차도통행중,안전운전불이행,건조,맑음,단일로 - 기타,승합,남,71세,상해없음,보행자,여,48세,경상
2013072600100336,2013년 7월 26일 15시,금요일,충청북도 충주시 칠금동,경상사고,0,0,1,0,차대차 - 추돌 - 진행중,안전운전불이행,건조,맑음,단일로 - 기타,화물,여,64세,상해없음,승용,여,45세,경상
2013072600100397,2013년 7월 26일 17시,금요일,충청북도 청주시 상당구 수동,중상사고,0,1,0,0,차대차 - 기타,불법유턴,건조,맑음,교차로 - 교차로부근,화물,남,34세,상해없음,원동기,남,72세,중상
2013072600100432,2013년 7월 26일 18시,금요일,충청북도 청주시 흥덕구 복대동,경상사고,0,0,1,0,차대차 - 추돌 - 진행중,안전운전불이행,건조,맑음,단일로 - 기타,승용,여,45세,상해없음,승용,남,52세,상해없음
2013072600100467,2013년 7월 26일 19시,금요일,충청북도 보은군 회인면,경상사고,0,0,1,0,차량단독 - 전도전복,안전운전불이행,건조,맑음,단일로 - 기타,이륜,남,43세,경상,,,,
2013072600100468,2013년 7월 26일 19시,금요일,충청북도 청주시 흥덕구 비하동,경상사고,0,0,1,0,차대차 - 측면직각충돌,안전운전불이행,건조,맑음,교차로 - 교차로안,승용,남,45세,상해없음,자전거,여,53세,경상
2013072600100497,2013년 7월 26일 20시,금요일,충청북도 옥천군 옥천읍,중상사고,0,1,0,0,차대차 - 측면직각충돌,안전운전불이행,습기,흐림,단일로 - 기타,승용,남,34세,상해없음,화물,남,43세,중상
2013072600100498,2013년 7월 26일 20시,금요일,충청북도 청주시 흥덕구 사직동,경상사고,0,0,2,0,차대차 - 추돌 - 진행중,차로위반,건조,맑음,단일로 - 기타,승용,남,25세,상해없음,승용,남,45세,상해없음
2013072600100539,2013년 7월 26일 21시,금요일,충청북도 청주시 흥덕구 가경동,경상사고,0,0,1,0,차대차 - 측면직각충돌,교차로운행방법위반,건조,맑음,교차로 - 교차로안,화물,남,48세,상해없음,이륜,남,17세,경상
2013072600100540,2013년 7월 26일 21시,금요일,충청북도 청주시 상당구 용암동,경상사고,0,0,1,0,차대차 - 기타,안전운전불이행,건조,맑음,단일로 - 기타,승합,남,44세,상해없음,자전거,남,15세,경상
2013072600100580,2013년 7월 26일 22시,금요일,충청북도 청원군 오창읍,경상사고,0,0,1,0,차대사람 - 보도통행중,보행자보호의무위반,건조,맑음,단일로 - 기타,자전거,남,17세,상해없음,보행자,남,3세,경상
2013072600100581,2013년 7월 26일 22시,금요일,충청북도 청원군 오송읍,중상사고,0,3,4,0,차대차 - 기타,안전운전불이행,건조,맑음,교차로 - 교차로부근,승용,남,48세,상해없음,승용,남,33세,상해없음
2013072600100582,2013년 7월 26일 22시,금요일,충청북도 청주시 흥덕구 산남동,경상사고,0,0,1,0,차대차 - 기타,중앙선침범,건조,맑음,단일로 - 기타,승용,남,49세,상해없음,승용,남,20세,경상
2013072600100614,2013년 7월 26일 23시,금요일,충청북도 청원군 북이면,중상사고,0,1,1,0,차대차 - 추돌 - 진행중,안전운전불이행,건조,맑음,교차로 - 교차로부근,승용,남,35세,중상,화물,남,33세,경상
2013072600100615,2013년 7월 26일 23시,금요일,충청북도 청원군 오창읍,경상사고,0,0,2,0,차대차 - 추돌 - 진행중,안전운전불이행,건조,맑음,단일로 - 기타,화물,남,50세,경상,화물,남,52세,경상
2013072700100010,2013년 7월 27일 00시,토요일,충청북도 음성군 대소면,중상사고,0,1,1,0,차대차 - 기타,안전운전불이행,건조,맑음,교차로 - 교차로안,승용,남,30세,경상,승용,남,44세,중상
2013072700100083,2013년 7월 27일 04시,토요일,충청북도 괴산군 청천면,중상사고,0,1,1,0,차대차 - 추돌 - 주정차중,안전운전불이행,건조,맑음,기타 - 기타,승용,남,19세,경상,승용,여,37세,기타불명
2013072700100109,2013년 7월 27일 06시,토요일,충청북도 청주시 흥덕구 가경동,경상사고,0,0,2,0,차대차 - 측면직각충돌,안전거리미확보,습기,비,단일로 - 기타,승용,남,51세,상해없음,승용,남,38세,경상
2013072700100193,2013년 7월 27일 10시,토요일,충청북도 옥천군 옥천읍,중상사고,0,1,2,0,차대차 - 측면직각충돌,신호위반,건조,맑음,교차로 - 교차로안,승용,남,52세,상해없음,승용,남,35세,경상
2013072700100222,2013년 7월 27일 11시,토요일,충청북도 제천시 송학면,중상사고,0,2,0,0,차대차 - 기타,안전운전불이행,건조,맑음,기타 - 기타,승용,남,42세,상해없음,승용,남,53세,중상
2013072700100223,2013년 7월 27일 11시,토요일,충청북도 청원군 강내면,경상사고,0,0,3,0,차대차 - 측면직각충돌,교차로운행방법위반,건조,맑음,교차로 - 교차로안,승용,남,48세,상해없음,승용,남,27세,경상
2013072700100257,2013년 7월 27일 12시,토요일,충청북도 괴산군 연풍면,사망사고,1,0,0,0,차대차 - 측면직각충돌,안전운전불이행,건조,맑음,교차로 - 교차로안,이륜,남,80세,사망,승용,남,69세,상해없음
2013072700100286,2013년 7월 27일 13시,토요일,충청북도 충주시 칠금동,경상사고,0,0,1,0,차대차 - 추돌 - 진행중,안전운전불이행,건조,맑음,교차로 - 교차로안,승용,남,33세,상해없음,자전거,남,56세,경상
2013072700100287,2013년 7월 27일 13시,토요일,충청북도 충주시 대소원면,중상사고,0,2,2,0,차대차 - 추돌 - 진행중,안전거리미확보,건조,맑음,단일로 - 기타,승용,남,23세,상해없음,승합,남,50세,경상
2013072700100288,2013년 7월 27일 13시,토요일,충청북도 제천시 남천동,경상사고,0,0,1,0,차대사람 - 기타,보행자보호의무위반,건조,맑음,단일로 - 횡단보도상,화물,남,61세,상해없음,보행자,남,21세,경상
2013072700100325,2013년 7월 27일 14시,토요일,충청북도 옥천군 옥천읍,중상사고,0,3,4,0,차대차 - 측면직각충돌,안전운전불이행,건조,맑음,교차로 - 교차로안,승용,남,55세,중상,승합,남,50세,경상
2013072700100361,2013년 7월 27일 15시,토요일,충청북도 청주시 상당구 서문동,경상사고,0,0,1,0,차대차 - 기타,안전거리미확보,건조,맑음,교차로 - 교차로부근,승용,남,37세,상해없음,승용,남,57세,경상
2013072700100362,2013년 7월 27일 15시,토요일,충청북도 영동군 영동읍,경상사고,0,0,1,0,차대차 - 기타,안전거리미확보,건조,맑음,단일로 - 기타,승용,남,60세,상해없음,이륜,남,46세,경상
2013072700100363,2013년 7월 27일 15시,토요일,충청북도 진천군 광혜원면,중상사고,0,1,0,0,차대사람 - 횡단중,안전운전불이행,건조,맑음,교차로 - 교차로부근,승용,남,41세,상해없음,보행자,여,47세,중상
2013072700100364,2013년 7월 27일 15시,토요일,충청북도 청원군 남일면,경상사고,0,0,2,0,차대차 - 정면충돌,중앙선침범,건조,맑음,단일로 - 기타,승용,남,31세,상해없음,승용,남,53세,경상
2013072700100430,2013년 7월 27일 17시,토요일,충청북도 청원군 남이면,경상사고,0,0,1,0,차대차 - 기타,안전운전불이행,건조,맑음,단일로 - 기타,승용,남,33세,상해없음,승용,남,33세,경상
2013072700100463,2013년 7월 27일 18시,토요일,충청북도 충주시 연수동,중상사고,0,1,0,0,차대차 - 추돌 - 진행중,안전운전불이행,건조,맑음,단일로 - 기타,승용,남,34세,상해없음,원동기,남,21세,중상
2013072700100464,2013년 7월 27일 18시,토요일,충청북도 청주시 흥덕구 봉명동,경상사고,0,0,1,0,차대차 - 추돌 - 진행중,안전운전불이행,건조,맑음,단일로 - 기타,화물,남,57세,상해없음,승용,여,47세,경상
2013072700100537,2013년 7월 27일 20시,토요일,충청북도 청주시 흥덕구 분평동,중상사고,0,1,2,0,차대차 - 측면직각충돌,신호위반,건조,흐림,교차로 - 교차로안,원동기,남,17세,중상,승용,남,37세,경상
2013072800100011,2013년 7월 28일 00시,일요일,충청북도 충주시 교현동,중상사고,0,1,1,0,차대차 - 측면직각충돌,신호위반,건조,맑음,교차로 - 교차로안,화물,남,35세,경상,화물,남,35세,중상
2013072800100033,2013년 7월 28일 01시,일요일,충청북도 제천시 의림동,중상사고,0,1,0,0,차대사람 - 기타,안전운전불이행,건조,맑음,단일로 - 기타,승용,남,17세,상해없음,보행자,남,70세,중상
2013072800100092,2013년 7월 28일 05시,일요일,충청북도 청주시 흥덕구 사창동,경상사고,0,0,1,0,차대차 - 측면직각충돌,안전운전불이행,건조,맑음,단일로 - 기타,기타불명,기타불명,기타불명,기타불명,승용,남,73세,경상
2013072800100133,2013년 7월 28일 08시,일요일,충청북도 단양군 적성면,중상사고,0,1,0,0,차대사람 - 길가장자리구역통행중,중앙선침범,습기,흐림,단일로 - 기타,승용,남,52세,상해없음,보행자,여,63세,중상
2013072800100152,2013년 7월 28일 09시,일요일,충청북도 청주시 흥덕구 운천동,중상사고,0,1,1,0,차대차 - 측면직각충돌,안전운전불이행,습기,비,단일로 - 기타,승용,남,52세,상해없음,승용,남,25세,중상
2013072800100176,2013년 7월 28일 10시,일요일,충청북도 청원군 내수읍,경상사고,0,0,2,0,차대차 - 기타,안전거리미확보,습기,비,단일로 - 기타,화물,남,52세,상해없음,승용,여,39세,경상
2013072800100177,2013년 7월 28일 10시,일요일,충청북도 제천시 봉양읍,경상사고,0,0,3,0,차대차 - 기타,안전운전불이행,습기,비,단일로 - 기타,승용,여,39세,상해없음,승용,남,57세,경상
2013072800100197,2013년 7월 28일 11시,일요일,충청북도 청원군 오창읍,중상사고,0,1,0,0,차대차 - 기타,신호위반,건조,맑음,교차로 - 교차로안,승용,남,34세,상해없음,승용,남,36세,중상
2013072800100218,2013년 7월 28일 12시,일요일,충청북도 괴산군 칠성면,경상사고,0,0,4,0,차대차 - 측면직각충돌,직진우회전진행방해,건조,맑음,교차로 - 교차로안,화물,남,21세,경상,승합,남,56세,경상
2013072800100219,2013년 7월 28일 12시,일요일,충청북도 증평군 증평읍,경상사고,0,0,2,0,차대차 - 추돌 - 진행중,차로위반,습기,기타,단일로 - 기타,승합,남,29세,상해없음,화물,남,39세,경상
2013072800100241,2013년 7월 28일 13시,일요일,충청북도 괴산군 불정면,중상사고,0,1,0,0,차대사람 - 기타,안전운전불이행,습기,비,기타 - 기타,이륜,남,57세,상해없음,보행자,남,78세,중상
2013072800100264,2013년 7월 28일 14시,일요일,충청북도 청주시 흥덕구 봉명동,경상사고,0,0,1,0,차대차 - 측면직각충돌,안전운전불이행,건조,맑음,단일로 - 기타,승용,남,32세,상해없음,원동기,남,41세,경상