사고번호,사고일시,요일,시군구,사고내용,사망자수,중상자수,경상자수,부상신고자수,사고유형,법규위반,노면상태,기상상태,도로형태,가해운전자 차종,가해운전자 성별,가해운전자 연령,가해운전자 상해정도,피해운전자 차종,피해운전자 성별,피해운전자 연령,피해운전자 상해정도
2013072800100321,2013년 7월 28일 16시,일요일,충청북도 청주시 상당구 율량동,경상사고,0,0,1,0,차대차 - 추돌 - 주정차중,안전운전불이행,건조,맑음,교차로 - 교차로부근,승용,남,50세,상해없음,승용,여,23세,경상
2013072800100322,2013년 7월 28일 16시,일요일,충청북도 청주시 흥덕구 분평동,부상신고사고,0,0,0,1,차대차 - 기타,안전운전불이행,건조,맑음,단일로 - 기타,승용,여,63세,부상신고,승용,여,44세,기타불명
2013072800100387,2013년 7월 28일 19시,일요일,충청북도 괴산군 장연면,경상사고,0,0,1,0,차량단독 - 공작물충돌,안전운전불이행,습기,비,기타 - 기타,승용,남,57세,경상,,,,
2013072800100412,2013년 7월 28일 20시,일요일,충청북도 음성군 삼성면,경상사고,0,0,3,0,차대차 - 기타,교차로운행방법위반,습기,비,교차로 - 교차로안,화물,남,44세,상해없음,승용,여,58세,경상
2013072800100441,2013년 7월 28일 21시,일요일,충청북도 청주시 상당구 서문동,경상사고,0,0,1,0,차대차 - 측면직각충돌,안전운전불이행,건조,맑음,교차로 - 교차로부근,승용,남,26세,상해없음,자전거,남,30세,경상
2013072900100039,2013년 7월 29일 05시,월요일,충청북도 제천시 청전동,경상사고,0,0,1,0,차대사람 - 기타,안전운전불이행,습기,비,단일로 - 기타,승용,남,27세,상해없음,보행자,남,35세,경상
2013072900100049,2013년 7월 29일 06시,월요일,충청북도 청주시 상당구 율량동,중상사고,0,1,1,0,차대차 - 측면직각충돌,교차로운행방법위반,건조,맑음,교차로 - 교차로안,승용,남,46세,경상,승용,남,65세,중상
2013072900100113,2013년 7월 29일 09시,월요일,충청북도 영동군 영동읍,중상사고,0,1,0,0,차대사람 - 기타,안전운전불이행,건조,흐림,단일로 - 기타,승용,남,71세,상해없음,보행자,남,50세,중상
2013072900100177,2013년 7월 29일 12시,월요일,충청북도 충주시 가금면,경상사고,0,0,3,0,차대차 - 측면직각충돌,교차로운행방법위반,건조,맑음,기타 - 기타,승용,남,35세,상해없음,승용,남,54세,경상
2013072900100178,2013년 7월 29일 12시,월요일,충청북도 청주시 흥덕구 가경동,경상사고,0,0,1,0,차대차 - 측면직각충돌,교차로운행방법위반,건조,맑음,교차로 - 교차로안,승용,남,38세,상해없음,승용,여,53세,경상
2013072900100201,2013년 7월 29일 13시,월요일,충청북도 청주시 흥덕구 비하동,경상사고,0,0,1,0,차대차 - 측면직각충돌,안전운전불이행,건조,맑음,단일로 - 기타,이륜,남,54세,경상,승용,남,45세,상해없음
2013072900100202,2013년 7월 29일 13시,월요일,충청북도 청주시 흥덕구 향정동,경상사고,0,0,2,0,차대차 - 기타,안전거리미확보,건조,맑음,교차로 - 교차로부근,승용,남,34세,상해없음,화물,남,30세,경상
2013072900100229,2013년 7월 29일 14시,월요일,충청북도 괴산군 청천면,경상사고,0,0,1,0,차대차 - 기타,중앙선침범,건조,맑음,단일로 - 기타,승합,남,57세,상해없음,승용,남,24세,경상
2013072900100312,2013년 7월 29일 16시,월요일,충청북도 청주시 상당구 명암동,중상사고,0,1,1,0,차량단독 - 기타,안전운전불이행,건조,맑음,단일로 - 기타,원동기,남,17세,중상,,,,
2013072900100342,2013년 7월 29일 17시,월요일,충청북도 제천시 중앙로1가,경상사고,0,0,1,0,차대사람 - 보도통행중,안전운전불이행,건조,맑음,기타 - 기타,승용,남,54세,상해없음,보행자,여,1세,경상
2013072900100375,2013년 7월 29일 18시,월요일,충청북도 영동군 영동읍,중상사고,0,1,0,0,차대차 - 기타,신호위반,건조,맑음,교차로 - 교차로안,자전거,남,14세,중상,승용,여,65세,상해없음
2013072900100376,2013년 7월 29일 18시,월요일,충청북도 진천군 진천읍,중상사고,0,1,1,0,차대차 - 측면직각충돌,안전운전불이행,건조,맑음,교차로 - 교차로안,이륜,남,62세,중상,승용,여,47세,경상
2013072900100446,2013년 7월 29일 20시,월요일,충청북도 청주시 흥덕구 복대동,경상사고,0,0,1,0,차대차 - 측면직각충돌,중앙선침범,건조,맑음,교차로 - 교차로부근,승용,남,30세,상해없음,기타불명,여,51세,경상
2013072900100447,2013년 7월 29일 20시,월요일,충청북도 청주시 상당구 영운동,경상사고,0,0,1,0,차대차 - 측면직각충돌,신호위반,건조,맑음,교차로 - 교차로안,승용,남,64세,상해없음,승용,여,55세,경상
2013072900100523,2013년 7월 29일 23시,월요일,충청북도 제천시 강제동,부상신고사고,0,0,0,1,차량단독 - 도로외이탈 - 기타,안전운전불이행,건조,맑음,교차로 - 교차로부근,원동기,남,43세,부상신고,,,,
2013073000100022,2013년 7월 30일 01시,화요일,충청북도 청주시 흥덕구 개신동,경상사고,0,0,4,0,차대차 - 측면직각충돌,안전운전불이행,건조,맑음,교차로 - 교차로부근,승용,남,30세,상해없음,화물,남,46세,경상
2013073000100040,2013년 7월 30일 03시,화요일,충청북도 청원군 남이면,중상사고,0,1,0,0,차량단독 - 공작물충돌,안전운전불이행,건조,맑음,교차로 - 교차로부근,승용,남,24세,중상,,,,
2013073000100074,2013년 7월 30일 07시,화요일,충청북도 영동군 심천면,사망사고,1,1,0,0,차대차 - 정면충돌,중앙선침범,습기,안개,단일로 - 기타,승용,남,57세,상해없음,화물,남,38세,중상
2013073000100119,2013년 7월 30일 09시,화요일,충청북도 청주시 흥덕구 봉명동,경상사고,0,0,1,0,차대차 - 추돌 - 주정차중,안전운전불이행,건조,맑음,단일로 - 기타,승용,남,58세,경상,승용,남,73세,상해없음
2013073000100147,2013년 7월 30일 10시,화요일,충청북도 청주시 상당구 율량동,경상사고,0,0,4,0,차대차 - 측면직각충돌,교차로운행방법위반,건조,맑음,교차로 - 교차로안,승용,남,28세,상해없음,승용,남,70세,경상
2013073000100148,2013년 7월 30일 10시,화요일,충청북도 옥천군 옥천읍,중상사고,0,1,0,0,차대차 - 측면직각충돌,신호위반,건조,맑음,교차로 - 교차로안,이륜,남,81세,중상,승용,남,40세,상해없음
2013073000100149,2013년 7월 30일 10시,화요일,충청북도 청주시 흥덕구 복대동,중상사고,0,1,0,0,차대사람 - 기타,안전운전불이행,건조,맑음,기타 - 기타,승용,남,58세,상해없음,보행자,남,91세,중상
2013073000100215,2013년 7월 30일 12시,화요일,충청북도 증평군 증평읍,중상사고,0,1,0,0,차대사람 - 길가장자리구역통행중,안전운전불이행,건조,맑음,단일로 - 기타,승합,남,39세,상해없음,보행자,남,74세,중상
2013073000100216,2013년 7월 30일 12시,화요일,충청북도 진천군 진천읍,중상사고,0,2,3,0,차대차 - 측면직각충돌,안전운전불이행,건조,맑음,교차로 - 교차로안,승용,남,79세,중상,승용,남,40세,경상
2013073000100288,2013년 7월 30일 14시,화요일,충청북도 청원군 내수읍,중상사고,0,1,0,0,차대차 - 측면직각충돌,교차로운행방법위반,건조,맑음,교차로 - 교차로안,화물,남,57세,상해없음,자전거,남,87세,중상
2013073000100289,2013년 7월 30일 14시,화요일,충청북도 청원군 오송읍,경상사고,0,0,1,0,차대차 - 측면직각충돌,안전운전불이행,건조,맑음,단일로 - 기타,자전거,남,13세,경상,승용,남,40세,상해없음
2013073000100317,2013년 7월 30일 15시,화요일,충청북도 충주시 앙성면,경상사고,0,0,4,0,차대차 - 추돌 - 진행중,안전운전불이행,건조,맑음,단일로 - 기타,건설기계,남,33세,상해없음,승용,남,48세,경상
2013073000100318,2013년 7월 30일 15시,화요일,충청북도 제천시 고명동,중상사고,0,2,0,0,차대차 - 기타,안전거리미확보,건조,맑음,단일로 - 기타,화물,남,39세,중상,화물,남,66세,중상
2013073000100319,2013년 7월 30일 15시,화요일,충청북도 청주시 흥덕구 봉명동,경상사고,0,0,1,0,차대차 - 추돌 - 진행중,안전거리미확보,습기,비,교차로 - 교차로부근,화물,남,59세,상해없음,승용,남,58세,경상
2013073000100350,2013년 7월 30일 16시,화요일,충청북도 청원군 오창읍,중상사고,0,1,0,0,차대차 - 측면직각충돌,교차로운행방법위반,습기,흐림,교차로 - 교차로안,승용,여,36세,상해없음,자전거,남,56세,중상
2013073000100351,2013년 7월 30일 16시,화요일,충청북도 청주시 상당구 우암동,경상사고,0,0,1,0,차대차 - 기타,안전운전불이행,습기,흐림,단일로 - 기타,원동기,남,44세,경상,승용,남,49세,상해없음
2013073000100352,2013년 7월 30일 16시,화요일,충청북도 충주시 연수동,부상신고사고,0,0,0,1,차대차 - 추돌 - 진행중,신호위반,건조,맑음,교차로 - 교차로안,농기계,남,77세,부상신고,승합,남,51세,상해없음
2013073000100353,2013년 7월 30일 16시,화요일,충청북도 보은군 보은읍,경상사고,0,0,1,0,차대차 - 정면충돌,안전운전불이행,습기,비,교차로 - 교차로안,화물,남,65세,상해없음,원동기,남,19세,경상
2013073000100354,2013년 7월 30일 16시,화요일,충청북도 음성군 금왕읍,중상사고,0,1,0,0,차대사람 - 기타,안전운전불이행,습기,비,단일로 - 기타,승용,남,74세,상해없음,보행자,남,21세,중상
2013073000100397,2013년 7월 30일 17시,화요일,충청북도 제천시 교동,경상사고,0,0,1,0,차대차 - 기타,안전운전불이행,건조,맑음,교차로 - 교차로부근,승용,여,49세,상해없음,자전거,남,7세,경상
2013073000100398,2013년 7월 30일 17시,화요일,충청북도 청주시 흥덕구 개신동,중상사고,0,1,0,0,차대사람 - 기타,안전운전불이행,건조,맑음,단일로 - 기타,화물,남,46세,상해없음,보행자,여,73세,중상
2013073000100441,2013년 7월 30일 18시,화요일,충청북도 청주시 상당구 우암동,경상사고,0,0,1,0,차대사람 - 기타,안전운전불이행,건조,맑음,교차로 - 교차로부근,기타불명,기타불명,기타불명,기타불명,보행자,남,19세,경상
2013073000100442,2013년 7월 30일 18시,화요일,충청북도 충주시 칠금동,중상사고,0,1,0,0,차대차 - 추돌 - 진행중,안전운전불이행,건조,맑음,단일로 - 기타,기타불명,기타불명,기타불명,기타불명,원동기,남,22세,중상
2013073000100443,2013년 7월 30일 18시,화요일,충청북도 청주시 흥덕구 휴암동,경상사고,0,0,4,0,차대차 - 측면직각충돌,신호위반,건조,맑음,교차로 - 교차로안,승용,남,78세,상해없음,승용,여,42세,경상
2013073000100476,2013년 7월 30일 19시,화요일,충청북도 청주시 흥덕구 사창동,경상사고,0,0,1,0,차대사람 - 횡단중,안전운전불이행,건조,맑음,단일로 - 기타,승용,남,33세,상해없음,보행자,남,17세,경상
2013073000100510,2013년 7월 30일 20시,화요일,충청북도 청주시 흥덕구 개신동,부상신고사고,0,0,0,1,차대차 - 측면직각충돌,안전운전불이행,건조,맑음,교차로 - 교차로안,원동기,남,34세,부상신고,승용,남,25세,상해없음
2013073000100511,2013년 7월 30일 20시,화요일,충청북도 청주시 흥덕구 가경동,경상사고,0,0,1,0,차대차 - 정면충돌,안전운전불이행,건조,맑음,교차로 - 교차로안,승용,남,40세,상해없음,이륜,남,27세,경상
2013073100100014,2013년 7월 31일 00시,수요일,충청북도 청주시 흥덕구 봉명동,경상사고,0,0,1,0,차대차 - 측면직각충돌,안전운전불이행,건조,맑음,교차로 - 교차로안,승용,남,23세,상해없음,원동기,남,18세,경상
2013073100100015,2013년 7월 31일 00시,수요일,충청북도 청주시 흥덕구 복대동,경상사고,0,0,1,0,차대차 - 추돌 - 주정차중,안전운전불이행,건조,맑음,단일로 - 기타,승용,남,52세,상해없음,승용,남,42세,경상
2013073100100038,2013년 7월 31일 01시,수요일,충청북도 청원군 북이면,사망사고,1,0,0,0,차량단독 - 공작물충돌,안전운전불이행,건조,맑음,교차로 - 교차로안,승용,남,47세,사망,,,,
2013073100100131,2013년 7월 31일 08시,수요일,충청북도 청주시 상당구 내덕동,경상사고,0,0,2,0,차대차 - 기타,안전운전불이행,습기,비,단일로 - 기타,승용,남,58세,기타불명,승용,남,64세,경상
2013073100100132,2013년 7월 31일 08시,수요일,충청북도 음성군 감곡면,중상사고,0,2,0,0,차대차 - 기타,중앙선침범,습기,흐림,단일로 - 기타,승용,여,58세,중상,승용,남,80세,중상
2013073100100216,2013년 7월 31일 11시,수요일,충청북도 충주시 연수동,중상사고,0,1,0,1,차대차 - 측면직각충돌,직진우회전진행방해,건조,맑음,교차로 - 교차로안,승용,여,47세,부상신고,승용,여,39세,중상
2013073100100246,2013년 7월 31일 12시,수요일,충청북도 청주시 상당구 북문로1가동,경상사고,0,0,1,0,차대차 - 기타,안전운전불이행,습기,비,교차로 - 교차로부근,승용,남,54세,상해없음,승용,남,46세,경상
2013073100100247,2013년 7월 31일 12시,수요일,충청북도 보은군 장안면,중상사고,0,2,2,0,차대차 - 추돌 - 진행중,안전운전불이행,습기,비,단일로 - 기타,승합,남,52세,상해없음,승용,남,44세,중상
2013073100100248,2013년 7월 31일 12시,수요일,충청북도 청주시 흥덕구 복대동,경상사고,0,0,1,0,차대차 - 추돌 - 주정차중,안전운전불이행,건조,맑음,교차로 - 교차로부근,승용,남,48세,상해없음,승용,여,58세,경상
2013073100100287,2013년 7월 31일 13시,수요일,충청북도 청주시 흥덕구 송정동,경상사고,0,0,1,0,차대차 - 측면직각충돌,신호위반,건조,맑음,교차로 - 교차로안,특수,남,41세,상해없음,승용,여,40세,경상
2013073100100288,2013년 7월 31일 13시,수요일,충청북도 진천군 이월면,경상사고,0,0,1,0,차대차 - 추돌 - 진행중,안전거리미확보,건조,맑음,단일로 - 기타,화물,남,45세,상해없음,승용,여,55세,경상
2013073100100323,2013년 7월 31일 14시,수요일,충청북도 음성군 금왕읍,경상사고,0,0,1,0,차대차 - 측면직각충돌,교차로운행방법위반,건조,맑음,교차로 - 교차로안,승용,여,46세,경상,화물,남,60세,상해없음
2013073100100324,2013년 7월 31일 14시,수요일,충청북도 청주시 흥덕구 사창동,경상사고,0,0,1,0,차대차 - 측면직각충돌,안전운전불이행,건조,맑음,단일로 - 기타,승용,남,22세,상해없음,자전거,남,76세,경상
2013073100100325,2013년 7월 31일 14시,수요일,충청북도 청주시 흥덕구 모충동,중상사고,0,1,0,0,차대차 - 기타,안전운전불이행,건조,맑음,교차로 - 교차로안,승용,여,26세,상해없음,자전거,남,71세,중상
2013073100100353,2013년 7월 31일 15시,수요일,충청북도 충주시 연수동,중상사고,0,1,0,0,차대사람 - 기타,보행자보호의무위반,건조,맑음,교차로 - 교차로안,화물,남,24세,상해없음,보행자,여,46세,중상
2013073100100354,2013년 7월 31일 15시,수요일,충청북도 제천시 명동,경상사고,0,0,1,0,차대차 - 기타,신호위반,건조,맑음,교차로 - 교차로안,승용,남,74세,상해없음,승용,남,34세,경상
2013073100100420,2013년 7월 31일 17시,수요일,충청북도 청주시 상당구 사천동,중상사고,0,1,0,0,차대사람 - 기타,안전운전불이행,건조,맑음,단일로 - 기타,승용,남,64세,상해없음,보행자,여,87세,중상
2013073100100421,2013년 7월 31일 17시,수요일,충청북도 충주시 연수동,경상사고,0,0,3,0,차대차 - 기타,안전운전불이행,건조,맑음,교차로 - 교차로안,승용,남,51세,상해없음,승용,여,39세,경상
2013073100100422,2013년 7월 31일 17시,수요일,충청북도 충주시 대소원면,중상사고,0,1,0,0,차대사람 - 횡단중,중앙선침범,건조,맑음,단일로 - 기타,승용,여,32세,상해없음,보행자,여,27세,중상
2013073100100423,2013년 7월 31일 17시,수요일,충청북도 청주시 흥덕구 가경동,경상사고,0,0,1,0,차대차 - 측면직각충돌,안전운전불이행,건조,맑음,교차로 - 교차로안,승용,남,52세,상해없음,자전거,남,10세,경상
2013073100100459,2013년 7월 31일 18시,수요일,충청북도 제천시 신월동,중상사고,0,2,0,0,차대차 - 기타,안전운전불이행,건조,맑음,교차로 - 교차로부근,승용,남,47세,중상,건설기계,남,48세,상해없음
2013073100100514,2013년 7월 31일 20시,수요일,충청북도 청주시 상당구 석교동,중상사고,0,2,0,0,차대차 - 기타,안전운전불이행,건조,맑음,교차로 - 교차로안,승용,남,40세,상해없음,화물,남,30세,중상
2013073100100515,2013년 7월 31일 20시,수요일,충청북도 영동군 매곡면,경상사고,0,0,1,0,차량단독 - 기타,안전운전불이행,건조,맑음,단일로 - 기타,이륜,남,68세,경상,,,,
2013073100100540,2013년 7월 31일 21시,수요일,충청북도 제천시 청전동,중상사고,0,1,1,0,차대차 - 기타,안전운전불이행,건조,맑음,교차로 - 교차로부근,승용,남,38세,상해없음,승용,남,63세,경상
2013073100100572,2013년 7월 31일 22시,수요일,충청북도 충주시 연수동,경상사고,0,0,2,0,차대차 - 기타,중앙선침범,건조,맑음,단일로 - 기타,승용,남,45세,상해없음,승용,남,30세,경상
2013073100100573,2013년 7월 31일 22시,수요일,충청북도 충주시 금릉동,중상사고,0,1,0,1,차대차 - 기타,직진우회전진행방해,건조,맑음,교차로 - 교차로안,승합,남,35세,부상신고,승용,남,52세,중상
2013073100100574,2013년 7월 31일 22시,수요일,충청북도 청주시 흥덕구 송정동,중상사고,0,3,3,0,차대차 - 추돌 - 주정차중,안전운전불이행,건조,맑음,단일로 - 기타,승용,남,62세,상해없음,승용,남,23세,상해없음
2013073100100575,2013년 7월 31일 22시,수요일,충청북도 청원군 남이면,경상사고,0,0,1,0,차대차 - 기타,안전운전불이행,건조,맑음,교차로 - 교차로부근,승용,남,56세,상해없음,승용,남,23세,경상
2013073100100615,2013년 7월 31일 23시,수요일,충청북도 청주시 흥덕구 수곡동,경상사고,0,0,1,0,차량단독 - 기타,안전운전불이행,건조,맑음,단일로 - 기타,승용,남,39세,상해없음,,,,
2013080100100086,2013년 8월 1일 06시,목요일,충청북도 청원군 오창읍,경상사고,0,0,3,0,차대차 - 추돌 - 진행중,안전운전불이행,건조,맑음,기타 - 기타,화물,남,45세,상해없음,승합,남,41세,경상
2013080100100103,2013년 8월 1일 07시,목요일,충청북도 충주시 지현동,경상사고,0,0,1,0,차대차 - 측면직각충돌,안전운전불이행,건조,맑음,교차로 - 교차로안,승용,남,54세,상해없음,자전거,남,18세,경상
2013080100100125,2013년 8월 1일 08시,목요일,충청북도 단양군 단양읍,경상사고,0,0,2,0,차대차 - 측면직각충돌,교차로운행방법위반,건조,맑음,교차로 - 교차로안,화물,남,69세,상해없음,승용,남,67세,경상
2013080100100152,2013년 8월 1일 09시,목요일,충청북도 충주시 성서동,중상사고,0,1,0,0,차대차 - 추돌 - 주정차중,안전운전불이행,건조,맑음,단일로 - 기타,원동기,남,72세,상해없음,승용,여,42세,중상
2013080100100153,2013년 8월 1일 09시,목요일,충청북도 증평군 증평읍,중상사고,0,2,12,0,차대차 - 추돌 - 진행중,안전운전불이행,건조,맑음,단일로 - 기타,화물,남,35세,상해없음,승용,남,49세,중상
2013080100100154,2013년 8월 1일 09시,목요일,충청북도 진천군 진천읍,중상사고,0,1,0,0,차대차 - 측면직각충돌,안전운전불이행,건조,맑음,단일로 - 기타,승용,여,68세,상해없음,원동기,남,78세,중상
2013080100100183,2013년 8월 1일 10시,목요일,충청북도 청주시 상당구 율량동,경상사고,0,0,1,0,차대차 - 측면직각충돌,안전운전불이행,건조,맑음,기타 - 기타,화물,기타불명,기타불명,기타불명,원동기,남,29세,경상
2013080100100184,2013년 8월 1일 10시,목요일,충청북도 진천군 문백면,중상사고,0,2,1,0,차대차 - 추돌 - 진행중,안전운전불이행,건조,맑음,단일로 - 기타,화물,남,35세,상해없음,승용,남,47세,경상
2013080100100223,2013년 8월 1일 11시,목요일,충청북도 충주시 산척면,경상사고,0,0,2,0,차량단독 - 공작물충돌,안전운전불이행,건조,맑음,단일로 - 기타,승용,남,18세,상해없음,,,,
2013080100100251,2013년 8월 1일 12시,목요일,충청북도 청주시 상당구 대성동,중상사고,0,1,0,0,차대사람 - 횡단중,안전운전불이행,건조,맑음,단일로 - 기타,승용,남,40세,상해없음,보행자,여,55세,중상
2013080100100282,2013년 8월 1일 13시,목요일,충청북도 충주시 가금면,경상사고,0,0,1,0,차대차 - 측면직각충돌,직진우회전진행방해,건조,맑음,교차로 - 교차로안,승합,남,48세,상해없음,승용,여,50세,경상
2013080100100283,2013년 8월 1일 13시,목요일,충청북도 단양군 단양읍,경상사고,0,0,1,0,차대사람 - 횡단중,안전운전불이행,건조,맑음,단일로 - 기타,승용,남,40세,상해없음,보행자,남,7세,경상
2013080100100299,2013년 8월 1일 14시,목요일,충청북도 제천시 수산면,중상사고,0,1,0,0,차대차 - 기타,중앙선침범,건조,맑음,단일로 - 기타,승용,남,45세,상해없음,원동기,남,72세,중상
2013080100100300,2013년 8월 1일 14시,목요일,충청북도 청원군 미원면,중상사고,0,1,0,0,차량단독 - 공작물충돌,안전운전불이행,건조,맑음,단일로 - 기타,승용,남,50세,상해없음,,,,
2013080100100336,2013년 8월 1일 15시,목요일,충청북도 청주시 상당구 대성동,경상사고,0,0,1,0,차대차 - 측면직각충돌,안전운전불이행,건조,맑음,단일로 - 기타,승용,남,41세,상해없음,원동기,남,72세,경상
2013080100100337,2013년 8월 1일 15시,목요일,충청북도 충주시 달천동,중상사고,0,3,0,0,차대차 - 추돌 - 주정차중,안전거리미확보,건조,맑음,단일로 - 교량,건설기계,남,40세,상해없음,승용,남,35세,중상
2013080100100338,2013년 8월 1일 15시,목요일,충청북도 충주시 엄정면,경상사고,0,0,2,0,차대차 - 측면직각충돌,안전거리미확보,건조,맑음,단일로 - 기타,승용,남,40세,상해없음,승용,남,28세,경상
2013080100100339,2013년 8월 1일 15시,목요일,충청북도 진천군 진천읍,중상사고,0,1,0,0,차대차 - 측면직각충돌,교차로운행방법위반,건조,맑음,교차로 - 교차로안,승용,남,24세,상해없음,승용,여,58세,중상
2013080100100340,2013년 8월 1일 15시,목요일,충청북도 진천군 이월면,경상사고,0,0,1,0,차대차 - 기타,기타,건조,맑음,교차로 - 교차로안,승용,남,46세,상해없음,원동기,남,75세,경상
2013080100100372,2013년 8월 1일 16시,목요일,충청북도 괴산군 청천면,중상사고,0,1,0,0,차대차 - 측면직각충돌,안전운전불이행,건조,맑음,단일로 - 기타,승용,여,54세,상해없음,원동기,남,77세,중상
2013080100100411,2013년 8월 1일 17시,목요일,충청북도 청주시 상당구 영동,중상사고,0,1,0,0,차대차 - 추돌 - 진행중,안전운전불이행,건조,맑음,단일로 - 기타,승용,기타불명,기타불명,기타불명,승용,남,59세,중상
2013080100100412,2013년 8월 1일 17시,목요일,충청북도 영동군 영동읍,중상사고,0,1,0,0,차대차 - 기타,안전운전불이행,건조,흐림,교차로 - 교차로안,승용,여,56세,상해없음,원동기,남,70세,중상
2013080100100413,2013년 8월 1일 17시,목요일,충청북도 단양군 매포읍,중상사고,0,3,1,0,차대차 - 추돌 - 주정차중,안전거리미확보,건조,맑음,교차로 - 교차로부근,승용,남,54세,상해없음,승용,남,53세,중상
2013080100100414,2013년 8월 1일 17시,목요일,충청북도 진천군 광혜원면,중상사고,0,1,0,0,차대사람 - 횡단중,안전운전불이행,건조,맑음,기타 - 기타,승용,남,32세,상해없음,보행자,여,11세,중상
2013080100100415,2013년 8월 1일 17시,목요일,충청북도 청주시 흥덕구 복대동,중상사고,0,1,0,0,차대사람 - 횡단중,안전운전불이행,건조,맑음,단일로 - 기타,승용,남,38세,상해없음,보행자,남,10세,중상
2013080100100445,2013년 8월 1일 18시,목요일,충청북도 청주시 상당구 수동,경상사고,0,0,2,0,차대차 - 측면직각충돌,신호위반,건조,맑음,교차로 - 교차로안,승용,남,21세,경상,화물,남,57세,경상
2013080100100446,2013년 8월 1일 18시,목요일,충청북도 청원군 남이면,중상사고,0,2,5,0,차대차 - 추돌 - 주정차중,안전운전불이행,건조,맑음,단일로 - 기타,승합,남,30세,상해없음,승용,남,57세,중상
2013080100100513,2013년 8월 1일 20시,목요일,충청북도 옥천군 옥천읍,경상사고,0,0,3,0,차대차 - 측면직각충돌,중앙선침범,습기,비,교차로 - 교차로부근,승용,남,52세,상해없음,승용,남,42세,경상
2013080100100514,2013년 8월 1일 20시,목요일,충청북도 청주시 흥덕구 봉명동,중상사고,0,1,0,0,차대사람 - 횡단중,보행자보호의무위반,건조,맑음,단일로 - 횡단보도상,승용,남,35세,상해없음,보행자,남,29세,중상
2013080100100544,2013년 8월 1일 21시,목요일,충청북도 청원군 북이면,경상사고,0,0,3,0,차대차 - 추돌 - 주정차중,안전운전불이행,건조,맑음,기타 - 기타,승용,남,43세,상해없음,승용,남,47세,경상
2013080100100572,2013년 8월 1일 22시,목요일,충청북도 충주시 가금면,중상사고,0,1,0,0,차대차 - 측면직각충돌,직진우회전진행방해,건조,맑음,교차로 - 교차로안,승용,남,57세,상해없음,승용,여,25세,중상
2013080100100573,2013년 8월 1일 22시,목요일,충청북도 제천시 신월동,경상사고,0,0,2,0,차대차 - 기타,신호위반,건조,흐림,교차로 - 교차로안,승용,여,56세,상해없음,화물,남,60세,경상
2013080100100604,2013년 8월 1일 23시,목요일,충청북도 청주시 흥덕구 비하동,경상사고,0,0,2,0,차대차 - 추돌 - 주정차중,안전운전불이행,건조,맑음,교차로 - 교차로부근,승용,남,39세,상해없음,승용,남,31세,경상
2013080200100029,2013년 8월 2일 01시,금요일,충청북도 제천시 영천동,중상사고,0,2,3,0,차대차 - 기타,안전운전불이행,건조,맑음,교차로 - 교차로안,승용,남,39세,상해없음,승용,여,57세,경상
2013080200100083,2013년 8월 2일 07시,금요일,충청북도 제천시 장락동,중상사고,0,1,0,0,차대사람 - 기타,보행자보호의무위반,건조,맑음,단일로 - 횡단보도상,승합,남,52세,상해없음,보행자,남,13세,중상
2013080200100084,2013년 8월 2일 07시,금요일,충청북도 제천시 덕산면,경상사고,0,0,2,0,차대차 - 정면충돌,중앙선침범,건조,맑음,교차로 - 교차로부근,승용,남,27세,상해없음,화물,남,41세,경상
2013080200100137,2013년 8월 2일 10시,금요일,충청북도 제천시 봉양읍,경상사고,0,0,1,0,차대차 - 기타,교차로운행방법위반,습기,비,교차로 - 교차로안,특수,남,54세,상해없음,승용,남,51세,경상
2013080200100164,2013년 8월 2일 11시,금요일,충청북도 괴산군 칠성면,경상사고,0,0,2,0,차대차 - 추돌 - 진행중,안전거리미확보,건조,맑음,기타 - 기타,화물,남,55세,상해없음,승용,여,25세,경상
2013080200100238,2013년 8월 2일 13시,금요일,충청북도 단양군 단양읍,중상사고,0,1,5,0,차대차 - 추돌 - 진행중,안전운전불이행,건조,맑음,단일로 - 기타,승용,남,57세,상해없음,승용,남,28세,경상
2013080200100267,2013년 8월 2일 14시,금요일,충청북도 청주시 흥덕구 강서동,경상사고,0,0,1,0,차대사람 - 횡단중,보행자보호의무위반,건조,맑음,단일로 - 횡단보도상,승용,여,24세,상해없음,보행자,남,7세,경상
2013080200100300,2013년 8월 2일 15시,금요일,충청북도 옥천군 이원면,사망사고,1,2,2,0,차량단독 - 기타,안전운전불이행,건조,맑음,단일로 - 기타,승용,남,45세,경상,,,,
2013080200100301,2013년 8월 2일 15시,금요일,충청북도 청주시 흥덕구 모충동,경상사고,0,0,1,0,차대차 - 측면직각충돌,안전운전불이행,건조,맑음,교차로 - 교차로부근,원동기,남,20세,상해없음,승용,남,60세,경상
2013080200100330,2013년 8월 2일 16시,금요일,충청북도 보은군 보은읍,중상사고,0,1,0,0,차대차 - 측면직각충돌,교차로운행방법위반,건조,맑음,교차로 - 교차로안,승용,남,53세,상해없음,이륜,남,25세,중상
2013080200100331,2013년 8월 2일 16시,금요일,충청북도 청주시 흥덕구 비하동,경상사고,0,0,1,0,차대차 - 측면직각충돌,안전거리미확보,건조,맑음,단일로 - 기타,승용,남,42세,상해없음,승합,여,51세,경상
2013080200100367,2013년 8월 2일 17시,금요일,충청북도 청주시 상당구 영운동,중상사고,0,1,1,0,차대차 - 측면직각충돌,중앙선침범,건조,맑음,단일로 - 기타,화물,남,62세,상해없음,승용,남,30세,경상