사고번호,사고일시,요일,시군구,사고내용,사망자수,중상자수,경상자수,부상신고자수,사고유형,법규위반,노면상태,기상상태,도로형태,가해운전자 차종,가해운전자 성별,가해운전자 연령,가해운전자 상해정도,피해운전자 차종,피해운전자 성별,피해운전자 연령,피해운전자 상해정도
2013080700100220,2013년 8월 7일 12시,수요일,충청북도 청주시 흥덕구 사창동,부상신고사고,0,0,0,1,차대차 - 측면직각충돌,신호위반,건조,맑음,교차로 - 교차로안,승용,여,53세,상해없음,승용,남,45세,부상신고
2013080700100241,2013년 8월 7일 13시,수요일,충청북도 충주시 가금면,중상사고,0,1,0,1,차대차 - 추돌 - 진행중,안전운전불이행,건조,맑음,단일로 - 교량,화물,남,45세,부상신고,화물,남,43세,중상
2013080700100242,2013년 8월 7일 13시,수요일,충청북도 제천시 청전동,경상사고,0,0,1,0,차대차 - 기타,안전거리미확보,건조,맑음,단일로 - 기타,승용,남,69세,상해없음,승용,여,35세,경상
2013080700100330,2013년 8월 7일 16시,수요일,충청북도 청원군 남일면,중상사고,0,2,0,0,차대차 - 측면직각충돌,안전운전불이행,건조,맑음,단일로 - 기타,승용,남,41세,상해없음,승용,남,56세,중상
2013080700100331,2013년 8월 7일 16시,수요일,충청북도 청주시 흥덕구 분평동,경상사고,0,0,4,0,차대차 - 추돌 - 진행중,안전운전불이행,건조,맑음,단일로 - 기타,승용,여,42세,상해없음,승용,여,31세,경상
2013080700100332,2013년 8월 7일 16시,수요일,충청북도 청주시 상당구 용암동,중상사고,0,1,0,0,차대차 - 측면직각충돌,안전운전불이행,건조,맑음,단일로 - 횡단보도상,승용,남,47세,상해없음,자전거,남,8세,중상
2013080700100366,2013년 8월 7일 17시,수요일,충청북도 청주시 상당구 서문동,경상사고,0,0,1,0,차대차 - 측면직각충돌,안전운전불이행,건조,맑음,교차로 - 교차로부근,자전거,남,74세,경상,승용,남,25세,상해없음
2013080700100367,2013년 8월 7일 17시,수요일,충청북도 제천시 하소동,중상사고,0,1,0,0,차대차 - 기타,안전운전불이행,건조,맑음,교차로 - 교차로부근,승용,여,53세,상해없음,승용,남,58세,중상
2013080700100368,2013년 8월 7일 17시,수요일,충청북도 증평군 증평읍,경상사고,0,0,3,0,차대차 - 측면직각충돌,안전운전불이행,건조,맑음,단일로 - 횡단보도부근,승합,여,50세,경상,승용,남,27세,경상
2013080700100400,2013년 8월 7일 18시,수요일,충청북도 청원군 오창읍,경상사고,0,0,1,0,차대차 - 측면직각충돌,교차로운행방법위반,건조,맑음,교차로 - 교차로안,승용,남,65세,상해없음,승용,여,36세,경상
2013080700100401,2013년 8월 7일 18시,수요일,충청북도 청주시 상당구 우암동,경상사고,0,0,1,0,차대차 - 추돌 - 진행중,안전운전불이행,건조,맑음,교차로 - 교차로부근,승합,남,51세,상해없음,승용,남,45세,상해없음
2013080700100402,2013년 8월 7일 18시,수요일,충청북도 충주시 달천동,경상사고,0,0,3,0,차대차 - 측면직각충돌,신호위반,건조,맑음,교차로 - 교차로안,승용,남,52세,상해없음,승용,여,41세,경상
2013080700100475,2013년 8월 7일 20시,수요일,충청북도 청주시 상당구 주중동,경상사고,0,0,1,0,차대차 - 측면직각충돌,안전거리미확보,건조,맑음,교차로 - 교차로부근,이륜,남,68세,상해없음,이륜,남,24세,경상
2013080700100476,2013년 8월 7일 20시,수요일,충청북도 청주시 상당구 율량동,중상사고,0,1,0,0,차대사람 - 길가장자리구역통행중,안전운전불이행,건조,맑음,교차로 - 교차로부근,승용,남,42세,상해없음,보행자,여,70세,중상
2013080700100509,2013년 8월 7일 21시,수요일,충청북도 청주시 흥덕구 분평동,경상사고,0,0,1,0,차대차 - 측면직각충돌,안전운전불이행,건조,맑음,교차로 - 교차로부근,승용,남,59세,상해없음,자전거,남,39세,경상
2013080700100544,2013년 8월 7일 22시,수요일,충청북도 증평군 증평읍,중상사고,0,1,1,0,차대차 - 추돌 - 주정차중,안전운전불이행,기타,흐림,교차로 - 교차로안,승용,남,61세,경상,승용,남,39세,상해없음
2013080800100151,2013년 8월 8일 09시,목요일,충청북도 충주시 신니면,중상사고,0,1,1,0,차량단독 - 공작물충돌,안전운전불이행,건조,맑음,교차로 - 교차로부근,승용,남,41세,경상,,,,
2013080800100152,2013년 8월 8일 09시,목요일,충청북도 영동군 영동읍,경상사고,0,0,2,0,차대차 - 기타,신호위반,건조,맑음,교차로 - 교차로안,승용,남,59세,상해없음,화물,남,57세,경상
2013080800100185,2013년 8월 8일 10시,목요일,충청북도 영동군 학산면,중상사고,0,1,0,0,차대차 - 기타,안전운전불이행,건조,맑음,단일로 - 기타,승합,남,44세,상해없음,원동기,남,76세,중상
2013080800100186,2013년 8월 8일 10시,목요일,충청북도 충주시 노은면,중상사고,0,14,3,0,차대차 - 추돌 - 주정차중,안전거리미확보,건조,맑음,단일로 - 기타,화물,남,45세,상해없음,승용,남,41세,중상
2013080800100187,2013년 8월 8일 10시,목요일,충청북도 진천군 이월면,중상사고,0,1,0,1,차대차 - 추돌 - 주정차중,안전운전불이행,건조,맑음,단일로 - 기타,화물,남,59세,부상신고,승용,남,46세,중상
2013080800100247,2013년 8월 8일 12시,목요일,충청북도 청주시 상당구 용암동,중상사고,0,1,0,0,차량단독 - 기타,기타,건조,맑음,단일로 - 기타,승합,남,50세,상해없음,,,,
2013080800100248,2013년 8월 8일 12시,목요일,충청북도 진천군 덕산면,중상사고,0,1,2,0,차대차 - 추돌 - 주정차중,안전거리미확보,건조,맑음,단일로 - 기타,화물,남,53세,상해없음,승용,여,44세,경상
2013080800100297,2013년 8월 8일 14시,목요일,충청북도 제천시 화산동,경상사고,0,0,2,0,차대차 - 기타,직진우회전진행방해,건조,맑음,교차로 - 교차로안,이륜,남,23세,경상,승용,남,57세,경상
2013080800100298,2013년 8월 8일 14시,목요일,충청북도 청주시 흥덕구 봉명동,경상사고,0,0,5,0,차대차 - 측면직각충돌,안전운전불이행,건조,맑음,단일로 - 기타,승용,여,39세,경상,승용,여,53세,경상
2013080800100299,2013년 8월 8일 14시,목요일,충청북도 청주시 상당구 용암동,중상사고,0,1,1,0,차대차 - 기타,안전운전불이행,건조,맑음,단일로 - 기타,화물,남,33세,상해없음,승용,남,43세,경상
2013080800100332,2013년 8월 8일 15시,목요일,충청북도 음성군 생극면,중상사고,0,2,0,0,차량단독 - 공작물충돌,안전운전불이행,건조,맑음,단일로 - 기타,승용,남,53세,상해없음,,,,
2013080800100435,2013년 8월 8일 18시,목요일,충청북도 청주시 상당구 주중동,경상사고,0,0,2,0,차대차 - 기타,중앙선침범,건조,맑음,교차로 - 교차로부근,승용,여,40세,상해없음,승용,남,30세,경상
2013080800100512,2013년 8월 8일 20시,목요일,충청북도 청원군 오창읍,경상사고,0,0,1,0,차대사람 - 차도통행중,안전운전불이행,건조,맑음,단일로 - 횡단보도부근,승용,남,43세,상해없음,보행자,남,29세,경상
2013080800100513,2013년 8월 8일 20시,목요일,충청북도 청원군 내수읍,중상사고,0,1,0,0,차대차 - 기타,신호위반,건조,맑음,교차로 - 교차로안,승용,여,20세,상해없음,승용,여,36세,중상
2013080900100014,2013년 8월 9일 00시,금요일,충청북도 청주시 상당구 율량동,경상사고,0,0,2,0,차대차 - 측면직각충돌,안전거리미확보,건조,맑음,단일로 - 기타,승용,남,26세,상해없음,이륜,남,24세,경상
2013080900100070,2013년 8월 9일 06시,금요일,충청북도 옥천군 옥천읍,경상사고,0,0,2,0,차대차 - 측면직각충돌,교차로운행방법위반,건조,맑음,교차로 - 교차로안,화물,남,26세,상해없음,승용,남,42세,경상
2013080900100138,2013년 8월 9일 09시,금요일,충청북도 청원군 북이면,사망사고,1,0,0,0,차대차 - 추돌 - 진행중,안전운전불이행,건조,맑음,단일로 - 기타,건설기계,남,55세,상해없음,자전거,남,58세,사망
2013080900100168,2013년 8월 9일 10시,금요일,충청북도 제천시 하소동,경상사고,0,0,2,0,차대차 - 측면직각충돌,안전운전불이행,건조,맑음,교차로 - 교차로안,승용,남,43세,상해없음,화물,남,30세,경상
2013080900100198,2013년 8월 9일 11시,금요일,충청북도 충주시 성남동,중상사고,0,1,0,1,차대차 - 추돌 - 진행중,직진우회전진행방해,건조,맑음,교차로 - 교차로안,이륜,남,81세,부상신고,승용,여,31세,중상
2013080900100199,2013년 8월 9일 11시,금요일,충청북도 청주시 흥덕구 봉명동,중상사고,0,1,0,0,차대차 - 측면직각충돌,교차로운행방법위반,건조,맑음,교차로 - 교차로안,승용,남,44세,상해없음,이륜,남,45세,중상
2013080900100236,2013년 8월 9일 12시,금요일,충청북도 영동군 심천면,중상사고,0,1,0,0,차량단독 - 기타,안전운전불이행,건조,맑음,단일로 - 기타,원동기,남,71세,중상,,,,
2013080900100266,2013년 8월 9일 13시,금요일,충청북도 충주시 봉방동,경상사고,0,0,3,0,차대차 - 추돌 - 진행중,교차로운행방법위반,건조,맑음,교차로 - 교차로안,화물,남,42세,상해없음,승용,남,30세,경상
2013080900100267,2013년 8월 9일 13시,금요일,충청북도 음성군 맹동면,중상사고,0,1,0,0,차대사람 - 기타,안전운전불이행,건조,맑음,단일로 - 기타,승용,남,50세,상해없음,보행자,남,11세,중상
2013080900100300,2013년 8월 9일 14시,금요일,충청북도 영동군 영동읍,중상사고,0,1,0,0,차대차 - 기타,과속,건조,맑음,단일로 - 기타,승용,남,40세,상해없음,이륜,남,76세,중상
2013080900100332,2013년 8월 9일 15시,금요일,충청북도 청원군 오창읍,경상사고,0,0,1,0,차대차 - 측면직각충돌,안전운전불이행,건조,맑음,교차로 - 교차로부근,화물,남,22세,상해없음,자전거,남,10세,경상
2013080900100333,2013년 8월 9일 15시,금요일,충청북도 청주시 흥덕구 송정동,경상사고,0,0,1,0,차대차 - 추돌 - 진행중,안전운전불이행,건조,맑음,교차로 - 교차로부근,화물,남,53세,상해없음,승용,남,38세,경상
2013080900100334,2013년 8월 9일 15시,금요일,충청북도 청원군 옥산면,경상사고,0,0,1,0,차대차 - 측면직각충돌,안전운전불이행,건조,맑음,단일로 - 기타,이륜,남,25세,경상,승용,여,42세,상해없음
2013080900100335,2013년 8월 9일 15시,금요일,충청북도 옥천군 군북면,경상사고,0,0,2,0,차대차 - 추돌 - 진행중,안전거리미확보,건조,맑음,단일로 - 기타,화물,남,58세,상해없음,승용,여,33세,경상
2013080900100369,2013년 8월 9일 16시,금요일,충청북도 단양군 단양읍,경상사고,0,0,1,0,차대차 - 추돌 - 진행중,안전거리미확보,건조,맑음,단일로 - 기타,승용,남,73세,상해없음,승용,여,51세,경상
2013080900100403,2013년 8월 9일 17시,금요일,충청북도 청주시 상당구 우암동,경상사고,0,0,1,0,차대차 - 측면직각충돌,교차로운행방법위반,건조,맑음,교차로 - 교차로안,승용,남,42세,상해없음,이륜,남,51세,경상
2013080900100404,2013년 8월 9일 17시,금요일,충청북도 청주시 흥덕구 산남동,중상사고,0,1,0,0,차대사람 - 횡단중,안전운전불이행,건조,맑음,단일로 - 기타,승용,남,53세,상해없음,보행자,여,10세,중상
2013080900100445,2013년 8월 9일 18시,금요일,충청북도 충주시 교현동,경상사고,0,0,1,0,차대차 - 기타,안전운전불이행,건조,맑음,교차로 - 교차로안,승용,여,31세,상해없음,자전거,여,22세,경상
2013080900100446,2013년 8월 9일 18시,금요일,충청북도 진천군 광혜원면,경상사고,0,0,1,0,차대차 - 측면직각충돌,교차로운행방법위반,건조,맑음,교차로 - 교차로안,화물,남,50세,상해없음,승용,여,23세,경상
2013080900100447,2013년 8월 9일 18시,금요일,충청북도 청주시 상당구 영운동,경상사고,0,0,2,0,차대차 - 측면직각충돌,직진우회전진행방해,건조,맑음,교차로 - 교차로안,승용,여,42세,경상,승용,남,63세,경상
2013080900100491,2013년 8월 9일 19시,금요일,충청북도 청주시 상당구 사천동,경상사고,0,0,2,0,차대차 - 추돌 - 주정차중,안전운전불이행,건조,맑음,교차로 - 교차로부근,승용,남,50세,상해없음,승용,남,33세,경상
2013080900100492,2013년 8월 9일 19시,금요일,충청북도 제천시 청전동,중상사고,0,1,0,0,차대차 - 추돌 - 진행중,교차로운행방법위반,습기,흐림,교차로 - 교차로안,승용,남,45세,상해없음,원동기,여,76세,중상
2013080900100493,2013년 8월 9일 19시,금요일,충청북도 괴산군 청안면,경상사고,0,0,2,0,차대차 - 기타,중앙선침범,건조,맑음,단일로 - 기타,승용,남,47세,상해없음,승용,남,52세,경상
2013080900100529,2013년 8월 9일 20시,금요일,충청북도 옥천군 옥천읍,경상사고,0,0,1,0,차대차 - 측면직각충돌,중앙선침범,건조,맑음,단일로 - 기타,이륜,남,54세,경상,화물,남,32세,상해없음
2013080900100530,2013년 8월 9일 20시,금요일,충청북도 진천군 진천읍,중상사고,0,1,0,0,차대차 - 측면직각충돌,안전운전불이행,건조,맑음,교차로 - 교차로부근,승용,여,52세,상해없음,승용,남,46세,중상
2013080900100619,2013년 8월 9일 23시,금요일,충청북도 청원군 오창읍,경상사고,0,0,1,0,차량단독 - 공작물충돌,안전운전불이행,건조,맑음,교차로 - 교차로부근,승용,남,24세,상해없음,,,,
2013081000100042,2013년 8월 10일 01시,토요일,충청북도 청주시 상당구 금천동,경상사고,0,0,2,0,차대차 - 측면직각충돌,차로위반,건조,맑음,교차로 - 교차로부근,화물,남,30세,상해없음,승용,여,53세,경상
2013081000100043,2013년 8월 10일 01시,토요일,충청북도 제천시 명동,경상사고,0,0,2,0,차대차 - 측면직각충돌,안전운전불이행,건조,맑음,교차로 - 교차로안,승용,남,20세,상해없음,승용,남,48세,경상
2013081000100044,2013년 8월 10일 01시,토요일,충청북도 청주시 흥덕구 복대동,중상사고,0,1,0,0,차대사람 - 기타,안전운전불이행,건조,맑음,교차로 - 교차로안,승용,남,35세,상해없음,보행자,남,32세,중상
2013081000100129,2013년 8월 10일 06시,토요일,충청북도 제천시 하소동,경상사고,0,0,2,0,차대차 - 측면직각충돌,신호위반,건조,맑음,교차로 - 교차로안,승용,여,43세,상해없음,승용,여,46세,경상
2013081000100272,2013년 8월 10일 12시,토요일,충청북도 청주시 흥덕구 산남동,경상사고,0,0,3,0,차대차 - 측면직각충돌,중앙선침범,건조,맑음,단일로 - 기타,승용,남,26세,상해없음,승용,여,37세,경상
2013081000100304,2013년 8월 10일 13시,토요일,충청북도 충주시 동량면,중상사고,0,2,1,0,차대차 - 측면직각충돌,직진우회전진행방해,건조,흐림,교차로 - 교차로안,승합,남,61세,상해없음,승용,남,55세,경상
2013081000100305,2013년 8월 10일 13시,토요일,충청북도 영동군 양강면,경상사고,0,0,1,0,차대차 - 기타,중앙선침범,습기,비,단일로 - 기타,승용,남,67세,상해없음,승용,여,62세,경상
2013081000100348,2013년 8월 10일 14시,토요일,충청북도 영동군 심천면,중상사고,0,4,0,0,차대차 - 기타,신호위반,건조,맑음,교차로 - 교차로안,화물,남,41세,상해없음,승용,남,53세,중상
2013081000100388,2013년 8월 10일 15시,토요일,충청북도 청주시 흥덕구 사창동,중상사고,0,1,3,0,차대차 - 측면직각충돌,안전운전불이행,건조,맑음,단일로 - 기타,승용,여,44세,상해없음,원동기,남,20세,경상
2013081000100415,2013년 8월 10일 16시,토요일,충청북도 괴산군 괴산읍,중상사고,0,1,3,0,차대차 - 측면직각충돌,직진우회전진행방해,건조,맑음,교차로 - 교차로안,승용,남,68세,경상,승용,남,37세,경상
2013081000100448,2013년 8월 10일 17시,토요일,충청북도 충주시 교현동,중상사고,0,2,1,0,차대차 - 측면직각충돌,안전운전불이행,건조,맑음,단일로 - 기타,승용,남,20세,상해없음,승용,남,54세,경상
2013081000100487,2013년 8월 10일 18시,토요일,충청북도 청원군 내수읍,사망사고,1,1,0,0,차대차 - 기타,신호위반,건조,맑음,교차로 - 교차로안,이륜,여,70세,사망,이륜,남,22세,중상
2013081000100488,2013년 8월 10일 18시,토요일,충청북도 제천시 천남동,경상사고,0,0,4,0,차대차 - 정면충돌,안전운전불이행,건조,맑음,단일로 - 기타,승용,여,36세,상해없음,승합,남,46세,경상
2013081000100528,2013년 8월 10일 19시,토요일,충청북도 청주시 흥덕구 사직동,경상사고,0,0,3,0,차대차 - 추돌 - 주정차중,안전운전불이행,건조,흐림,교차로 - 교차로부근,승용,남,35세,상해없음,승용,남,24세,경상
2013081000100586,2013년 8월 10일 21시,토요일,충청북도 제천시 청전동,경상사고,0,0,1,0,차대차 - 측면직각충돌,신호위반,건조,맑음,교차로 - 교차로안,자전거,남,23세,경상,승용,남,47세,상해없음
2013081000100587,2013년 8월 10일 21시,토요일,충청북도 청주시 흥덕구 분평동,중상사고,0,1,0,0,차대차 - 측면직각충돌,안전운전불이행,건조,맑음,교차로 - 교차로부근,기타불명,기타불명,기타불명,기타불명,원동기,남,16세,중상
2013081000100617,2013년 8월 10일 22시,토요일,충청북도 충주시 연수동,경상사고,0,0,1,0,차대사람 - 기타,안전운전불이행,건조,맑음,단일로 - 기타,승용,남,40세,상해없음,보행자,여,47세,경상
2013081000100618,2013년 8월 10일 22시,토요일,충청북도 청주시 상당구 용암동,중상사고,0,1,1,0,차대차 - 측면직각충돌,안전운전불이행,건조,맑음,단일로 - 기타,이륜,남,19세,중상,승용,여,48세,경상
2013081000100640,2013년 8월 10일 23시,토요일,충청북도 청주시 상당구 우암동,중상사고,0,1,0,0,차대차 - 기타,기타,건조,맑음,교차로 - 교차로부근,승용,남,62세,상해없음,자전거,남,23세,중상
2013081000100641,2013년 8월 10일 23시,토요일,충청북도 충주시 성내동,경상사고,0,0,1,0,차대차 - 측면직각충돌,신호위반,건조,맑음,단일로 - 기타,승용,남,27세,상해없음,승용,남,28세,경상
2013081100100026,2013년 8월 11일 01시,일요일,충청북도 청주시 상당구 문화동,경상사고,0,0,1,0,차대차 - 기타,안전운전불이행,건조,맑음,단일로 - 기타,승용,남,29세,상해없음,승용,남,49세,경상
2013081100100071,2013년 8월 11일 05시,일요일,충청북도 충주시 대소원면,중상사고,0,1,0,0,차대차 - 측면직각충돌,신호위반,건조,맑음,교차로 - 교차로안,승용,남,58세,상해없음,원동기,남,76세,중상
2013081100100081,2013년 8월 11일 06시,일요일,충청북도 제천시 중앙로2가,중상사고,0,1,1,0,차대차 - 측면직각충돌,신호위반,건조,맑음,교차로 - 교차로안,승합,남,54세,상해없음,승용,남,69세,중상
2013081100100089,2013년 8월 11일 07시,일요일,충청북도 청주시 흥덕구 수곡동,사망사고,1,0,0,0,차대차 - 기타,신호위반,건조,맑음,교차로 - 교차로안,원동기,남,50세,사망,승용,여,27세,상해없음
2013081100100101,2013년 8월 11일 08시,일요일,충청북도 충주시 칠금동,중상사고,0,1,0,0,차대차 - 추돌 - 진행중,직진우회전진행방해,건조,맑음,교차로 - 교차로안,승용,남,44세,상해없음,승용,남,53세,중상
2013081100100117,2013년 8월 11일 09시,일요일,충청북도 청원군 남일면,중상사고,0,1,0,0,차대차 - 기타,안전운전불이행,건조,맑음,기타 - 기타,자전거,남,55세,상해없음,자전거,여,53세,중상
2013081100100175,2013년 8월 11일 12시,일요일,충청북도 청주시 흥덕구 개신동,중상사고,0,1,0,0,차대사람 - 횡단중,신호위반,건조,맑음,교차로 - 교차로안,승용,남,32세,상해없음,보행자,여,25세,중상
2013081100100224,2013년 8월 11일 14시,일요일,충청북도 영동군 용산면,중상사고,0,3,1,0,차대차 - 기타,신호위반,건조,맑음,교차로 - 교차로안,화물,남,35세,중상,승용,남,56세,중상
2013081100100225,2013년 8월 11일 14시,일요일,충청북도 청주시 상당구 산성동,경상사고,0,0,3,0,차대차 - 기타,안전운전불이행,습기,흐림,단일로 - 기타,승용,남,48세,경상,승용,여,47세,경상
2013081100100247,2013년 8월 11일 15시,일요일,충청북도 제천시 봉양읍,경상사고,0,0,1,0,차대차 - 기타,중앙선침범,건조,맑음,단일로 - 기타,승용,남,45세,상해없음,승용,여,39세,경상
2013081100100248,2013년 8월 11일 15시,일요일,충청북도 영동군 상촌면,경상사고,0,0,1,0,차대사람 - 횡단중,안전운전불이행,건조,맑음,단일로 - 기타,승용,남,54세,상해없음,보행자,여,64세,경상
2013081100100277,2013년 8월 11일 16시,일요일,충청북도 청주시 상당구 우암동,경상사고,0,0,3,0,차대차 - 기타,교차로운행방법위반,건조,맑음,교차로 - 교차로안,승용,여,44세,경상,승용,여,39세,경상
2013081100100278,2013년 8월 11일 16시,일요일,충청북도 충주시 문화동,중상사고,0,1,0,0,차대차 - 추돌 - 진행중,안전운전불이행,건조,맑음,기타 - 기타,이륜,기타불명,기타불명,기타불명,자전거,여,59세,중상
2013081100100311,2013년 8월 11일 17시,일요일,충청북도 청주시 상당구 남주동,중상사고,0,1,2,0,차대차 - 측면직각충돌,교차로운행방법위반,건조,맑음,교차로 - 교차로안,승용,여,40세,경상,승용,남,66세,경상
2013081100100312,2013년 8월 11일 17시,일요일,충청북도 청주시 상당구 문화동,경상사고,0,0,1,0,차대차 - 기타,안전운전불이행,습기,흐림,교차로 - 교차로안,승용,남,52세,상해없음,승용,여,24세,상해없음
2013081100100313,2013년 8월 11일 17시,일요일,충청북도 제천시 한수면,경상사고,0,0,4,1,차대차 - 추돌 - 주정차중,안전거리미확보,건조,맑음,단일로 - 기타,화물,남,53세,상해없음,승용,남,54세,부상신고
2013081100100314,2013년 8월 11일 17시,일요일,충청북도 청주시 흥덕구 사창동,경상사고,0,0,3,0,차대차 - 측면직각충돌,신호위반,건조,맑음,단일로 - 기타,승용,남,31세,경상,승용,여,50세,경상
2013081100100342,2013년 8월 11일 18시,일요일,충청북도 보은군 보은읍,경상사고,0,0,2,0,차대차 - 추돌 - 진행중,교차로운행방법위반,건조,흐림,단일로 - 기타,농기계,남,72세,경상,승용,남,70세,경상
2013081100100343,2013년 8월 11일 18시,일요일,충청북도 청주시 흥덕구 비하동,경상사고,0,0,2,0,차대차 - 측면직각충돌,안전운전불이행,건조,맑음,단일로 - 기타,승용,남,40세,상해없음,승용,남,23세,경상
2013081100100371,2013년 8월 11일 19시,일요일,충청북도 청주시 상당구 석교동,경상사고,0,0,5,0,차대차 - 추돌 - 주정차중,안전운전불이행,건조,맑음,교차로 - 교차로부근,승용,남,52세,상해없음,승용,남,57세,경상
2013081100100372,2013년 8월 11일 19시,일요일,충청북도 청주시 상당구 금천동,경상사고,0,0,4,0,차대차 - 측면직각충돌,교차로운행방법위반,건조,맑음,교차로 - 교차로안,승용,남,50세,상해없음,승용,남,40세,경상
2013081100100398,2013년 8월 11일 20시,일요일,충청북도 제천시 화산동,경상사고,0,0,3,0,차대차 - 기타,중앙선침범,건조,맑음,단일로 - 기타,승용,남,54세,상해없음,승용,여,29세,경상
2013081100100399,2013년 8월 11일 20시,일요일,충청북도 청주시 상당구 용암동,경상사고,0,0,1,0,차대차 - 기타,신호위반,건조,맑음,교차로 - 교차로안,원동기,남,19세,경상,승용,남,35세,상해없음
2013081100100426,2013년 8월 11일 21시,일요일,충청북도 음성군 감곡면,중상사고,0,2,1,0,차대차 - 기타,중앙선침범,건조,맑음,단일로 - 기타,승용,여,60세,중상,승용,남,66세,중상
2013081100100455,2013년 8월 11일 22시,일요일,충청북도 충주시 달천동,부상신고사고,0,0,0,1,차대차 - 추돌 - 진행중,안전운전불이행,건조,흐림,단일로 - 기타,원동기,남,56세,부상신고,승용,남,34세,상해없음
2013081200100039,2013년 8월 12일 04시,월요일,충청북도 진천군 진천읍,중상사고,0,1,0,0,차대차 - 측면직각충돌,기타,건조,맑음,교차로 - 교차로안,승용,남,45세,상해없음,승용,여,36세,중상
2013081200100074,2013년 8월 12일 07시,월요일,충청북도 청주시 흥덕구 송정동,경상사고,0,0,1,0,차대차 - 측면직각충돌,중앙선침범,건조,맑음,교차로 - 교차로부근,승용,남,30세,상해없음,화물,여,38세,경상
2013081200100132,2013년 8월 12일 09시,월요일,충청북도 충주시 대소원면,중상사고,0,1,1,0,차대차 - 추돌 - 진행중,안전거리미확보,건조,맑음,단일로 - 기타,화물,남,35세,상해없음,승합,남,20세,경상
2013081200100169,2013년 8월 12일 10시,월요일,충청북도 청주시 흥덕구 산남동,중상사고,0,1,0,0,차대차 - 측면직각충돌,안전운전불이행,건조,맑음,단일로 - 기타,승용,남,32세,상해없음,승용,남,37세,중상
2013081200100170,2013년 8월 12일 10시,월요일,충청북도 청원군 남이면,경상사고,0,0,2,0,차대차 - 추돌 - 진행중,안전운전불이행,건조,맑음,단일로 - 기타,화물,남,60세,상해없음,화물,남,59세,경상
2013081200100200,2013년 8월 12일 11시,월요일,충청북도 청주시 상당구 영운동,경상사고,0,0,2,0,차대차 - 정면충돌,중앙선침범,건조,맑음,단일로 - 기타,승용,남,51세,경상,승용,여,38세,경상
2013081200100232,2013년 8월 12일 12시,월요일,충청북도 제천시 영천동,중상사고,0,1,2,0,차대차 - 측면직각충돌,안전거리미확보,건조,맑음,교차로 - 교차로부근,승용,남,55세,상해없음,화물,여,51세,경상
2013081200100233,2013년 8월 12일 12시,월요일,충청북도 청주시 흥덕구 사창동,중상사고,0,1,0,0,차대차 - 추돌 - 진행중,차로위반,건조,맑음,단일로 - 기타,승용,여,30세,상해없음,승용,남,39세,상해없음
2013081200100265,2013년 8월 12일 13시,월요일,충청북도 청주시 상당구 내덕동,경상사고,0,0,1,0,차대차 - 추돌 - 주정차중,안전운전불이행,건조,맑음,단일로 - 기타,승용,여,43세,상해없음,화물,남,39세,경상
2013081200100266,2013년 8월 12일 13시,월요일,충청북도 충주시 연수동,중상사고,0,4,1,0,차대차 - 추돌 - 진행중,직진우회전진행방해,건조,맑음,교차로 - 교차로안,승용,남,53세,상해없음,승용,남,43세,중상
2013081200100298,2013년 8월 12일 14시,월요일,충청북도 진천군 초평면,경상사고,0,0,1,0,차대차 - 기타,안전운전불이행,건조,맑음,단일로 - 기타,화물,여,60세,상해없음,승용,남,28세,경상
2013081200100332,2013년 8월 12일 15시,월요일,충청북도 제천시 하소동,경상사고,0,0,1,0,차대사람 - 기타,안전운전불이행,건조,맑음,단일로 - 기타,승용,남,27세,상해없음,보행자,남,79세,경상
2013081200100333,2013년 8월 12일 15시,월요일,충청북도 괴산군 칠성면,경상사고,0,0,1,0,차대차 - 추돌 - 주정차중,안전운전불이행,건조,맑음,단일로 - 기타,특수,남,57세,경상,화물,남,57세,기타불명
2013081200100373,2013년 8월 12일 16시,월요일,충청북도 청주시 상당구 율량동,경상사고,0,0,2,0,차대차 - 기타,교차로운행방법위반,건조,맑음,교차로 - 교차로안,승용,여,30세,경상,승용,남,57세,경상
2013081200100374,2013년 8월 12일 16시,월요일,충청북도 제천시 청풍면,중상사고,0,1,0,0,차대사람 - 횡단중,보행자보호의무위반,건조,맑음,단일로 - 횡단보도상,화물,남,33세,상해없음,보행자,남,7세,중상
2013081200100375,2013년 8월 12일 16시,월요일,충청북도 청주시 흥덕구 봉명동,경상사고,0,0,1,1,차대차 - 측면직각충돌,교차로운행방법위반,건조,맑음,교차로 - 교차로안,승용,남,22세,부상신고,승용,여,34세,경상
2013081200100376,2013년 8월 12일 16시,월요일,충청북도 청주시 흥덕구 복대동,부상신고사고,0,0,0,1,차대차 - 측면직각충돌,중앙선침범,건조,맑음,교차로 - 교차로부근,승용,남,51세,상해없음,원동기,남,20세,부상신고
2013081200100377,2013년 8월 12일 16시,월요일,충청북도 청주시 흥덕구 개신동,경상사고,0,0,1,0,차대차 - 측면직각충돌,안전운전불이행,건조,맑음,교차로 - 교차로안,승용,남,56세,상해없음,자전거,여,61세,경상
2013081200100408,2013년 8월 12일 17시,월요일,충청북도 증평군 증평읍,경상사고,0,0,4,0,차대차 - 추돌 - 진행중,신호위반,건조,맑음,교차로 - 교차로안,화물,남,21세,상해없음,승용,남,45세,경상