사고번호,사고일시,요일,시군구,사고내용,사망자수,중상자수,경상자수,부상신고자수,사고유형,법규위반,노면상태,기상상태,도로형태,가해운전자 차종,가해운전자 성별,가해운전자 연령,가해운전자 상해정도,피해운전자 차종,피해운전자 성별,피해운전자 연령,피해운전자 상해정도
2013081200100409,2013년 8월 12일 17시,월요일,충청북도 증평군 증평읍,중상사고,0,2,0,0,차량단독 - 공작물충돌,안전운전불이행,건조,맑음,교차로 - 교차로안,승용,남,45세,중상,,,,
2013081200100410,2013년 8월 12일 17시,월요일,충청북도 청주시 흥덕구 복대동,경상사고,0,0,3,0,차대차 - 추돌 - 주정차중,안전운전불이행,건조,맑음,단일로 - 기타,승용,남,36세,상해없음,승용,여,32세,경상
2013081200100459,2013년 8월 12일 18시,월요일,충청북도 괴산군 청천면,경상사고,0,0,1,0,차대차 - 정면충돌,기타,건조,맑음,교차로 - 교차로안,승용,남,28세,상해없음,승용,남,37세,경상
2013081200100460,2013년 8월 12일 18시,월요일,충청북도 청주시 흥덕구 복대동,경상사고,0,0,4,1,차대차 - 측면직각충돌,안전운전불이행,건조,맑음,교차로 - 교차로부근,승용,남,30세,경상,승용,여,38세,경상
2013081200100499,2013년 8월 12일 19시,월요일,충청북도 청주시 상당구 율량동,중상사고,0,1,0,0,차대사람 - 횡단중,안전운전불이행,건조,맑음,교차로 - 교차로부근,승용,남,29세,상해없음,보행자,남,8세,중상
2013081200100500,2013년 8월 12일 19시,월요일,충청북도 청주시 흥덕구 봉명동,경상사고,0,0,1,0,차대차 - 추돌 - 진행중,안전운전불이행,건조,맑음,교차로 - 교차로부근,승용,기타불명,기타불명,기타불명,승용,여,31세,경상
2013081200100501,2013년 8월 12일 19시,월요일,충청북도 청주시 흥덕구 모충동,경상사고,0,0,1,0,차대차 - 기타,안전운전불이행,건조,맑음,교차로 - 교차로부근,승용,여,42세,상해없음,이륜,남,48세,경상
2013081200100539,2013년 8월 12일 20시,월요일,충청북도 진천군 진천읍,경상사고,0,0,1,0,차대차 - 정면충돌,중앙선침범,건조,맑음,단일로 - 기타,승용,남,22세,상해없음,이륜,남,16세,경상
2013081200100621,2013년 8월 12일 23시,월요일,충청북도 청주시 흥덕구 송정동,경상사고,0,0,1,0,차대차 - 추돌 - 주정차중,안전운전불이행,건조,맑음,단일로 - 기타,승용,남,29세,상해없음,승용,남,30세,경상
2013081300100012,2013년 8월 13일 00시,화요일,충청북도 청주시 흥덕구 복대동,중상사고,0,1,0,0,차대사람 - 길가장자리구역통행중,안전운전불이행,건조,맑음,교차로 - 교차로부근,승용,남,19세,상해없음,보행자,여,27세,중상
2013081300100013,2013년 8월 13일 00시,화요일,충청북도 청주시 흥덕구 봉명동,경상사고,0,0,1,0,차대차 - 추돌 - 진행중,중앙선침범,건조,맑음,단일로 - 기타,승용,남,34세,상해없음,승용,남,31세,경상
2013081300100108,2013년 8월 13일 08시,화요일,충청북도 청주시 상당구 오동동,경상사고,0,0,1,0,차대차 - 기타,안전운전불이행,건조,맑음,단일로 - 기타,승용,남,25세,상해없음,승용,여,32세,경상
2013081300100137,2013년 8월 13일 09시,화요일,충청북도 제천시 금성면,경상사고,0,0,3,0,차대차 - 기타,안전운전불이행,건조,맑음,단일로 - 횡단보도부근,승용,남,23세,경상,승용,남,54세,경상
2013081300100172,2013년 8월 13일 10시,화요일,충청북도 충주시 앙성면,사망사고,1,0,0,0,차대차 - 추돌 - 진행중,직진우회전진행방해,건조,맑음,교차로 - 교차로안,화물,남,46세,상해없음,이륜,남,61세,사망
2013081300100173,2013년 8월 13일 10시,화요일,충청북도 제천시 신월동,경상사고,0,0,2,0,차대차 - 측면직각충돌,안전운전불이행,건조,맑음,교차로 - 교차로부근,승용,여,33세,상해없음,승용,남,61세,경상
2013081300100174,2013년 8월 13일 10시,화요일,충청북도 청원군 옥산면,중상사고,0,1,0,0,차대차 - 기타,안전운전불이행,건조,맑음,단일로 - 기타,기타불명,기타불명,기타불명,기타불명,이륜,여,66세,중상
2013081300100236,2013년 8월 13일 12시,화요일,충청북도 청주시 상당구 내덕동,경상사고,0,0,1,0,차대차 - 기타,신호위반,건조,맑음,교차로 - 교차로부근,승용,남,42세,상해없음,자전거,여,42세,경상
2013081300100237,2013년 8월 13일 12시,화요일,충청북도 진천군 진천읍,경상사고,0,0,1,0,차대차 - 측면직각충돌,안전운전불이행,건조,맑음,단일로 - 기타,승용,여,27세,상해없음,승용,남,49세,경상
2013081300100266,2013년 8월 13일 13시,화요일,충청북도 제천시 의림동,중상사고,0,1,0,0,차대차 - 측면직각충돌,안전운전불이행,습기,비,단일로 - 기타,승용,여,29세,상해없음,자전거,남,55세,중상
2013081300100310,2013년 8월 13일 14시,화요일,충청북도 청주시 흥덕구 복대동,경상사고,0,0,2,0,차대차 - 추돌 - 주정차중,안전거리미확보,건조,맑음,단일로 - 기타,승용,남,49세,상해없음,승용,여,26세,경상
2013081300100354,2013년 8월 13일 15시,화요일,충청북도 증평군 증평읍,부상신고사고,0,0,0,1,차대차 - 정면충돌,직진우회전진행방해,건조,맑음,교차로 - 교차로안,승용,남,55세,상해없음,승용,남,38세,상해없음
2013081300100355,2013년 8월 13일 15시,화요일,충청북도 보은군 속리산면,경상사고,0,0,1,0,차대사람 - 기타,안전운전불이행,건조,맑음,단일로 - 기타,화물,여,38세,상해없음,보행자,남,77세,경상
2013081300100356,2013년 8월 13일 15시,화요일,충청북도 청주시 흥덕구 개신동,중상사고,0,1,2,0,차대차 - 측면직각충돌,안전거리미확보,건조,맑음,단일로 - 기타,승용,여,68세,상해없음,화물,남,44세,중상
2013081300100434,2013년 8월 13일 17시,화요일,충청북도 청주시 상당구 우암동,경상사고,0,0,1,0,차대차 - 기타,중앙선침범,건조,맑음,단일로 - 기타,화물,남,44세,상해없음,승용,여,36세,경상
2013081300100435,2013년 8월 13일 17시,화요일,충청북도 청주시 상당구 율량동,경상사고,0,0,1,0,차대차 - 기타,차로위반,건조,맑음,단일로 - 기타,승용,남,56세,상해없음,승용,여,39세,경상
2013081300100436,2013년 8월 13일 17시,화요일,충청북도 청주시 흥덕구 복대동,경상사고,0,0,3,0,차대차 - 추돌 - 진행중,안전거리미확보,건조,맑음,단일로 - 기타,승용,남,49세,상해없음,승용,여,25세,경상
2013081300100508,2013년 8월 13일 19시,화요일,충청북도 보은군 보은읍,사망사고,1,0,0,0,차대사람 - 횡단중,보행자보호의무위반,건조,맑음,교차로 - 교차로부근,승용,남,68세,상해없음,보행자,여,84세,사망
2013081300100539,2013년 8월 13일 20시,화요일,충청북도 청주시 상당구 금천동,중상사고,0,1,0,0,차대차 - 기타,안전운전불이행,건조,맑음,교차로 - 교차로안,이륜,기타불명,기타불명,기타불명,이륜,남,48세,중상
2013081300100540,2013년 8월 13일 20시,화요일,충청북도 충주시 문화동,경상사고,0,0,1,0,차대차 - 측면직각충돌,신호위반,건조,맑음,교차로 - 교차로안,승용,남,67세,상해없음,승용,남,53세,상해없음
2013081300100570,2013년 8월 13일 21시,화요일,충청북도 충주시 문화동,중상사고,0,1,4,0,차대차 - 추돌 - 주정차중,안전거리미확보,건조,맑음,교차로 - 교차로안,화물,남,38세,상해없음,승용,여,26세,중상
2013081300100571,2013년 8월 13일 21시,화요일,충청북도 음성군 음성읍,중상사고,0,1,0,0,차대사람 - 기타,안전운전불이행,건조,맑음,단일로 - 기타,승용,여,53세,상해없음,보행자,남,46세,중상
2013081400100043,2013년 8월 14일 03시,수요일,충청북도 옥천군 옥천읍,중상사고,0,1,0,0,차대사람 - 차도통행중,안전운전불이행,건조,맑음,교차로 - 교차로안,승용,여,29세,상해없음,보행자,남,62세,중상
2013081400100044,2013년 8월 14일 03시,수요일,충청북도 청주시 흥덕구 복대동,중상사고,0,1,0,0,차대사람 - 기타,안전운전불이행,건조,맑음,단일로 - 기타,화물,남,57세,상해없음,보행자,남,25세,중상
2013081400100086,2013년 8월 14일 07시,수요일,충청북도 영동군 추풍령면,경상사고,0,0,1,0,차량단독 - 도로외이탈 - 기타,안전운전불이행,건조,맑음,단일로 - 기타,승용,여,38세,경상,,,,
2013081400100111,2013년 8월 14일 08시,수요일,충청북도 제천시 고명동,경상사고,0,0,4,0,차대차 - 기타,안전거리미확보,건조,맑음,단일로 - 기타,승용,남,50세,경상,승용,남,48세,상해없음
2013081400100112,2013년 8월 14일 08시,수요일,충청북도 음성군 삼성면,경상사고,0,0,1,0,차대차 - 기타,안전운전불이행,건조,맑음,교차로 - 교차로안,승용,여,30세,상해없음,농기계,남,76세,경상
2013081400100113,2013년 8월 14일 08시,수요일,충청북도 청주시 흥덕구 사직동,경상사고,0,0,1,0,차대사람 - 횡단중,안전운전불이행,건조,맑음,단일로 - 횡단보도상,승용,남,27세,상해없음,보행자,여,38세,경상
2013081400100139,2013년 8월 14일 09시,수요일,충청북도 청원군 문의면,중상사고,0,1,0,0,차대차 - 기타,중앙선침범,건조,맑음,교차로 - 교차로부근,승용,남,52세,상해없음,승용,여,30세,중상
2013081400100170,2013년 8월 14일 10시,수요일,충청북도 단양군 단양읍,중상사고,0,1,0,0,차대차 - 추돌 - 주정차중,안전운전불이행,건조,맑음,교차로 - 교차로안,승용,남,53세,상해없음,승용,여,50세,중상
2013081400100171,2013년 8월 14일 10시,수요일,충청북도 청주시 흥덕구 복대동,경상사고,0,0,1,0,차대사람 - 보도통행중,보행자보호의무위반,건조,맑음,단일로 - 횡단보도상,승용,여,45세,상해없음,보행자,남,7세,경상
2013081400100202,2013년 8월 14일 11시,수요일,충청북도 충주시 가금면,중상사고,0,2,1,0,차대차 - 추돌 - 진행중,안전운전불이행,건조,맑음,단일로 - 기타,승용,여,55세,상해없음,화물,남,74세,경상
2013081400100222,2013년 8월 14일 12시,수요일,충청북도 제천시 화산동,경상사고,0,0,1,0,차대차 - 기타,직진우회전진행방해,건조,맑음,교차로 - 교차로안,승용,남,43세,상해없음,승용,여,38세,경상
2013081400100254,2013년 8월 14일 13시,수요일,충청북도 보은군 보은읍,경상사고,0,0,1,0,차대차 - 측면직각충돌,안전운전불이행,건조,맑음,교차로 - 교차로안,승용,남,80세,상해없음,원동기,남,83세,경상
2013081400100277,2013년 8월 14일 14시,수요일,충청북도 옥천군 옥천읍,경상사고,0,0,1,0,차대차 - 측면직각충돌,안전운전불이행,건조,맑음,교차로 - 교차로안,승용,남,66세,경상,승용,남,52세,상해없음
2013081400100319,2013년 8월 14일 15시,수요일,충청북도 청주시 상당구 북문로1가동,중상사고,0,1,0,0,차대사람 - 기타,안전운전불이행,건조,맑음,단일로 - 기타,기타불명,기타불명,기타불명,기타불명,보행자,여,28세,중상
2013081400100350,2013년 8월 14일 16시,수요일,충청북도 음성군 음성읍,중상사고,0,1,1,0,차대차 - 기타,신호위반,건조,맑음,교차로 - 교차로안,승용,남,27세,경상,승용,남,40세,중상
2013081400100394,2013년 8월 14일 17시,수요일,충청북도 청주시 상당구 사천동,경상사고,0,0,3,0,차대차 - 추돌 - 주정차중,안전운전불이행,건조,맑음,단일로 - 기타,이륜,남,63세,경상,승용,남,29세,경상
2013081400100428,2013년 8월 14일 18시,수요일,충청북도 진천군 진천읍,경상사고,0,0,4,0,차대차 - 측면직각충돌,안전운전불이행,건조,맑음,단일로 - 기타,승용,여,39세,상해없음,승용,남,28세,경상
2013081400100429,2013년 8월 14일 18시,수요일,충청북도 청주시 흥덕구 사창동,경상사고,0,0,1,0,차대차 - 추돌 - 주정차중,안전운전불이행,건조,맑음,단일로 - 기타,승용,남,48세,상해없음,승용,여,28세,경상
2013081400100504,2013년 8월 14일 20시,수요일,충청북도 제천시 장락동,중상사고,0,1,0,0,차대차 - 기타,안전운전불이행,건조,맑음,교차로 - 교차로안,승용,여,38세,상해없음,원동기,남,47세,중상
2013081400100545,2013년 8월 14일 21시,수요일,충청북도 청주시 상당구 우암동,경상사고,0,0,1,0,차대차 - 측면직각충돌,안전운전불이행,건조,맑음,단일로 - 기타,승용,남,26세,상해없음,자전거,남,48세,경상
2013081400100546,2013년 8월 14일 21시,수요일,충청북도 음성군 음성읍,경상사고,0,0,1,0,차대차 - 기타,교차로운행방법위반,건조,맑음,교차로 - 교차로안,승용,여,35세,경상,승용,남,46세,상해없음
2013081400100547,2013년 8월 14일 21시,수요일,충청북도 청주시 흥덕구 가경동,경상사고,0,0,1,0,차대차 - 추돌 - 주정차중,안전운전불이행,건조,맑음,교차로 - 교차로안,승합,남,39세,상해없음,승용,여,26세,경상
2013081400100548,2013년 8월 14일 21시,수요일,충청북도 청원군 강내면,중상사고,0,1,0,0,차량단독 - 전도전복,안전운전불이행,건조,맑음,단일로 - 기타,원동기,남,24세,중상,,,,
2013081400100573,2013년 8월 14일 22시,수요일,충청북도 청주시 흥덕구 복대동,경상사고,0,0,1,0,차대차 - 추돌 - 주정차중,안전운전불이행,건조,맑음,교차로 - 교차로부근,승용,남,42세,상해없음,승용,여,41세,경상
2013081500100043,2013년 8월 15일 01시,목요일,충청북도 청주시 흥덕구 문암동,중상사고,0,2,2,0,차량단독 - 공작물충돌,안전운전불이행,건조,맑음,단일로 - 기타,승용,남,17세,상해없음,,,,
2013081500100071,2013년 8월 15일 03시,목요일,충청북도 충주시 대소원면,중상사고,0,3,1,0,차대차 - 기타,안전운전불이행,건조,흐림,단일로 - 기타,승용,남,57세,경상,승용,여,50세,중상
2013081500100094,2013년 8월 15일 05시,목요일,충청북도 제천시 강제동,경상사고,0,0,1,0,차대차 - 기타,안전운전불이행,건조,맑음,교차로 - 교차로안,승용,남,27세,상해없음,승용,남,72세,경상
2013081500100105,2013년 8월 15일 06시,목요일,충청북도 청주시 상당구 금천동,중상사고,0,1,0,0,차대차 - 기타,안전운전불이행,건조,맑음,단일로 - 기타,기타불명,기타불명,기타불명,기타불명,이륜,남,86세,중상
2013081500100143,2013년 8월 15일 08시,목요일,충청북도 단양군 단양읍,중상사고,0,1,0,0,차대차 - 측면직각충돌,안전운전불이행,건조,맑음,교차로 - 교차로안,승용,남,57세,상해없음,화물,남,28세,중상
2013081500100144,2013년 8월 15일 08시,목요일,충청북도 청원군 미원면,중상사고,0,1,0,0,차대차 - 추돌 - 진행중,안전운전불이행,건조,맑음,단일로 - 기타,승용,남,56세,상해없음,농기계,남,85세,중상
2013081500100169,2013년 8월 15일 09시,목요일,충청북도 진천군 진천읍,경상사고,0,0,1,0,차대차 - 추돌 - 주정차중,안전운전불이행,건조,맑음,교차로 - 교차로부근,화물,남,41세,상해없음,승용,남,46세,경상
2013081500100190,2013년 8월 15일 10시,목요일,충청북도 청원군 오송읍,중상사고,0,2,0,0,차대차 - 기타,교차로운행방법위반,건조,맑음,교차로 - 교차로안,승용,남,57세,중상,승용,여,53세,중상
2013081500100191,2013년 8월 15일 10시,목요일,충청북도 청주시 상당구 영운동,중상사고,0,1,1,0,차대차 - 측면직각충돌,안전운전불이행,건조,맑음,단일로 - 기타,승용,남,53세,중상,승용,여,46세,경상
2013081500100222,2013년 8월 15일 11시,목요일,충청북도 충주시 산척면,부상신고사고,0,0,0,1,차대차 - 기타,안전운전불이행,건조,맑음,교차로 - 교차로안,승용,남,44세,상해없음,승용,여,47세,상해없음
2013081500100223,2013년 8월 15일 11시,목요일,충청북도 청주시 상당구 용암동,중상사고,0,1,0,0,차대차 - 측면직각충돌,안전운전불이행,건조,맑음,교차로 - 교차로안,승용,남,35세,상해없음,원동기,남,64세,중상
2013081500100253,2013년 8월 15일 12시,목요일,충청북도 충주시 산척면,중상사고,0,1,7,0,차대차 - 기타,안전운전불이행,건조,맑음,단일로 - 기타,승용,여,40세,경상,승용,남,44세,경상
2013081500100282,2013년 8월 15일 13시,목요일,충청북도 충주시 봉방동,경상사고,0,0,1,0,차대차 - 기타,교차로운행방법위반,건조,맑음,교차로 - 교차로안,승용,남,37세,상해없음,화물,남,43세,상해없음
2013081500100311,2013년 8월 15일 14시,목요일,충청북도 제천시 하소동,경상사고,0,0,1,0,차대사람 - 기타,안전운전불이행,건조,맑음,교차로 - 교차로안,승용,남,67세,기타불명,보행자,여,14세,경상
2013081500100330,2013년 8월 15일 15시,목요일,충청북도 제천시 하소동,경상사고,0,0,1,0,차대차 - 측면직각충돌,안전운전불이행,건조,맑음,단일로 - 기타,승용,남,60세,상해없음,원동기,남,38세,경상
2013081500100331,2013년 8월 15일 15시,목요일,충청북도 괴산군 청천면,경상사고,0,0,1,0,차대차 - 측면직각충돌,직진우회전진행방해,건조,맑음,교차로 - 교차로안,승용,여,40세,상해없음,화물,남,49세,경상
2013081500100367,2013년 8월 15일 16시,목요일,충청북도 음성군 대소면,경상사고,0,0,1,0,차대차 - 기타,차로위반,건조,맑음,단일로 - 기타,건설기계,남,62세,상해없음,승용,여,37세,경상
2013081500100402,2013년 8월 15일 17시,목요일,충청북도 충주시 연수동,중상사고,0,1,0,0,차대차 - 기타,신호위반,건조,맑음,교차로 - 교차로안,승용,여,32세,상해없음,원동기,남,52세,중상
2013081500100403,2013년 8월 15일 17시,목요일,충청북도 영동군 용화면,중상사고,0,1,2,0,차량단독 - 기타,안전운전불이행,건조,맑음,단일로 - 기타,화물,남,63세,경상,,,,
2013081500100404,2013년 8월 15일 17시,목요일,충청북도 증평군 증평읍,중상사고,0,1,3,0,차대차 - 측면직각충돌,안전운전불이행,건조,맑음,교차로 - 교차로안,화물,남,41세,상해없음,승용,남,42세,중상
2013081500100405,2013년 8월 15일 17시,목요일,충청북도 음성군 금왕읍,중상사고,0,1,1,0,차대차 - 기타,교차로운행방법위반,건조,맑음,교차로 - 교차로안,승용,여,46세,경상,승용,남,58세,중상
2013081500100406,2013년 8월 15일 17시,목요일,충청북도 청주시 흥덕구 향정동,경상사고,0,0,3,0,차대차 - 추돌 - 진행중,안전운전불이행,건조,맑음,교차로 - 교차로부근,승용,남,19세,상해없음,승용,여,48세,경상
2013081500100407,2013년 8월 15일 17시,목요일,충청북도 청주시 흥덕구 사직동,경상사고,0,0,4,0,차대차 - 측면직각충돌,교차로운행방법위반,건조,맑음,교차로 - 교차로안,승용,여,50세,경상,승용,남,58세,상해없음
2013081500100408,2013년 8월 15일 17시,목요일,충청북도 진천군 이월면,경상사고,0,0,2,0,차대차 - 측면직각충돌,안전운전불이행,건조,맑음,교차로 - 교차로부근,승용,남,35세,상해없음,화물,남,55세,경상
2013081500100471,2013년 8월 15일 19시,목요일,충청북도 단양군 매포읍,중상사고,0,2,1,0,차대차 - 기타,직진우회전진행방해,건조,맑음,교차로 - 교차로안,승용,남,37세,중상,승용,남,73세,중상
2013081500100493,2013년 8월 15일 20시,목요일,충청북도 제천시 백운면,중상사고,0,1,0,0,차대사람 - 기타,안전운전불이행,건조,맑음,단일로 - 기타,승용,남,66세,상해없음,보행자,여,79세,중상
2013081500100494,2013년 8월 15일 20시,목요일,충청북도 제천시 교동,경상사고,0,0,1,0,차대차 - 기타,직진우회전진행방해,건조,맑음,교차로 - 교차로안,승용,남,38세,상해없음,원동기,남,41세,경상
2013081600100019,2013년 8월 16일 01시,금요일,충청북도 충주시 봉방동,경상사고,0,0,1,0,차대차 - 기타,직진우회전진행방해,건조,맑음,교차로 - 교차로안,승용,남,47세,상해없음,승용,남,19세,상해없음
2013081600100020,2013년 8월 16일 01시,금요일,충청북도 청주시 흥덕구 장암동,경상사고,0,0,1,0,차량단독 - 기타,안전운전불이행,건조,맑음,교차로 - 교차로부근,승용,남,50세,상해없음,,,,
2013081600100133,2013년 8월 16일 09시,금요일,충청북도 단양군 단양읍,경상사고,0,0,1,0,차대차 - 기타,안전운전불이행,건조,맑음,교차로 - 교차로안,승용,남,64세,상해없음,승용,여,57세,경상
2013081600100203,2013년 8월 16일 11시,금요일,충청북도 제천시 남천동,경상사고,0,0,1,0,차대차 - 측면직각충돌,직진우회전진행방해,건조,맑음,교차로 - 교차로안,승용,남,47세,상해없음,승용,남,39세,경상
2013081600100239,2013년 8월 16일 12시,금요일,충청북도 충주시 연수동,중상사고,0,1,0,0,차대차 - 측면직각충돌,직진우회전진행방해,건조,맑음,교차로 - 교차로안,자전거,남,22세,중상,승용,남,32세,상해없음
2013081600100240,2013년 8월 16일 12시,금요일,충청북도 청원군 남이면,경상사고,0,0,1,0,차대차 - 기타,안전운전불이행,건조,맑음,교차로 - 교차로안,화물,남,52세,상해없음,승용,여,31세,경상
2013081600100266,2013년 8월 16일 13시,금요일,충청북도 충주시 연수동,경상사고,0,0,1,0,차대차 - 측면직각충돌,신호위반,건조,맑음,교차로 - 교차로안,원동기,남,70세,경상,승용,남,52세,상해없음
2013081600100299,2013년 8월 16일 14시,금요일,충청북도 충주시 용두동,중상사고,0,2,0,0,차대차 - 추돌 - 주정차중,안전운전불이행,건조,맑음,단일로 - 기타,화물,남,62세,상해없음,승용,남,20세,중상
2013081600100300,2013년 8월 16일 14시,금요일,충청북도 충주시 산척면,중상사고,0,1,0,0,차대차 - 추돌 - 주정차중,안전거리미확보,건조,맑음,단일로 - 기타,화물,남,56세,상해없음,승용,여,51세,중상
2013081600100301,2013년 8월 16일 14시,금요일,충청북도 제천시 봉양읍,중상사고,0,2,0,0,차대차 - 추돌 - 진행중,과속,건조,맑음,교차로 - 교차로부근,화물,남,47세,상해없음,승용,남,53세,중상
2013081600100302,2013년 8월 16일 14시,금요일,충청북도 음성군 감곡면,중상사고,0,1,4,0,차대차 - 기타,교차로운행방법위반,건조,맑음,교차로 - 교차로안,승용,여,33세,경상,승용,남,50세,경상
2013081600100303,2013년 8월 16일 14시,금요일,충청북도 청주시 흥덕구 신봉동,경상사고,0,0,1,0,차대사람 - 기타,안전운전불이행,건조,맑음,교차로 - 교차로안,화물,남,38세,상해없음,보행자,남,4세,경상
2013081600100381,2013년 8월 16일 16시,금요일,충청북도 청주시 흥덕구 봉명동,경상사고,0,0,7,1,차대차 - 추돌 - 주정차중,안전운전불이행,건조,맑음,교차로 - 교차로부근,승용,남,34세,상해없음,승용,남,36세,경상
2013081600100423,2013년 8월 16일 17시,금요일,충청북도 음성군 맹동면,중상사고,0,1,1,0,차대차 - 기타,교차로운행방법위반,건조,맑음,교차로 - 교차로안,승용,남,30세,상해없음,원동기,남,69세,중상
2013081600100424,2013년 8월 16일 17시,금요일,충청북도 청주시 흥덕구 성화동,경상사고,0,0,1,0,차대차 - 측면직각충돌,안전운전불이행,건조,맑음,교차로 - 교차로부근,승용,여,32세,상해없음,자전거,여,47세,경상
2013081600100463,2013년 8월 16일 18시,금요일,충청북도 충주시 대소원면,중상사고,0,1,0,0,차대차 - 추돌 - 주정차중,안전운전불이행,건조,맑음,단일로 - 기타,원동기,남,40세,중상,화물,남,50세,상해없음
2013081600100464,2013년 8월 16일 18시,금요일,충청북도 제천시 의림동,중상사고,0,1,2,0,차대차 - 측면직각충돌,직진우회전진행방해,건조,맑음,교차로 - 교차로안,승용,남,47세,상해없음,승용,남,59세,중상
2013081600100510,2013년 8월 16일 19시,금요일,충청북도 증평군 증평읍,중상사고,0,1,0,0,차대사람 - 차도통행중,안전운전불이행,건조,맑음,단일로 - 기타,승용,남,56세,상해없음,보행자,남,8세,중상
2013081600100511,2013년 8월 16일 19시,금요일,충청북도 청주시 흥덕구 모충동,중상사고,0,1,0,0,차대차 - 기타,안전운전불이행,건조,맑음,단일로 - 기타,화물,남,52세,상해없음,승용,여,38세,중상
2013081600100512,2013년 8월 16일 19시,금요일,충청북도 청원군 남일면,중상사고,0,1,0,0,차대차 - 기타,안전운전불이행,건조,맑음,단일로 - 기타,기타불명,기타불명,기타불명,기타불명,자전거,남,68세,중상
2013081600100533,2013년 8월 16일 20시,금요일,충청북도 충주시 문화동,중상사고,0,1,0,0,차대차 - 측면직각충돌,교차로운행방법위반,건조,맑음,교차로 - 교차로부근,승용,남,46세,상해없음,승용,남,47세,중상
2013081600100534,2013년 8월 16일 20시,금요일,충청북도 청주시 흥덕구 사창동,경상사고,0,0,1,0,차대차 - 측면직각충돌,신호위반,건조,맑음,교차로 - 교차로안,기타불명,기타불명,기타불명,기타불명,원동기,남,22세,경상
2013081600100535,2013년 8월 16일 20시,금요일,충청북도 청주시 흥덕구 봉명동,중상사고,0,1,0,0,차대차 - 추돌 - 주정차중,안전운전불이행,건조,맑음,교차로 - 교차로부근,승용,남,56세,상해없음,원동기,남,31세,상해없음
2013081600100570,2013년 8월 16일 21시,금요일,충청북도 보은군 보은읍,경상사고,0,0,1,0,차대차 - 추돌 - 진행중,안전운전불이행,건조,맑음,단일로 - 기타,원동기,남,62세,상해없음,승용,여,27세,경상
2013081600100571,2013년 8월 16일 21시,금요일,충청북도 진천군 광혜원면,중상사고,0,1,0,0,차대사람 - 기타,안전운전불이행,건조,맑음,기타 - 기타,승용,여,47세,상해없음,보행자,남,50세,중상
2013081600100572,2013년 8월 16일 21시,금요일,충청북도 청주시 흥덕구 강서동,경상사고,0,0,3,0,차대차 - 측면직각충돌,신호위반,건조,맑음,교차로 - 교차로안,승용,여,32세,경상,승용,여,52세,경상
2013081600100573,2013년 8월 16일 21시,금요일,충청북도 청주시 흥덕구 운천동,중상사고,0,1,0,0,차대사람 - 길가장자리구역통행중,안전운전불이행,건조,맑음,교차로 - 교차로부근,기타불명,기타불명,기타불명,기타불명,보행자,남,15세,중상
2013081600100602,2013년 8월 16일 22시,금요일,충청북도 청주시 흥덕구 성화동,경상사고,0,0,2,0,차대차 - 측면직각충돌,교차로운행방법위반,건조,맑음,교차로 - 교차로안,승용,여,25세,경상,승용,여,42세,경상
2013081700100028,2013년 8월 17일 01시,토요일,충청북도 충주시 대소원면,사망사고,1,0,0,0,차대차 - 추돌 - 진행중,안전운전불이행,건조,맑음,단일로 - 기타,화물,남,60세,사망,화물,남,56세,상해없음
2013081700100050,2013년 8월 17일 02시,토요일,충청북도 청주시 흥덕구 복대동,중상사고,0,2,5,0,차대차 - 측면직각충돌,신호위반,건조,맑음,교차로 - 교차로안,승용,남,51세,경상,승용,남,54세,중상
2013081700100067,2013년 8월 17일 04시,토요일,충청북도 청주시 상당구 탑동,중상사고,0,1,0,0,차대차 - 기타,교차로운행방법위반,건조,맑음,단일로 - 기타,승용,남,59세,상해없음,이륜,남,41세,중상
2013081700100068,2013년 8월 17일 04시,토요일,충청북도 청원군 현도면,중상사고,0,1,3,0,차대차 - 기타,직진우회전진행방해,건조,맑음,교차로 - 교차로안,건설기계,남,56세,상해없음,승용,남,59세,경상
2013081700100111,2013년 8월 17일 07시,토요일,충청북도 제천시 장락동,중상사고,0,1,1,0,차대차 - 측면직각충돌,신호위반,건조,맑음,교차로 - 교차로안,화물,남,64세,상해없음,승용,남,30세,경상
2013081700100112,2013년 8월 17일 07시,토요일,충청북도 청주시 흥덕구 송정동,경상사고,0,0,1,0,차대차 - 추돌 - 주정차중,안전운전불이행,건조,맑음,단일로 - 기타,승용,남,42세,상해없음,이륜,남,42세,경상
2013081700100153,2013년 8월 17일 09시,토요일,충청북도 충주시 대소원면,부상신고사고,0,0,0,1,차량단독 - 전도전복,안전운전불이행,건조,맑음,단일로 - 기타,화물,남,61세,부상신고,,,,
2013081700100181,2013년 8월 17일 10시,토요일,충청북도 충주시 가금면,중상사고,0,1,0,1,차대차 - 추돌 - 진행중,기타,건조,맑음,교차로 - 교차로안,승용,여,51세,부상신고,화물,남,58세,중상
2013081700100214,2013년 8월 17일 11시,토요일,충청북도 음성군 생극면,중상사고,0,1,0,0,차대차 - 추돌 - 주정차중,안전운전불이행,건조,맑음,단일로 - 기타,화물,남,43세,중상,건설기계,남,51세,기타불명