사고번호,사고일시,요일,시군구,사고내용,사망자수,중상자수,경상자수,부상신고자수,사고유형,법규위반,노면상태,기상상태,도로형태,가해운전자 차종,가해운전자 성별,가해운전자 연령,가해운전자 상해정도,피해운전자 차종,피해운전자 성별,피해운전자 연령,피해운전자 상해정도
2013081700100215,2013년 8월 17일 11시,토요일,충청북도 음성군 음성읍,중상사고,0,1,0,0,차대차 - 기타,안전거리미확보,건조,맑음,단일로 - 기타,화물,남,52세,상해없음,원동기,남,36세,중상
2013081700100241,2013년 8월 17일 12시,토요일,충청북도 청원군 오창읍,경상사고,0,0,1,0,차대차 - 측면직각충돌,안전운전불이행,건조,맑음,기타 - 기타,화물,남,44세,상해없음,화물,남,31세,경상
2013081700100242,2013년 8월 17일 12시,토요일,충청북도 청주시 흥덕구 개신동,중상사고,0,1,0,1,차대차 - 측면직각충돌,안전운전불이행,건조,맑음,단일로 - 기타,이륜,남,63세,부상신고,이륜,남,59세,중상
2013081700100278,2013년 8월 17일 13시,토요일,충청북도 충주시 주덕읍,중상사고,0,1,0,0,차대사람 - 횡단중,안전운전불이행,건조,맑음,단일로 - 기타,승용,남,40세,상해없음,보행자,여,68세,중상
2013081700100279,2013년 8월 17일 13시,토요일,충청북도 제천시 명동,중상사고,0,1,0,0,차대차 - 추돌 - 진행중,안전운전불이행,건조,맑음,교차로 - 교차로부근,승용,남,46세,상해없음,승용,여,30세,상해없음
2013081700100340,2013년 8월 17일 15시,토요일,충청북도 충주시 용두동,경상사고,0,0,1,1,차대차 - 추돌 - 진행중,기타,건조,맑음,단일로 - 기타,승용,남,56세,부상신고,승합,남,48세,경상
2013081700100341,2013년 8월 17일 15시,토요일,충청북도 제천시 봉양읍,경상사고,0,0,1,0,차대차 - 추돌 - 주정차중,안전운전불이행,건조,맑음,교차로 - 교차로부근,승용,남,47세,상해없음,승용,남,48세,경상
2013081700100342,2013년 8월 17일 15시,토요일,충청북도 제천시 하소동,경상사고,0,0,1,0,차대차 - 추돌 - 진행중,안전운전불이행,건조,맑음,교차로 - 교차로부근,승용,여,34세,상해없음,승용,여,35세,경상
2013081700100343,2013년 8월 17일 15시,토요일,충청북도 단양군 단양읍,중상사고,0,2,0,0,차대차 - 측면직각충돌,중앙선침범,건조,맑음,단일로 - 기타,승용,여,62세,상해없음,승용,남,31세,중상
2013081700100378,2013년 8월 17일 16시,토요일,충청북도 청주시 흥덕구 가경동,경상사고,0,0,3,0,차대차 - 추돌 - 진행중,안전운전불이행,건조,맑음,단일로 - 기타,승용,남,57세,경상,승용,여,45세,경상
2013081700100447,2013년 8월 17일 18시,토요일,충청북도 제천시 하소동,중상사고,0,1,3,0,차대차 - 추돌 - 진행중,신호위반,건조,맑음,교차로 - 교차로안,승용,남,24세,상해없음,승합,남,64세,중상
2013081700100448,2013년 8월 17일 18시,토요일,충청북도 제천시 중앙로1가,중상사고,0,1,0,0,차대차 - 추돌 - 주정차중,안전운전불이행,건조,맑음,교차로 - 교차로부근,화물,남,51세,상해없음,자전거,남,72세,중상
2013081700100479,2013년 8월 17일 19시,토요일,충청북도 제천시 모산동,경상사고,0,0,6,3,차대차 - 추돌 - 진행중,안전운전불이행,건조,맑음,교차로 - 교차로부근,승용,남,40세,상해없음,승용,남,43세,경상
2013081700100480,2013년 8월 17일 19시,토요일,충청북도 옥천군 옥천읍,중상사고,0,1,0,0,차대차 - 측면직각충돌,기타,건조,맑음,단일로 - 기타,이륜,남,71세,중상,승용,남,32세,상해없음
2013081700100514,2013년 8월 17일 20시,토요일,충청북도 청주시 흥덕구 강서동,경상사고,0,0,2,0,차대차 - 추돌 - 진행중,안전운전불이행,건조,맑음,교차로 - 교차로부근,이륜,남,27세,경상,승용,남,47세,경상
2013081700100573,2013년 8월 17일 22시,토요일,충청북도 음성군 대소면,중상사고,0,1,0,0,차대차 - 기타,교차로운행방법위반,건조,맑음,교차로 - 교차로안,승용,여,44세,상해없음,원동기,남,27세,상해없음
2013081700100599,2013년 8월 17일 23시,토요일,충청북도 청주시 흥덕구 성화동,중상사고,0,2,2,0,차대차 - 정면충돌,중앙선침범,건조,맑음,교차로 - 교차로부근,승합,남,55세,상해없음,승용,남,37세,경상
2013081800100015,2013년 8월 18일 00시,일요일,충청북도 청주시 흥덕구 봉명동,경상사고,0,0,1,0,차대차 - 측면직각충돌,신호위반,건조,맑음,교차로 - 교차로안,승용,남,54세,상해없음,승용,남,31세,경상
2013081800100053,2013년 8월 18일 02시,일요일,충청북도 청원군 옥산면,경상사고,0,0,3,0,차대차 - 측면직각충돌,교차로운행방법위반,건조,맑음,교차로 - 교차로안,승용,남,23세,경상,승용,남,50세,경상
2013081800100054,2013년 8월 18일 02시,일요일,충청북도 청주시 흥덕구 복대동,경상사고,0,0,1,0,차대차 - 추돌 - 진행중,안전운전불이행,건조,맑음,교차로 - 교차로안,승용,남,32세,상해없음,승용,남,66세,경상
2013081800100055,2013년 8월 18일 02시,일요일,충청북도 청주시 상당구 용암동,중상사고,0,2,0,0,차대차 - 기타,신호위반,건조,맑음,교차로 - 교차로안,승용,남,32세,상해없음,승용,여,35세,중상
2013081800100102,2013년 8월 18일 06시,일요일,충청북도 청주시 흥덕구 분평동,경상사고,0,0,1,0,차대차 - 측면직각충돌,중앙선침범,건조,맑음,단일로 - 기타,기타불명,기타불명,기타불명,기타불명,승용,남,58세,상해없음
2013081800100121,2013년 8월 18일 08시,일요일,충청북도 충주시 봉방동,경상사고,0,0,1,0,차대차 - 기타,안전운전불이행,건조,맑음,단일로 - 기타,승용,남,21세,상해없음,화물,남,55세,기타불명
2013081800100122,2013년 8월 18일 08시,일요일,충청북도 영동군 심천면,경상사고,0,0,4,0,차대차 - 기타,신호위반,건조,맑음,교차로 - 교차로안,승용,남,54세,상해없음,화물,남,36세,경상
2013081800100128,2013년 8월 18일 09시,일요일,충청북도 청원군 남이면,경상사고,0,0,1,0,차량단독 - 도로외이탈 - 기타,안전운전불이행,건조,맑음,교차로 - 교차로안,화물,남,44세,경상,,,,
2013081800100148,2013년 8월 18일 10시,일요일,충청북도 충주시 가금면,경상사고,0,0,1,0,차대차 - 기타,교차로운행방법위반,건조,맑음,교차로 - 교차로안,승용,남,58세,상해없음,승용,여,41세,상해없음
2013081800100167,2013년 8월 18일 11시,일요일,충청북도 청주시 흥덕구 죽림동,중상사고,0,2,0,0,차대차 - 기타,신호위반,건조,맑음,교차로 - 교차로안,승용,남,24세,상해없음,승용,남,35세,중상
2013081800100185,2013년 8월 18일 12시,일요일,충청북도 제천시 장락동,경상사고,0,0,3,0,차대차 - 측면직각충돌,안전운전불이행,건조,맑음,기타 - 기타,승용,남,70세,상해없음,승용,여,52세,경상
2013081800100186,2013년 8월 18일 12시,일요일,충청북도 청주시 흥덕구 성화동,경상사고,0,0,2,1,차대차 - 측면직각충돌,안전거리미확보,건조,맑음,단일로 - 기타,승용,남,34세,상해없음,승용,여,53세,부상신고
2013081800100208,2013년 8월 18일 13시,일요일,충청북도 청주시 흥덕구 분평동,경상사고,0,0,2,0,차대차 - 측면직각충돌,안전운전불이행,건조,맑음,기타 - 기타,승용,남,44세,상해없음,승용,남,30세,경상
2013081800100265,2013년 8월 18일 15시,일요일,충청북도 충주시 대소원면,경상사고,0,0,1,0,차대차 - 기타,중앙선침범,건조,맑음,단일로 - 기타,승용,남,51세,상해없음,화물,남,70세,경상
2013081800100266,2013년 8월 18일 15시,일요일,충청북도 청원군 가덕면,경상사고,0,0,4,0,차대차 - 측면직각충돌,신호위반,건조,맑음,교차로 - 교차로부근,화물,남,55세,상해없음,승용,여,32세,경상
2013081800100267,2013년 8월 18일 15시,일요일,충청북도 청원군 남일면,중상사고,0,1,0,0,차량단독 - 도로외이탈 - 기타,안전운전불이행,건조,맑음,단일로 - 기타,승용,남,48세,상해없음,,,,
2013081800100288,2013년 8월 18일 16시,일요일,충청북도 괴산군 칠성면,경상사고,0,0,1,0,차대사람 - 차도통행중,안전운전불이행,건조,맑음,단일로 - 기타,승용,남,50세,상해없음,보행자,남,8세,경상
2013081800100319,2013년 8월 18일 17시,일요일,충청북도 청주시 흥덕구 봉명동,중상사고,0,1,0,0,차대사람 - 횡단중,보행자보호의무위반,건조,맑음,교차로 - 교차로부근,승용,여,47세,상해없음,보행자,여,56세,중상
2013081800100360,2013년 8월 18일 19시,일요일,충청북도 괴산군 괴산읍,중상사고,0,1,1,0,차대차 - 추돌 - 진행중,안전운전불이행,건조,맑음,단일로 - 기타,승용,남,40세,경상,농기계,남,80세,중상
2013081800100361,2013년 8월 18일 19시,일요일,충청북도 옥천군 옥천읍,경상사고,0,0,1,0,차대사람 - 차도통행중,안전운전불이행,건조,맑음,교차로 - 교차로안,승용,남,32세,상해없음,보행자,여,53세,경상
2013081800100362,2013년 8월 18일 19시,일요일,충청북도 청원군 낭성면,경상사고,0,0,3,0,차대차 - 기타,안전운전불이행,건조,맑음,기타 - 기타,승용,남,28세,상해없음,승합,남,50세,상해없음
2013081800100385,2013년 8월 18일 20시,일요일,충청북도 옥천군 군북면,경상사고,0,0,1,0,차량단독 - 공작물충돌,안전운전불이행,건조,맑음,교차로 - 교차로안,화물,남,46세,상해없음,,,,
2013081800100418,2013년 8월 18일 21시,일요일,충청북도 충주시 칠금동,중상사고,0,1,0,0,차대차 - 기타,교차로운행방법위반,건조,맑음,교차로 - 교차로안,승용,남,26세,상해없음,이륜,남,17세,중상
2013081800100419,2013년 8월 18일 21시,일요일,충청북도 충주시 풍동,사망사고,1,0,0,0,차대사람 - 길가장자리구역통행중,안전운전불이행,건조,맑음,단일로 - 기타,승용,남,47세,상해없음,보행자,남,59세,사망
2013081800100420,2013년 8월 18일 21시,일요일,충청북도 청주시 흥덕구 복대동,중상사고,0,1,0,0,차대사람 - 횡단중,안전운전불이행,건조,맑음,교차로 - 교차로안,승용,여,49세,상해없음,보행자,남,39세,중상
2013081800100421,2013년 8월 18일 21시,일요일,충청북도 청주시 흥덕구 사직동,경상사고,0,0,3,0,차대차 - 측면직각충돌,안전운전불이행,건조,맑음,교차로 - 교차로안,승용,남,43세,상해없음,승용,남,51세,경상
2013081800100456,2013년 8월 18일 23시,일요일,충청북도 옥천군 동이면,중상사고,0,1,0,0,차대차 - 추돌 - 주정차중,안전운전불이행,건조,맑음,단일로 - 기타,화물,남,52세,상해없음,승용,남,46세,중상
2013081800100457,2013년 8월 18일 23시,일요일,충청북도 청주시 흥덕구 운천동,경상사고,0,0,3,0,차대차 - 추돌 - 진행중,차로위반,건조,맑음,교차로 - 교차로부근,승용,남,51세,상해없음,승용,남,64세,경상
2013081800100458,2013년 8월 18일 23시,일요일,충청북도 청주시 흥덕구 복대동,중상사고,0,1,1,0,차대차 - 측면직각충돌,신호위반,건조,맑음,교차로 - 교차로안,화물,남,56세,상해없음,승용,남,55세,중상
2013081900100039,2013년 8월 19일 03시,월요일,충청북도 청주시 상당구 영운동,경상사고,0,0,1,0,차대차 - 기타,안전운전불이행,건조,맑음,단일로 - 기타,기타불명,기타불명,기타불명,기타불명,승합,여,48세,경상
2013081900100066,2013년 8월 19일 06시,월요일,충청북도 청주시 상당구 내덕동,경상사고,0,0,1,0,차대차 - 기타,안전운전불이행,건조,맑음,교차로 - 교차로부근,승용,여,38세,상해없음,자전거,남,78세,경상
2013081900100082,2013년 8월 19일 07시,월요일,충청북도 청주시 흥덕구 모충동,부상신고사고,0,0,0,1,차대차 - 기타,기타,건조,맑음,단일로 - 기타,원동기,남,40세,부상신고,승합,남,49세,상해없음
2013081900100122,2013년 8월 19일 08시,월요일,충청북도 제천시 고명동,중상사고,0,1,1,0,차대차 - 기타,신호위반,건조,맑음,교차로 - 교차로안,화물,남,40세,상해없음,승용,남,41세,중상
2013081900100123,2013년 8월 19일 08시,월요일,충청북도 음성군 음성읍,경상사고,0,0,1,0,차대차 - 기타,안전운전불이행,건조,맑음,교차로 - 교차로안,승용,여,44세,상해없음,원동기,남,53세,경상
2013081900100158,2013년 8월 19일 09시,월요일,충청북도 청주시 상당구 금천동,경상사고,0,0,2,0,차대차 - 기타,교차로운행방법위반,건조,맑음,교차로 - 교차로안,승용,여,42세,경상,승용,여,33세,경상
2013081900100159,2013년 8월 19일 09시,월요일,충청북도 충주시 문화동,중상사고,0,1,0,0,차대차 - 측면직각충돌,신호위반,건조,맑음,단일로 - 횡단보도상,승용,남,72세,상해없음,자전거,남,65세,중상
2013081900100160,2013년 8월 19일 09시,월요일,충청북도 청주시 흥덕구 사직동,중상사고,0,1,0,0,차대차 - 추돌 - 주정차중,안전운전불이행,건조,맑음,단일로 - 기타,승용,남,34세,상해없음,원동기,남,38세,중상
2013081900100161,2013년 8월 19일 09시,월요일,충청북도 청주시 흥덕구 지동동,경상사고,0,0,2,0,차대차 - 측면직각충돌,신호위반,건조,맑음,교차로 - 교차로안,승용,여,36세,경상,화물,남,43세,경상
2013081900100196,2013년 8월 19일 10시,월요일,충청북도 진천군 문백면,경상사고,0,0,3,0,차대차 - 측면직각충돌,교차로운행방법위반,건조,맑음,교차로 - 교차로안,승용,여,51세,상해없음,승합,남,55세,경상
2013081900100219,2013년 8월 19일 11시,월요일,충청북도 청원군 오창읍,중상사고,0,1,2,0,차대차 - 기타,안전운전불이행,건조,맑음,교차로 - 교차로안,승용,여,49세,상해없음,승용,여,35세,경상
2013081900100220,2013년 8월 19일 11시,월요일,충청북도 충주시 동량면,중상사고,0,1,0,0,차대차 - 측면직각충돌,직진우회전진행방해,건조,맑음,교차로 - 교차로안,농기계,남,80세,중상,승용,남,60세,상해없음
2013081900100221,2013년 8월 19일 11시,월요일,충청북도 괴산군 감물면,경상사고,0,0,1,0,차대차 - 측면직각충돌,신호위반,건조,맑음,교차로 - 교차로안,건설기계,남,52세,상해없음,승용,남,57세,경상
2013081900100278,2013년 8월 19일 13시,월요일,충청북도 충주시 칠금동,중상사고,0,1,0,0,차대차 - 기타,중앙선침범,건조,맑음,교차로 - 교차로부근,기타불명,기타불명,기타불명,기타불명,원동기,남,41세,중상
2013081900100279,2013년 8월 19일 13시,월요일,충청북도 충주시 달천동,중상사고,0,1,0,0,차대차 - 기타,안전거리미확보,습기,비,교차로 - 교차로안,화물,남,42세,상해없음,승용,여,52세,중상
2013081900100280,2013년 8월 19일 13시,월요일,충청북도 제천시 중앙로2가,경상사고,0,0,1,0,차대차 - 기타,안전거리미확보,건조,맑음,교차로 - 교차로부근,승용,남,31세,상해없음,승용,남,43세,경상
2013081900100281,2013년 8월 19일 13시,월요일,충청북도 보은군 보은읍,중상사고,0,1,1,0,차대차 - 측면직각충돌,안전운전불이행,건조,맑음,교차로 - 교차로부근,원동기,남,72세,경상,승용,남,62세,상해없음
2013081900100319,2013년 8월 19일 14시,월요일,충청북도 충주시 충인동,중상사고,0,1,0,0,차대차 - 측면직각충돌,안전운전불이행,건조,맑음,단일로 - 횡단보도상,원동기,남,27세,상해없음,자전거,여,60세,중상
2013081900100320,2013년 8월 19일 14시,월요일,충청북도 충주시 문화동,부상신고사고,0,0,0,1,차대차 - 측면직각충돌,안전운전불이행,건조,맑음,기타 - 기타,원동기,남,19세,부상신고,화물,남,53세,상해없음
2013081900100360,2013년 8월 19일 15시,월요일,충청북도 청주시 상당구 내덕동,경상사고,0,0,1,0,차대차 - 기타,신호위반,건조,맑음,교차로 - 교차로안,승용,여,49세,상해없음,승용,남,77세,경상
2013081900100389,2013년 8월 19일 16시,월요일,충청북도 청주시 상당구 금천동,경상사고,0,0,1,0,차대차 - 기타,신호위반,건조,맑음,교차로 - 교차로안,승용,남,55세,상해없음,자전거,남,39세,경상
2013081900100390,2013년 8월 19일 16시,월요일,충청북도 진천군 이월면,경상사고,0,0,1,0,차량단독 - 기타,안전운전불이행,건조,맑음,단일로 - 기타,원동기,남,53세,경상,,,,
2013081900100418,2013년 8월 19일 17시,월요일,충청북도 증평군 증평읍,중상사고,0,1,0,0,차대사람 - 횡단중,보행자보호의무위반,건조,맑음,단일로 - 횡단보도상,승용,남,45세,상해없음,보행자,여,51세,중상
2013081900100419,2013년 8월 19일 17시,월요일,충청북도 청주시 흥덕구 정봉동,경상사고,0,0,2,0,차대차 - 추돌 - 진행중,안전운전불이행,건조,맑음,단일로 - 기타,화물,남,53세,상해없음,승용,남,45세,경상
2013081900100461,2013년 8월 19일 18시,월요일,충청북도 충주시 연수동,경상사고,0,0,1,0,차대차 - 측면직각충돌,안전거리미확보,건조,맑음,단일로 - 기타,건설기계,남,54세,상해없음,승용,남,30세,경상
2013081900100462,2013년 8월 19일 18시,월요일,충청북도 충주시 앙성면,경상사고,0,0,1,0,차대차 - 기타,직진우회전진행방해,건조,맑음,교차로 - 교차로부근,화물,남,63세,상해없음,자전거,남,34세,경상
2013081900100510,2013년 8월 19일 19시,월요일,충청북도 진천군 광혜원면,경상사고,0,0,1,0,차대차 - 측면직각충돌,신호위반,건조,맑음,교차로 - 교차로안,승용,여,39세,상해없음,승용,남,47세,경상
2013081900100549,2013년 8월 19일 20시,월요일,충청북도 충주시 성서동,경상사고,0,0,1,0,차대사람 - 기타,안전운전불이행,건조,맑음,단일로 - 기타,승용,여,37세,상해없음,보행자,여,57세,경상
2013081900100550,2013년 8월 19일 20시,월요일,충청북도 보은군 보은읍,경상사고,0,0,1,0,차대차 - 측면직각충돌,교차로운행방법위반,건조,맑음,교차로 - 교차로안,승용,여,50세,상해없음,자전거,남,54세,경상
2013081900100551,2013년 8월 19일 20시,월요일,충청북도 청주시 흥덕구 수곡동,경상사고,0,0,4,0,차대차 - 기타,안전운전불이행,건조,맑음,단일로 - 기타,승용,남,52세,상해없음,화물,남,52세,상해없음
2013082000100055,2013년 8월 20일 05시,화요일,충청북도 충주시 봉방동,사망사고,1,0,0,0,차대차 - 측면직각충돌,안전운전불이행,건조,맑음,단일로 - 기타,승용,남,58세,상해없음,자전거,남,64세,사망
2013082000100081,2013년 8월 20일 07시,화요일,충청북도 충주시 연수동,부상신고사고,0,0,0,1,차량단독 - 공작물충돌,안전운전불이행,건조,맑음,교차로 - 교차로부근,승용,여,52세,부상신고,,,,
2013082000100109,2013년 8월 20일 08시,화요일,충청북도 제천시 하소동,경상사고,0,0,1,0,차대차 - 기타,직진우회전진행방해,건조,맑음,교차로 - 교차로안,승용,여,47세,상해없음,승용,여,43세,상해없음
2013082000100110,2013년 8월 20일 08시,화요일,충청북도 제천시 명동,중상사고,0,1,0,0,차대사람 - 기타,안전운전불이행,건조,맑음,교차로 - 교차로안,건설기계,남,44세,상해없음,보행자,여,19세,중상
2013082000100111,2013년 8월 20일 08시,화요일,충청북도 음성군 금왕읍,경상사고,0,0,2,0,차대차 - 측면직각충돌,교차로운행방법위반,건조,맑음,교차로 - 교차로안,승용,여,57세,경상,승용,남,44세,상해없음
2013082000100112,2013년 8월 20일 08시,화요일,충청북도 청주시 흥덕구 개신동,경상사고,0,0,1,0,차대차 - 기타,안전운전불이행,건조,맑음,교차로 - 교차로부근,승용,여,58세,상해없음,자전거,여,26세,경상
2013082000100137,2013년 8월 20일 09시,화요일,충청북도 충주시 봉방동,중상사고,0,1,0,0,차대사람 - 횡단중,안전운전불이행,건조,맑음,단일로 - 기타,화물,여,46세,상해없음,보행자,여,72세,중상
2013082000100138,2013년 8월 20일 09시,화요일,충청북도 충주시 교현동,경상사고,0,0,1,0,차대차 - 추돌 - 진행중,안전운전불이행,건조,맑음,교차로 - 교차로안,이륜,남,44세,상해없음,승합,남,48세,상해없음
2013082000100168,2013년 8월 20일 10시,화요일,충청북도 청주시 상당구 내덕동,중상사고,0,1,1,0,차대차 - 정면충돌,신호위반,건조,맑음,교차로 - 교차로안,승용,남,25세,상해없음,승용,남,60세,경상
2013082000100169,2013년 8월 20일 10시,화요일,충청북도 충주시 대소원면,중상사고,0,2,0,0,차대차 - 추돌 - 진행중,기타,건조,맑음,교차로 - 교차로안,승용,여,32세,중상,승용,남,40세,중상
2013082000100170,2013년 8월 20일 10시,화요일,충청북도 청주시 흥덕구 분평동,경상사고,0,0,1,0,차대사람 - 기타,안전운전불이행,건조,맑음,교차로 - 교차로안,승용,남,47세,상해없음,보행자,여,78세,경상
2013082000100206,2013년 8월 20일 11시,화요일,충청북도 보은군 수한면,경상사고,0,0,2,0,차대차 - 측면직각충돌,교차로운행방법위반,건조,맑음,교차로 - 교차로안,화물,남,53세,경상,승용,남,32세,경상
2013082000100207,2013년 8월 20일 11시,화요일,충청북도 청주시 흥덕구 복대동,중상사고,0,1,0,0,차대차 - 측면직각충돌,안전운전불이행,건조,맑음,교차로 - 교차로부근,승용,여,44세,상해없음,자전거,남,87세,중상
2013082000100240,2013년 8월 20일 12시,화요일,충청북도 충주시 산척면,경상사고,0,0,2,0,차대차 - 추돌 - 진행중,안전운전불이행,건조,맑음,단일로 - 기타,승용,남,28세,상해없음,승용,여,27세,경상
2013082000100241,2013년 8월 20일 12시,화요일,충청북도 청주시 상당구 용정동,경상사고,0,0,2,0,차대차 - 기타,안전운전불이행,건조,맑음,교차로 - 교차로안,승용,여,47세,상해없음,승용,여,44세,경상
2013082000100258,2013년 8월 20일 13시,화요일,충청북도 제천시 청전동,경상사고,0,0,2,0,차대차 - 기타,안전운전불이행,건조,맑음,단일로 - 기타,승용,남,53세,상해없음,승용,남,38세,경상
2013082000100259,2013년 8월 20일 13시,화요일,충청북도 청주시 흥덕구 봉명동,경상사고,0,0,1,0,차대차 - 추돌 - 주정차중,안전운전불이행,건조,맑음,교차로 - 교차로부근,이륜,남,23세,경상,승용,남,38세,상해없음
2013082000100304,2013년 8월 20일 14시,화요일,충청북도 제천시 청전동,중상사고,0,1,0,0,차대차 - 기타,신호위반,건조,맑음,교차로 - 교차로안,승용,여,53세,상해없음,이륜,남,46세,중상
2013082000100336,2013년 8월 20일 15시,화요일,충청북도 청주시 상당구 내덕동,경상사고,0,0,3,0,차대차 - 추돌 - 주정차중,교차로운행방법위반,건조,맑음,교차로 - 교차로안,화물,남,50세,상해없음,원동기,남,34세,경상
2013082000100337,2013년 8월 20일 15시,화요일,충청북도 제천시 신월동,경상사고,0,0,1,0,차대차 - 기타,안전운전불이행,건조,맑음,단일로 - 기타,승용,남,52세,상해없음,이륜,남,25세,경상
2013082000100338,2013년 8월 20일 15시,화요일,충청북도 청주시 흥덕구 분평동,경상사고,0,0,1,0,차대차 - 측면직각충돌,안전거리미확보,건조,맑음,단일로 - 기타,화물,남,58세,상해없음,승용,남,53세,경상
2013082000100368,2013년 8월 20일 16시,화요일,충청북도 청원군 오창읍,경상사고,0,0,1,0,차대차 - 기타,중앙선침범,건조,맑음,교차로 - 교차로부근,승용,남,58세,상해없음,승합,남,68세,경상
2013082000100369,2013년 8월 20일 16시,화요일,충청북도 제천시 봉양읍,부상신고사고,0,0,0,1,차량단독 - 전도전복,안전운전불이행,건조,맑음,단일로 - 기타,화물,남,54세,부상신고,,,,
2013082000100370,2013년 8월 20일 16시,화요일,충청북도 제천시 봉양읍,경상사고,0,0,2,0,차대차 - 기타,안전운전불이행,건조,맑음,단일로 - 기타,화물,남,41세,상해없음,특수,남,34세,경상
2013082000100371,2013년 8월 20일 16시,화요일,충청북도 청주시 상당구 용암동,중상사고,0,2,4,0,차대차 - 기타,안전운전불이행,건조,맑음,단일로 - 기타,승용,남,64세,중상,승용,남,51세,경상
2013082000100414,2013년 8월 20일 17시,화요일,충청북도 청주시 상당구 탑동,경상사고,0,0,1,0,차대사람 - 기타,안전운전불이행,건조,맑음,교차로 - 교차로안,승합,남,49세,상해없음,보행자,남,50세,경상
2013082000100415,2013년 8월 20일 17시,화요일,충청북도 청주시 상당구 율량동,경상사고,0,0,1,0,차대사람 - 기타,안전운전불이행,건조,맑음,단일로 - 기타,승용,남,35세,상해없음,보행자,남,29세,경상
2013082000100416,2013년 8월 20일 17시,화요일,충청북도 청주시 상당구 율량동,경상사고,0,0,1,0,차대사람 - 기타,안전운전불이행,건조,맑음,단일로 - 기타,승용,여,35세,상해없음,보행자,여,23세,경상
2013082000100417,2013년 8월 20일 17시,화요일,충청북도 제천시 의림동,중상사고,0,1,0,0,차대사람 - 기타,안전운전불이행,건조,맑음,단일로 - 횡단보도부근,승용,남,59세,상해없음,보행자,여,64세,중상
2013082000100418,2013년 8월 20일 17시,화요일,충청북도 청주시 상당구 용암동,경상사고,0,0,1,0,차대차 - 기타,직진우회전진행방해,건조,맑음,교차로 - 교차로부근,원동기,남,23세,경상,승용,남,66세,상해없음
2013082000100451,2013년 8월 20일 18시,화요일,충청북도 청주시 상당구 내덕동,경상사고,0,0,1,0,차대차 - 기타,안전운전불이행,건조,맑음,교차로 - 교차로부근,승용,남,28세,상해없음,승합,남,35세,상해없음
2013082000100452,2013년 8월 20일 18시,화요일,충청북도 충주시 달천동,경상사고,0,0,3,1,차대차 - 추돌 - 진행중,안전운전불이행,건조,맑음,단일로 - 교량,화물,남,50세,상해없음,승용,여,41세,경상
2013082000100453,2013년 8월 20일 18시,화요일,충청북도 괴산군 괴산읍,경상사고,0,0,2,0,차대차 - 측면직각충돌,직진우회전진행방해,건조,맑음,교차로 - 교차로안,승용,여,51세,상해없음,이륜,남,30세,경상
2013082000100454,2013년 8월 20일 18시,화요일,충청북도 청주시 흥덕구 성화동,중상사고,0,1,0,0,차대사람 - 횡단중,보행자보호의무위반,건조,맑음,단일로 - 횡단보도상,승용,여,46세,상해없음,보행자,여,4세,중상
2013082000100492,2013년 8월 20일 19시,화요일,충청북도 청주시 상당구 서운동,경상사고,0,0,2,0,차대차 - 추돌 - 진행중,안전운전불이행,건조,맑음,단일로 - 기타,승용,여,22세,상해없음,승용,남,38세,상해없음
2013082000100588,2013년 8월 20일 22시,화요일,충청북도 청주시 상당구 석교동,경상사고,0,0,3,0,차대차 - 추돌 - 주정차중,안전운전불이행,건조,맑음,교차로 - 교차로부근,화물,남,42세,상해없음,승용,남,39세,경상
2013082000100589,2013년 8월 20일 22시,화요일,충청북도 청주시 흥덕구 가경동,중상사고,0,1,0,0,차대차 - 측면직각충돌,안전운전불이행,건조,맑음,단일로 - 기타,승합,남,37세,상해없음,승용,여,42세,중상
2013082100100026,2013년 8월 21일 01시,수요일,충청북도 청주시 흥덕구 복대동,중상사고,0,1,1,0,차대차 - 측면직각충돌,중앙선침범,건조,맑음,교차로 - 교차로안,승용,남,29세,상해없음,승용,남,52세,중상
2013082100100027,2013년 8월 21일 01시,수요일,충청북도 청주시 흥덕구 개신동,중상사고,0,1,0,0,차대사람 - 횡단중,안전운전불이행,건조,맑음,교차로 - 교차로안,승용,남,27세,상해없음,보행자,남,52세,중상
2013082100100042,2013년 8월 21일 02시,수요일,충청북도 청원군 현도면,경상사고,0,0,1,0,차량단독 - 기타,안전운전불이행,건조,맑음,단일로 - 기타,승용,남,58세,상해없음,,,,
2013082100100053,2013년 8월 21일 03시,수요일,충청북도 충주시 지현동,중상사고,0,1,0,0,차대사람 - 기타,안전운전불이행,건조,흐림,단일로 - 기타,승용,여,57세,상해없음,보행자,남,35세,중상
2013082100100068,2013년 8월 21일 04시,수요일,충청북도 충주시 충인동,부상신고사고,0,0,0,1,차대차 - 기타,안전운전불이행,건조,흐림,교차로 - 교차로부근,화물,남,42세,상해없음,자전거,남,77세,부상신고
2013082100100104,2013년 8월 21일 07시,수요일,충청북도 충주시 연수동,부상신고사고,0,0,0,1,차대차 - 추돌 - 진행중,직진우회전진행방해,건조,맑음,교차로 - 교차로안,자전거,남,16세,부상신고,화물,남,41세,상해없음
2013082100100105,2013년 8월 21일 07시,수요일,충청북도 진천군 진천읍,중상사고,0,1,0,0,차대차 - 기타,안전운전불이행,건조,맑음,교차로 - 교차로부근,승용,여,38세,상해없음,원동기,남,74세,중상