사고번호,사고일시,요일,시군구,사고내용,사망자수,중상자수,경상자수,부상신고자수,사고유형,법규위반,노면상태,기상상태,도로형태,가해운전자 차종,가해운전자 성별,가해운전자 연령,가해운전자 상해정도,피해운전자 차종,피해운전자 성별,피해운전자 연령,피해운전자 상해정도
2013083000100413,2013년 8월 30일 17시,금요일,충청북도 청주시 흥덕구 분평동,경상사고,0,0,1,0,차대차 - 측면직각충돌,안전운전불이행,건조,맑음,교차로 - 교차로부근,승용,여,39세,상해없음,이륜,남,60세,경상
2013083000100457,2013년 8월 30일 18시,금요일,충청북도 음성군 소이면,중상사고,0,1,0,0,차대차 - 기타,안전거리미확보,건조,맑음,단일로 - 기타,화물,남,61세,상해없음,이륜,여,69세,중상
2013083000100458,2013년 8월 30일 18시,금요일,충청북도 진천군 진천읍,중상사고,0,1,0,0,차대사람 - 차도통행중,안전운전불이행,건조,맑음,단일로 - 기타,승용,여,30세,상해없음,보행자,남,54세,중상
2013083000100496,2013년 8월 30일 19시,금요일,충청북도 음성군 생극면,중상사고,0,1,0,0,차량단독 - 기타,안전운전불이행,건조,맑음,단일로 - 기타,농기계,남,72세,중상,,,,
2013083000100497,2013년 8월 30일 19시,금요일,충청북도 청원군 오송읍,중상사고,0,1,0,0,차대차 - 기타,안전운전불이행,건조,맑음,단일로 - 기타,자전거,남,61세,상해없음,자전거,남,48세,상해없음
2013083000100498,2013년 8월 30일 19시,금요일,충청북도 청주시 상당구 용암동,사망사고,1,2,0,0,차대차 - 기타,안전운전불이행,건조,맑음,교차로 - 교차로안,승용,여,56세,상해없음,승용,남,35세,상해없음
2013083000100535,2013년 8월 30일 20시,금요일,충청북도 청주시 흥덕구 봉명동,중상사고,0,1,0,0,차대사람 - 횡단중,안전운전불이행,건조,맑음,교차로 - 교차로안,승용,남,54세,상해없음,보행자,여,47세,중상
2013083000100570,2013년 8월 30일 21시,금요일,충청북도 청원군 오창읍,경상사고,0,0,1,0,차대사람 - 기타,보행자보호의무위반,건조,맑음,교차로 - 교차로안,승용,여,38세,상해없음,보행자,남,41세,경상
2013083000100571,2013년 8월 30일 21시,금요일,충청북도 청주시 흥덕구 산남동,중상사고,0,1,0,0,차대차 - 기타,신호위반,건조,맑음,교차로 - 교차로안,승용,여,25세,상해없음,승용,여,43세,중상
2013083000100605,2013년 8월 30일 22시,금요일,충청북도 청주시 상당구 서문동,경상사고,0,0,1,0,차대차 - 추돌 - 주정차중,안전운전불이행,건조,맑음,교차로 - 교차로부근,승용,남,48세,상해없음,승용,남,56세,상해없음
2013083000100606,2013년 8월 30일 22시,금요일,충청북도 증평군 증평읍,경상사고,0,0,4,0,차대차 - 측면직각충돌,직진우회전진행방해,건조,맑음,교차로 - 교차로안,승용,남,45세,상해없음,승용,남,60세,경상
2013083000100607,2013년 8월 30일 22시,금요일,충청북도 음성군 금왕읍,중상사고,0,1,0,0,차대차 - 정면충돌,안전운전불이행,건조,맑음,단일로 - 기타,승용,남,19세,상해없음,자전거,남,25세,중상
2013083000100636,2013년 8월 30일 23시,금요일,충청북도 청주시 상당구 문화동,경상사고,0,0,2,0,차대차 - 추돌 - 주정차중,안전운전불이행,건조,맑음,교차로 - 교차로부근,승용,남,54세,상해없음,승용,남,43세,경상
2013083000100637,2013년 8월 30일 23시,금요일,충청북도 청원군 현도면,중상사고,0,1,1,0,차대차 - 측면직각충돌,신호위반,건조,맑음,교차로 - 교차로안,승용,남,45세,경상,화물,남,44세,중상
2013083100100017,2013년 8월 31일 00시,토요일,충청북도 영동군 양강면,중상사고,0,3,1,0,차대차 - 기타,중앙선침범,건조,맑음,단일로 - 기타,승용,남,29세,중상,승용,남,25세,중상
2013083100100039,2013년 8월 31일 01시,토요일,충청북도 청주시 흥덕구 복대동,경상사고,0,0,1,0,차대차 - 측면직각충돌,교차로운행방법위반,건조,맑음,교차로 - 교차로안,승용,남,22세,상해없음,이륜,남,16세,경상
2013083100100134,2013년 8월 31일 07시,토요일,충청북도 청주시 상당구 명암동,경상사고,0,0,1,0,차량단독 - 공작물충돌,안전운전불이행,건조,맑음,단일로 - 터널,승용,남,19세,경상,,,,
2013083100100203,2013년 8월 31일 10시,토요일,충청북도 청원군 내수읍,경상사고,0,0,1,0,차량단독 - 기타,안전운전불이행,건조,맑음,단일로 - 기타,승합,남,56세,상해없음,,,,
2013083100100204,2013년 8월 31일 10시,토요일,충청북도 진천군 진천읍,경상사고,0,0,1,0,차대차 - 기타,안전운전불이행,건조,맑음,단일로 - 기타,승용,남,40세,상해없음,자전거,남,61세,경상
2013083100100229,2013년 8월 31일 11시,토요일,충청북도 충주시 호암동,중상사고,0,1,0,0,차대차 - 측면직각충돌,안전운전불이행,건조,맑음,기타 - 기타,화물,남,51세,상해없음,원동기,남,48세,중상
2013083100100230,2013년 8월 31일 11시,토요일,충청북도 옥천군 안내면,경상사고,0,0,2,0,차대차 - 측면직각충돌,안전운전불이행,건조,맑음,교차로 - 교차로안,이륜,남,65세,경상,승용,남,40세,경상
2013083100100231,2013년 8월 31일 11시,토요일,충청북도 청주시 흥덕구 복대동,경상사고,0,0,1,0,차대차 - 측면직각충돌,신호위반,건조,맑음,단일로 - 기타,승용,여,66세,상해없음,자전거,남,17세,경상
2013083100100266,2013년 8월 31일 12시,토요일,충청북도 청주시 흥덕구 복대동,중상사고,0,1,0,0,차대사람 - 횡단중,보행자보호의무위반,건조,맑음,교차로 - 교차로부근,승용,기타불명,기타불명,기타불명,보행자,여,13세,중상
2013083100100267,2013년 8월 31일 12시,토요일,충청북도 청원군 낭성면,중상사고,0,1,0,0,차대차 - 기타,안전운전불이행,건조,맑음,교차로 - 교차로안,화물,남,51세,상해없음,원동기,남,64세,중상
2013083100100300,2013년 8월 31일 13시,토요일,충청북도 충주시 가금면,중상사고,0,1,0,0,차대차 - 측면직각충돌,신호위반,건조,맑음,교차로 - 교차로안,화물,남,54세,중상,화물,남,36세,상해없음
2013083100100369,2013년 8월 31일 15시,토요일,충청북도 청주시 흥덕구 가경동,경상사고,0,0,2,0,차대차 - 측면직각충돌,안전운전불이행,건조,맑음,교차로 - 교차로안,승용,남,43세,상해없음,승용,여,31세,경상
2013083100100414,2013년 8월 31일 16시,토요일,충청북도 제천시 금성면,부상신고사고,0,0,0,1,차량단독 - 도로외이탈 - 추락,안전운전불이행,건조,맑음,단일로 - 기타,원동기,남,67세,부상신고,,,,
2013083100100415,2013년 8월 31일 16시,토요일,충청북도 청원군 강내면,경상사고,0,0,2,0,차대차 - 추돌 - 진행중,안전거리미확보,건조,흐림,교차로 - 교차로부근,화물,남,64세,상해없음,승용,남,48세,경상
2013083100100444,2013년 8월 31일 17시,토요일,충청북도 음성군 대소면,경상사고,0,0,1,0,차량단독 - 기타,안전운전불이행,건조,맑음,단일로 - 기타,화물,남,47세,경상,,,,
2013083100100473,2013년 8월 31일 18시,토요일,충청북도 청주시 상당구 내덕동,경상사고,0,0,1,0,차대사람 - 길가장자리구역통행중,안전운전불이행,건조,맑음,단일로 - 기타,승용,여,18세,상해없음,보행자,여,55세,경상
2013083100100474,2013년 8월 31일 18시,토요일,충청북도 충주시 교현동,부상신고사고,0,0,0,1,차대차 - 기타,안전운전불이행,건조,맑음,단일로 - 기타,승용,남,52세,상해없음,승용,여,57세,부상신고
2013083100100505,2013년 8월 31일 19시,토요일,충청북도 음성군 맹동면,경상사고,0,0,1,0,차대차 - 기타,신호위반,건조,맑음,교차로 - 교차로안,원동기,남,49세,경상,승용,남,49세,상해없음
2013083100100540,2013년 8월 31일 20시,토요일,충청북도 괴산군 청천면,중상사고,0,1,0,0,차대차 - 측면직각충돌,직진우회전진행방해,건조,맑음,교차로 - 교차로안,이륜,남,16세,중상,승용,여,31세,상해없음
2013083100100541,2013년 8월 31일 20시,토요일,충청북도 청원군 오송읍,중상사고,0,1,0,0,차대차 - 추돌 - 진행중,안전운전불이행,건조,맑음,단일로 - 기타,승용,남,27세,상해없음,농기계,남,57세,중상
2013083100100607,2013년 8월 31일 22시,토요일,충청북도 청원군 오송읍,중상사고,0,1,1,0,차대차 - 추돌 - 주정차중,안전거리미확보,건조,맑음,교차로 - 교차로부근,승용,여,24세,상해없음,승용,남,58세,중상
2013083100100608,2013년 8월 31일 22시,토요일,충청북도 괴산군 연풍면,경상사고,0,0,7,0,차대차 - 추돌 - 진행중,안전운전불이행,건조,맑음,단일로 - 기타,승용,남,28세,상해없음,승용,남,38세,경상
2013083100100635,2013년 8월 31일 23시,토요일,충청북도 청원군 현도면,경상사고,0,0,1,0,차대차 - 기타,안전운전불이행,건조,맑음,교차로 - 교차로부근,승용,남,45세,상해없음,승용,남,33세,경상
2013090100100060,2013년 9월 1일 03시,일요일,충청북도 청주시 흥덕구 봉명동,중상사고,0,2,0,0,차량단독 - 기타,안전운전불이행,건조,맑음,교차로 - 교차로부근,승용,남,49세,상해없음,,,,
2013090100100116,2013년 9월 1일 08시,일요일,충청북도 청주시 흥덕구 사창동,경상사고,0,0,1,0,차대차 - 측면직각충돌,안전운전불이행,건조,맑음,단일로 - 기타,승용,남,64세,상해없음,승용,여,47세,경상
2013090100100134,2013년 9월 1일 09시,일요일,충청북도 청주시 흥덕구 모충동,경상사고,0,0,1,0,차대차 - 기타,안전운전불이행,건조,맑음,교차로 - 교차로부근,승용,남,61세,상해없음,승용,남,42세,경상
2013090100100182,2013년 9월 1일 11시,일요일,충청북도 청주시 상당구 수동,경상사고,0,0,1,0,차대사람 - 기타,안전운전불이행,건조,맑음,단일로 - 기타,승용,남,66세,상해없음,보행자,여,76세,경상
2013090100100183,2013년 9월 1일 11시,일요일,충청북도 영동군 황간면,사망사고,1,1,0,0,차량단독 - 도로외이탈 - 추락,안전운전불이행,건조,맑음,교차로 - 교차로안,이륜,남,39세,중상,,,,
2013090100100235,2013년 9월 1일 13시,일요일,충청북도 청주시 상당구 남문로1가동,경상사고,0,0,1,0,차대차 - 측면직각충돌,안전운전불이행,건조,맑음,교차로 - 교차로안,승합,남,51세,상해없음,승용,남,28세,상해없음
2013090100100236,2013년 9월 1일 13시,일요일,충청북도 제천시 의림동,경상사고,0,0,1,0,차대차 - 기타,직진우회전진행방해,건조,맑음,교차로 - 교차로안,승용,남,36세,상해없음,승용,여,41세,경상
2013090100100257,2013년 9월 1일 14시,일요일,충청북도 청주시 상당구 주성동,경상사고,0,0,8,0,차대차 - 기타,안전운전불이행,건조,맑음,기타 - 기타,화물,남,54세,상해없음,승용,여,57세,경상
2013090100100258,2013년 9월 1일 14시,일요일,충청북도 청원군 내수읍,사망사고,1,0,0,0,차대차 - 기타,교차로운행방법위반,건조,맑음,교차로 - 교차로안,승용,남,25세,상해없음,농기계,남,57세,사망
2013090100100293,2013년 9월 1일 15시,일요일,충청북도 청주시 흥덕구 지동동,경상사고,0,0,1,0,차대차 - 측면직각충돌,안전운전불이행,건조,맑음,단일로 - 기타,자전거,남,56세,경상,승용,여,50세,상해없음
2013090100100317,2013년 9월 1일 16시,일요일,충청북도 청원군 가덕면,중상사고,0,1,2,0,차대차 - 측면직각충돌,교차로운행방법위반,건조,맑음,교차로 - 교차로안,화물,여,53세,경상,승용,남,24세,중상
2013090100100343,2013년 9월 1일 17시,일요일,충청북도 영동군 학산면,중상사고,0,1,2,0,차대차 - 추돌 - 진행중,안전운전불이행,건조,맑음,교차로 - 교차로부근,승용,여,44세,경상,화물,남,55세,상해없음
2013090100100344,2013년 9월 1일 17시,일요일,충청북도 옥천군 옥천읍,부상신고사고,0,0,0,1,차량단독 - 기타,안전운전불이행,건조,맑음,단일로 - 기타,자전거,남,47세,부상신고,,,,
2013090100100378,2013년 9월 1일 18시,일요일,충청북도 옥천군 군북면,경상사고,0,0,3,0,차대차 - 추돌 - 진행중,안전운전불이행,건조,맑음,단일로 - 기타,화물,여,47세,상해없음,승용,남,51세,상해없음
2013090200100005,2013년 9월 2일 00시,월요일,충청북도 청주시 흥덕구 가경동,경상사고,0,0,1,0,차대차 - 추돌 - 주정차중,안전운전불이행,건조,맑음,교차로 - 교차로부근,승용,여,47세,상해없음,승용,남,53세,상해없음
2013090200100028,2013년 9월 2일 04시,월요일,충청북도 청주시 상당구 용암동,경상사고,0,0,1,0,차량단독 - 공작물충돌,중앙선침범,건조,맑음,단일로 - 기타,승용,남,24세,상해없음,,,,
2013090200100038,2013년 9월 2일 05시,월요일,충청북도 청주시 흥덕구 분평동,경상사고,0,0,1,0,차대사람 - 기타,안전운전불이행,건조,맑음,단일로 - 기타,승용,남,43세,상해없음,보행자,남,42세,경상
2013090200100052,2013년 9월 2일 06시,월요일,충청북도 충주시 신니면,사망사고,1,0,0,0,차대차 - 추돌 - 진행중,신호위반,건조,맑음,교차로 - 교차로안,화물,남,53세,상해없음,승용,남,51세,사망
2013090200100053,2013년 9월 2일 06시,월요일,충청북도 청주시 흥덕구 가경동,중상사고,0,1,0,0,차대차 - 추돌 - 진행중,과속,건조,맑음,단일로 - 기타,승용,남,21세,상해없음,승용,여,37세,중상
2013090200100081,2013년 9월 2일 07시,월요일,충청북도 진천군 문백면,중상사고,0,2,1,0,차대차 - 추돌 - 진행중,안전거리미확보,건조,맑음,단일로 - 기타,승용,남,43세,경상,승용,남,48세,상해없음
2013090200100128,2013년 9월 2일 08시,월요일,충청북도 영동군 용산면,중상사고,0,1,0,0,차대차 - 기타,안전운전불이행,건조,맑음,단일로 - 기타,승용,기타불명,기타불명,기타불명,화물,남,41세,중상
2013090200100162,2013년 9월 2일 09시,월요일,충청북도 제천시 의림동,경상사고,0,0,1,0,차대차 - 기타,안전운전불이행,건조,맑음,교차로 - 교차로안,원동기,남,69세,경상,승용,남,52세,상해없음
2013090200100163,2013년 9월 2일 09시,월요일,충청북도 음성군 음성읍,부상신고사고,0,0,0,1,차대차 - 기타,차로위반,건조,맑음,단일로 - 기타,화물,남,67세,부상신고,승용,남,66세,상해없음
2013090200100193,2013년 9월 2일 10시,월요일,충청북도 괴산군 청천면,사망사고,1,0,0,0,차대차 - 추돌 - 진행중,안전운전불이행,건조,맑음,단일로 - 기타,화물,남,23세,상해없음,농기계,남,77세,사망
2013090200100194,2013년 9월 2일 10시,월요일,충청북도 단양군 단양읍,경상사고,0,0,1,0,차대차 - 측면직각충돌,직진우회전진행방해,건조,맑음,교차로 - 교차로안,승합,남,58세,상해없음,원동기,남,73세,경상
2013090200100257,2013년 9월 2일 12시,월요일,충청북도 충주시 교현동,중상사고,0,1,0,0,차대차 - 추돌 - 진행중,안전운전불이행,건조,맑음,교차로 - 교차로안,승용,남,37세,상해없음,자전거,여,63세,중상
2013090200100258,2013년 9월 2일 12시,월요일,충청북도 옥천군 옥천읍,중상사고,0,1,0,0,차대차 - 측면직각충돌,안전거리미확보,건조,맑음,교차로 - 교차로부근,승용,남,45세,상해없음,이륜,남,59세,중상
2013090200100259,2013년 9월 2일 12시,월요일,충청북도 청주시 흥덕구 복대동,경상사고,0,0,1,0,차대차 - 측면직각충돌,안전운전불이행,건조,맑음,교차로 - 교차로부근,이륜,남,66세,경상,화물,남,53세,상해없음
2013090200100292,2013년 9월 2일 13시,월요일,충청북도 청주시 흥덕구 송정동,경상사고,0,0,1,0,차대차 - 측면직각충돌,안전운전불이행,건조,맑음,교차로 - 교차로부근,승용,여,44세,상해없음,승용,남,59세,상해없음
2013090200100355,2013년 9월 2일 15시,월요일,충청북도 충주시 금릉동,중상사고,0,1,0,0,차대차 - 기타,신호위반,건조,맑음,교차로 - 교차로안,승용,남,59세,상해없음,승용,남,33세,중상
2013090200100356,2013년 9월 2일 15시,월요일,충청북도 음성군 음성읍,중상사고,0,2,0,0,차대차 - 기타,교차로운행방법위반,건조,맑음,교차로 - 교차로안,화물,남,66세,상해없음,승합,남,60세,중상
2013090200100395,2013년 9월 2일 16시,월요일,충청북도 청원군 오창읍,경상사고,0,0,1,0,차대사람 - 길가장자리구역통행중,교차로운행방법위반,건조,맑음,교차로 - 교차로안,승용,여,47세,상해없음,보행자,남,30세,경상
2013090200100447,2013년 9월 2일 17시,월요일,충청북도 음성군 감곡면,경상사고,0,0,1,0,차대차 - 측면직각충돌,차로위반,건조,맑음,단일로 - 기타,승용,여,38세,경상,승용,여,40세,상해없음
2013090200100448,2013년 9월 2일 17시,월요일,충청북도 청주시 흥덕구 개신동,경상사고,0,0,1,0,차대사람 - 길가장자리구역통행중,안전운전불이행,건조,맑음,단일로 - 기타,승용,여,42세,상해없음,보행자,여,12세,경상
2013090200100489,2013년 9월 2일 18시,월요일,충청북도 충주시 산척면,중상사고,0,2,1,0,차대차 - 기타,안전운전불이행,건조,맑음,단일로 - 기타,승용,남,53세,상해없음,농기계,남,68세,중상
2013090200100490,2013년 9월 2일 18시,월요일,충청북도 충주시 주덕읍,경상사고,0,0,2,0,차대차 - 기타,중앙선침범,건조,맑음,단일로 - 기타,원동기,여,26세,상해없음,승용,여,44세,경상
2013090200100616,2013년 9월 2일 22시,월요일,충청북도 청주시 흥덕구 산남동,중상사고,0,1,0,0,차대차 - 기타,안전운전불이행,건조,맑음,단일로 - 기타,승용,남,31세,상해없음,이륜,남,18세,중상
2013090200100651,2013년 9월 2일 23시,월요일,충청북도 음성군 음성읍,경상사고,0,0,1,0,차량단독 - 전도전복,안전운전불이행,건조,맑음,단일로 - 기타,원동기,남,21세,경상,,,,
2013090300100130,2013년 9월 3일 08시,화요일,충청북도 제천시 의림동,경상사고,0,0,1,0,차대차 - 기타,신호위반,건조,맑음,교차로 - 교차로안,승용,남,76세,상해없음,승용,여,50세,경상
2013090300100131,2013년 9월 3일 08시,화요일,충청북도 제천시 신월동,중상사고,0,1,1,0,차대차 - 기타,안전거리미확보,건조,맑음,단일로 - 기타,승합,남,76세,상해없음,승용,여,43세,경상
2013090300100132,2013년 9월 3일 08시,화요일,충청북도 청주시 흥덕구 봉명동,경상사고,0,0,2,0,차대차 - 추돌 - 주정차중,안전운전불이행,건조,맑음,교차로 - 교차로부근,승용,남,61세,상해없음,승용,남,48세,경상
2013090300100133,2013년 9월 3일 08시,화요일,충청북도 청주시 상당구 용담동,경상사고,0,0,1,0,차대차 - 기타,안전운전불이행,건조,맑음,단일로 - 기타,승용,남,61세,상해없음,승용,여,45세,경상
2013090300100192,2013년 9월 3일 10시,화요일,충청북도 음성군 음성읍,사망사고,1,0,0,0,차대사람 - 기타,안전운전불이행,건조,맑음,교차로 - 교차로안,화물,남,53세,상해없음,보행자,여,76세,사망
2013090300100193,2013년 9월 3일 10시,화요일,충청북도 청주시 상당구 용담동,중상사고,0,2,1,0,차대차 - 측면직각충돌,신호위반,건조,맑음,교차로 - 교차로안,승용,남,57세,중상,승용,남,71세,경상
2013090300100225,2013년 9월 3일 11시,화요일,충청북도 충주시 동량면,경상사고,0,0,1,1,차대차 - 추돌 - 진행중,안전운전불이행,건조,맑음,교차로 - 교차로안,화물,남,31세,부상신고,승용,남,42세,경상
2013090300100282,2013년 9월 3일 13시,화요일,충청북도 청원군 북이면,경상사고,0,0,1,0,차대차 - 추돌 - 진행중,안전운전불이행,건조,맑음,교차로 - 교차로부근,건설기계,남,32세,상해없음,승용,여,47세,경상
2013090300100283,2013년 9월 3일 13시,화요일,충청북도 영동군 양강면,중상사고,0,1,2,0,차대차 - 기타,교차로운행방법위반,건조,맑음,교차로 - 교차로안,승용,여,32세,경상,승용,남,52세,중상
2013090300100284,2013년 9월 3일 13시,화요일,충청북도 음성군 맹동면,중상사고,0,1,1,1,차대차 - 기타,중앙선침범,건조,맑음,단일로 - 기타,승용,남,46세,부상신고,화물,남,42세,중상
2013090300100285,2013년 9월 3일 13시,화요일,충청북도 옥천군 옥천읍,경상사고,0,0,2,0,차대차 - 추돌 - 진행중,안전운전불이행,건조,맑음,교차로 - 교차로안,승용,남,48세,상해없음,승용,남,41세,경상
2013090300100286,2013년 9월 3일 13시,화요일,충청북도 청주시 흥덕구 복대동,경상사고,0,0,4,0,차대차 - 정면충돌,안전운전불이행,건조,맑음,교차로 - 교차로부근,승용,남,36세,상해없음,승용,여,30세,경상
2013090300100315,2013년 9월 3일 14시,화요일,충청북도 보은군 보은읍,중상사고,0,1,0,0,차대사람 - 보도통행중,안전운전불이행,건조,맑음,단일로 - 기타,승용,남,64세,상해없음,보행자,여,73세,중상
2013090300100352,2013년 9월 3일 15시,화요일,충청북도 제천시 봉양읍,중상사고,0,1,0,0,차대차 - 기타,안전운전불이행,건조,맑음,교차로 - 교차로부근,원동기,남,72세,중상,승용,여,61세,상해없음
2013090300100385,2013년 9월 3일 16시,화요일,충청북도 충주시 칠금동,중상사고,0,1,0,0,차대차 - 기타,기타,건조,맑음,단일로 - 횡단보도상,승용,여,41세,상해없음,자전거,남,8세,중상
2013090300100386,2013년 9월 3일 16시,화요일,충청북도 충주시 가금면,부상신고사고,0,0,0,1,차대차 - 측면직각충돌,직진우회전진행방해,건조,맑음,교차로 - 교차로안,원동기,남,62세,부상신고,승용,여,29세,상해없음
2013090300100424,2013년 9월 3일 17시,화요일,충청북도 보은군 수한면,중상사고,0,1,0,0,차대차 - 측면직각충돌,교차로운행방법위반,건조,맑음,교차로 - 교차로안,화물,남,34세,상해없음,원동기,여,53세,중상
2013090300100425,2013년 9월 3일 17시,화요일,충청북도 청주시 흥덕구 운천동,중상사고,0,1,0,0,차대차 - 측면직각충돌,신호위반,건조,맑음,교차로 - 교차로안,승용,남,71세,상해없음,이륜,남,38세,중상
2013090300100464,2013년 9월 3일 18시,화요일,충청북도 충주시 연수동,경상사고,0,0,1,0,차대사람 - 기타,안전운전불이행,건조,맑음,단일로 - 기타,승용,남,23세,상해없음,보행자,남,10세,경상
2013090300100465,2013년 9월 3일 18시,화요일,충청북도 청주시 상당구 영운동,경상사고,0,0,1,0,차량단독 - 기타,안전운전불이행,건조,맑음,교차로 - 교차로부근,자전거,남,15세,경상,,,,
2013090300100507,2013년 9월 3일 19시,화요일,충청북도 음성군 생극면,중상사고,0,1,0,0,차대차 - 기타,신호위반,건조,맑음,교차로 - 교차로안,원동기,남,65세,기타불명,승용,남,42세,상해없음
2013090300100508,2013년 9월 3일 19시,화요일,충청북도 청주시 흥덕구 가경동,중상사고,0,1,0,0,차대사람 - 횡단중,안전운전불이행,건조,맑음,단일로 - 기타,승용,남,37세,상해없음,보행자,여,8세,중상
2013090300100541,2013년 9월 3일 20시,화요일,충청북도 충주시 앙성면,부상신고사고,0,0,0,1,차대차 - 측면직각충돌,안전운전불이행,건조,맑음,교차로 - 교차로안,원동기,남,47세,부상신고,승용,남,54세,상해없음
2013090300100542,2013년 9월 3일 20시,화요일,충청북도 충주시 용산동,중상사고,0,1,0,0,차대차 - 추돌 - 주정차중,안전운전불이행,건조,맑음,단일로 - 기타,승용,남,40세,상해없음,승용,남,49세,중상
2013090300100611,2013년 9월 3일 23시,화요일,충청북도 진천군 진천읍,경상사고,0,0,1,0,차대차 - 추돌 - 진행중,안전운전불이행,건조,맑음,단일로 - 기타,승용,남,48세,상해없음,화물,남,46세,경상
2013090400100091,2013년 9월 4일 07시,수요일,충청북도 진천군 진천읍,경상사고,0,0,2,0,차대차 - 추돌 - 진행중,안전운전불이행,건조,맑음,단일로 - 기타,승용,여,31세,상해없음,승용,남,24세,경상
2013090400100092,2013년 9월 4일 07시,수요일,충청북도 청주시 흥덕구 송정동,중상사고,0,1,0,0,차대차 - 추돌 - 진행중,안전운전불이행,건조,맑음,단일로 - 기타,승용,남,52세,상해없음,자전거,남,56세,중상
2013090400100093,2013년 9월 4일 07시,수요일,충청북도 청주시 흥덕구 정봉동,경상사고,0,0,1,0,차대차 - 기타,안전운전불이행,건조,맑음,단일로 - 기타,화물,남,45세,상해없음,자전거,남,81세,경상
2013090400100094,2013년 9월 4일 07시,수요일,충청북도 청원군 오송읍,중상사고,0,1,1,0,차대차 - 측면직각충돌,신호위반,건조,맑음,교차로 - 교차로안,승용,남,30세,경상,승용,남,50세,중상
2013090400100095,2013년 9월 4일 07시,수요일,충청북도 청주시 흥덕구 복대동,중상사고,0,1,1,0,차대차 - 측면직각충돌,중앙선침범,건조,맑음,교차로 - 교차로부근,승용,남,24세,상해없음,승용,여,24세,중상
2013090400100138,2013년 9월 4일 08시,수요일,충청북도 청원군 내수읍,중상사고,0,1,0,0,차대차 - 측면직각충돌,안전거리미확보,건조,맑음,단일로 - 기타,건설기계,남,45세,상해없음,승용,여,49세,중상
2013090400100139,2013년 9월 4일 08시,수요일,충청북도 충주시 수안보면,중상사고,0,2,0,1,차대차 - 추돌 - 진행중,신호위반,건조,맑음,교차로 - 교차로안,승용,여,38세,부상신고,승용,남,46세,중상
2013090400100140,2013년 9월 4일 08시,수요일,충청북도 제천시 고명동,경상사고,0,0,1,0,차대차 - 측면직각충돌,신호위반,건조,맑음,교차로 - 교차로안,승용,여,56세,상해없음,화물,남,28세,경상
2013090400100141,2013년 9월 4일 08시,수요일,충청북도 진천군 덕산면,중상사고,0,1,2,0,차대차 - 측면직각충돌,교차로운행방법위반,건조,맑음,교차로 - 교차로안,화물,남,58세,상해없음,승용,여,33세,중상
2013090400100177,2013년 9월 4일 09시,수요일,충청북도 제천시 청전동,경상사고,0,0,1,0,차대사람 - 기타,안전운전불이행,건조,맑음,교차로 - 교차로부근,원동기,여,35세,상해없음,보행자,남,66세,경상
2013090400100178,2013년 9월 4일 09시,수요일,충청북도 음성군 금왕읍,경상사고,0,0,1,0,차대차 - 기타,차로위반,건조,맑음,단일로 - 기타,화물,남,57세,상해없음,승용,여,29세,경상
2013090400100208,2013년 9월 4일 10시,수요일,충청북도 청주시 상당구 금천동,경상사고,0,0,1,0,차대사람 - 기타,안전운전불이행,건조,맑음,교차로 - 교차로안,승용,남,45세,상해없음,보행자,여,46세,경상
2013090400100209,2013년 9월 4일 10시,수요일,충청북도 충주시 연수동,부상신고사고,0,0,0,1,차대차 - 추돌 - 진행중,안전운전불이행,건조,맑음,교차로 - 교차로안,승용,여,32세,부상신고,승용,남,72세,상해없음
2013090400100210,2013년 9월 4일 10시,수요일,충청북도 충주시 충인동,경상사고,0,0,1,0,차대사람 - 길가장자리구역통행중,안전운전불이행,건조,맑음,단일로 - 기타,승용,여,57세,상해없음,보행자,여,80세,경상
2013090400100211,2013년 9월 4일 10시,수요일,충청북도 청원군 강내면,경상사고,0,0,2,0,차대차 - 추돌 - 진행중,안전운전불이행,건조,맑음,단일로 - 기타,승용,여,41세,상해없음,화물,여,57세,상해없음
2013090400100260,2013년 9월 4일 12시,수요일,충청북도 청주시 상당구 오동동,경상사고,0,0,1,0,차대사람 - 길가장자리구역통행중,안전운전불이행,건조,맑음,교차로 - 교차로부근,기타불명,기타불명,기타불명,기타불명,보행자,여,67세,경상
2013090400100261,2013년 9월 4일 12시,수요일,충청북도 제천시 화산동,경상사고,0,0,1,0,차대차 - 기타,안전운전불이행,건조,맑음,교차로 - 교차로안,화물,남,53세,상해없음,승용,남,38세,경상
2013090400100262,2013년 9월 4일 12시,수요일,충청북도 청주시 흥덕구 장성동,경상사고,0,0,1,0,차대차 - 측면직각충돌,교차로운행방법위반,건조,맑음,교차로 - 교차로안,원동기,남,60세,상해없음,자전거,남,44세,경상
2013090400100291,2013년 9월 4일 13시,수요일,충청북도 제천시 중앙로2가,중상사고,0,1,0,0,차대사람 - 기타,보행자보호의무위반,건조,맑음,교차로 - 교차로부근,승용,여,53세,상해없음,보행자,여,69세,중상
2013090400100292,2013년 9월 4일 13시,수요일,충청북도 청주시 흥덕구 운천동,경상사고,0,0,1,0,차대사람 - 기타,기타,습기,맑음,단일로 - 기타,승합,남,45세,기타불명,보행자,여,66세,경상