사고번호,사고일시,요일,시군구,사고내용,사망자수,중상자수,경상자수,부상신고자수,사고유형,법규위반,노면상태,기상상태,도로형태,가해운전자 차종,가해운전자 성별,가해운전자 연령,가해운전자 상해정도,피해운전자 차종,피해운전자 성별,피해운전자 연령,피해운전자 상해정도
2013090400100327,2013년 9월 4일 14시,수요일,충청북도 제천시 중앙로2가,경상사고,0,0,1,0,차대차 - 기타,안전운전불이행,건조,맑음,단일로 - 기타,승용,남,41세,상해없음,승용,남,27세,상해없음
2013090400100328,2013년 9월 4일 14시,수요일,충청북도 청주시 흥덕구 산남동,중상사고,0,1,0,0,차대사람 - 기타,안전운전불이행,건조,맑음,교차로 - 교차로부근,승용,남,60세,상해없음,보행자,남,59세,중상
2013090400100354,2013년 9월 4일 15시,수요일,충청북도 청주시 상당구 북문로1가동,경상사고,0,0,3,0,차대차 - 기타,차로위반,건조,맑음,교차로 - 교차로부근,화물,남,68세,경상,승합,남,36세,경상
2013090400100355,2013년 9월 4일 15시,수요일,충청북도 청주시 상당구 서문동,경상사고,0,0,1,0,차대차 - 기타,안전운전불이행,건조,맑음,단일로 - 기타,승합,남,45세,상해없음,자전거,남,95세,경상
2013090400100356,2013년 9월 4일 15시,수요일,충청북도 청원군 내수읍,중상사고,0,2,0,0,차대차 - 측면직각충돌,안전거리미확보,건조,맑음,단일로 - 기타,승합,남,48세,상해없음,승합,남,37세,상해없음
2013090400100357,2013년 9월 4일 15시,수요일,충청북도 제천시 중앙로2가,중상사고,0,1,0,1,차대차 - 기타,안전운전불이행,건조,맑음,교차로 - 교차로안,승용,남,58세,부상신고,승용,여,62세,중상
2013090400100397,2013년 9월 4일 16시,수요일,충청북도 청주시 흥덕구 수곡동,경상사고,0,0,1,0,차대차 - 추돌 - 진행중,안전운전불이행,건조,맑음,단일로 - 기타,원동기,남,18세,경상,승용,남,37세,상해없음
2013090400100421,2013년 9월 4일 17시,수요일,충청북도 청주시 흥덕구 강서동,중상사고,0,1,0,0,차대차 - 측면직각충돌,안전운전불이행,건조,맑음,교차로 - 교차로부근,원동기,남,68세,중상,화물,남,41세,상해없음
2013090400100462,2013년 9월 4일 18시,수요일,충청북도 청원군 오송읍,경상사고,0,0,1,0,차대차 - 기타,과속,건조,맑음,단일로 - 기타,승용,남,22세,경상,승합,남,56세,상해없음
2013090400100463,2013년 9월 4일 18시,수요일,충청북도 청주시 흥덕구 봉명동,경상사고,0,0,4,0,차대차 - 측면직각충돌,안전거리미확보,건조,맑음,교차로 - 교차로안,승용,여,41세,상해없음,승용,남,57세,경상
2013090400100539,2013년 9월 4일 20시,수요일,충청북도 옥천군 이원면,경상사고,0,0,1,0,차대차 - 측면직각충돌,신호위반,건조,맑음,교차로 - 교차로안,이륜,남,60세,경상,승용,남,61세,상해없음
2013090400100569,2013년 9월 4일 21시,수요일,충청북도 청주시 상당구 남문로1가동,경상사고,0,0,2,0,차대차 - 기타,교차로운행방법위반,건조,맑음,단일로 - 기타,승용,남,43세,경상,승용,남,38세,경상
2013090400100570,2013년 9월 4일 21시,수요일,충청북도 진천군 이월면,중상사고,0,1,0,0,차대사람 - 기타,안전운전불이행,건조,맑음,교차로 - 교차로부근,승용,여,39세,상해없음,보행자,남,77세,중상
2013090400100571,2013년 9월 4일 21시,수요일,충청북도 청주시 흥덕구 복대동,경상사고,0,0,1,0,차대차 - 기타,교차로운행방법위반,건조,맑음,교차로 - 교차로안,기타불명,기타불명,기타불명,기타불명,승용,여,35세,경상
2013090400100602,2013년 9월 4일 22시,수요일,충청북도 청원군 오창읍,중상사고,0,1,0,0,차대사람 - 길가장자리구역통행중,안전운전불이행,건조,맑음,단일로 - 기타,승용,남,42세,상해없음,보행자,남,18세,중상
2013090500100043,2013년 9월 5일 03시,목요일,충청북도 음성군 대소면,중상사고,0,2,2,0,차대차 - 추돌 - 진행중,안전운전불이행,건조,맑음,단일로 - 기타,승용,남,28세,경상,화물,남,40세,경상
2013090500100044,2013년 9월 5일 03시,목요일,충청북도 청주시 흥덕구 개신동,경상사고,0,0,2,0,차대차 - 측면직각충돌,교차로운행방법위반,건조,맑음,교차로 - 교차로안,이륜,남,17세,경상,승용,남,39세,상해없음
2013090500100049,2013년 9월 5일 04시,목요일,충청북도 청주시 흥덕구 성화동,사망사고,1,0,0,0,차대사람 - 횡단중,안전운전불이행,건조,맑음,교차로 - 교차로부근,승합,남,57세,상해없음,보행자,여,86세,사망
2013090500100061,2013년 9월 5일 05시,목요일,충청북도 청주시 흥덕구 산남동,경상사고,0,0,1,0,차대차 - 추돌 - 주정차중,안전운전불이행,건조,맑음,교차로 - 교차로부근,승용,남,23세,상해없음,승용,여,49세,경상
2013090500100105,2013년 9월 5일 07시,목요일,충청북도 제천시 봉양읍,중상사고,0,1,0,0,차대차 - 기타,안전거리미확보,건조,맑음,단일로 - 기타,화물,남,55세,상해없음,승용,남,39세,중상
2013090500100106,2013년 9월 5일 07시,목요일,충청북도 증평군 도안면,경상사고,0,0,1,1,차대차 - 측면직각충돌,중앙선침범,건조,맑음,단일로 - 기타,승용,남,52세,부상신고,승용,여,53세,경상
2013090500100107,2013년 9월 5일 07시,목요일,충청북도 청주시 흥덕구 성화동,경상사고,0,0,1,0,차대차 - 측면직각충돌,신호위반,건조,맑음,단일로 - 기타,기타불명,기타불명,기타불명,기타불명,자전거,남,13세,경상
2013090500100134,2013년 9월 5일 08시,목요일,충청북도 충주시 금가면,경상사고,0,0,2,0,차대차 - 기타,안전운전불이행,건조,맑음,단일로 - 기타,화물,남,53세,상해없음,승용,남,44세,경상
2013090500100135,2013년 9월 5일 08시,목요일,충청북도 제천시 청전동,경상사고,0,0,1,0,차대사람 - 기타,보행자보호의무위반,건조,맑음,단일로 - 횡단보도상,승용,여,22세,상해없음,보행자,여,11세,경상
2013090500100171,2013년 9월 5일 09시,목요일,충청북도 청주시 상당구 내덕동,경상사고,0,0,1,0,차대차 - 기타,안전운전불이행,건조,맑음,교차로 - 교차로부근,승용,남,25세,상해없음,자전거,남,44세,경상
2013090500100209,2013년 9월 5일 11시,목요일,충청북도 청원군 북이면,경상사고,0,0,1,0,차대차 - 추돌 - 진행중,안전운전불이행,건조,맑음,교차로 - 교차로부근,승용,남,38세,상해없음,화물,남,34세,경상
2013090500100210,2013년 9월 5일 11시,목요일,충청북도 청원군 오창읍,중상사고,0,1,0,0,차대차 - 측면직각충돌,중앙선침범,건조,맑음,단일로 - 기타,승용,남,30세,상해없음,원동기,남,36세,중상
2013090500100310,2013년 9월 5일 15시,목요일,충청북도 청주시 상당구 율량동,중상사고,0,1,0,0,차대사람 - 횡단중,안전운전불이행,건조,맑음,단일로 - 기타,승용,여,60세,상해없음,보행자,여,7세,중상
2013090500100311,2013년 9월 5일 15시,목요일,충청북도 옥천군 옥천읍,경상사고,0,0,3,0,차대차 - 측면직각충돌,교차로운행방법위반,건조,맑음,교차로 - 교차로안,승합,남,38세,상해없음,승용,여,28세,경상
2013090500100341,2013년 9월 5일 16시,목요일,충청북도 괴산군 문광면,경상사고,0,0,1,0,차대차 - 정면충돌,교차로운행방법위반,건조,흐림,교차로 - 교차로안,화물,남,56세,상해없음,자전거,남,68세,경상
2013090500100342,2013년 9월 5일 16시,목요일,충청북도 청주시 흥덕구 신봉동,경상사고,0,0,1,0,차대차 - 측면직각충돌,신호위반,건조,맑음,교차로 - 교차로부근,화물,남,38세,상해없음,자전거,남,79세,경상
2013090500100369,2013년 9월 5일 17시,목요일,충청북도 충주시 연수동,중상사고,0,1,0,0,차대차 - 기타,안전운전불이행,건조,맑음,단일로 - 기타,승용,여,47세,상해없음,자전거,여,59세,중상
2013090500100370,2013년 9월 5일 17시,목요일,충청북도 제천시 모산동,중상사고,0,1,0,0,차대차 - 기타,안전운전불이행,건조,맑음,단일로 - 기타,승용,여,60세,상해없음,승용,여,53세,중상
2013090500100371,2013년 9월 5일 17시,목요일,충청북도 음성군 금왕읍,중상사고,0,1,0,0,차대차 - 기타,차로위반,건조,맑음,단일로 - 기타,건설기계,남,42세,상해없음,원동기,남,25세,중상
2013090500100372,2013년 9월 5일 17시,목요일,충청북도 청원군 현도면,경상사고,0,0,2,0,차대차 - 정면충돌,중앙선침범,건조,맑음,단일로 - 기타,승용,남,55세,상해없음,승용,남,30세,경상
2013090500100406,2013년 9월 5일 18시,목요일,충청북도 음성군 음성읍,사망사고,1,0,0,0,차대사람 - 기타,안전운전불이행,건조,맑음,교차로 - 교차로안,승용,남,44세,상해없음,보행자,여,81세,사망
2013090500100407,2013년 9월 5일 18시,목요일,충청북도 청원군 오송읍,중상사고,0,1,0,0,차대사람 - 기타,안전운전불이행,건조,맑음,기타 - 기타,승용,여,38세,상해없음,보행자,남,41세,중상
2013090500100443,2013년 9월 5일 19시,목요일,충청북도 청주시 흥덕구 산남동,경상사고,0,0,4,0,차대차 - 추돌 - 진행중,안전운전불이행,건조,맑음,단일로 - 기타,승용,남,42세,상해없음,승용,남,66세,경상
2013090500100487,2013년 9월 5일 20시,목요일,충청북도 제천시 봉양읍,경상사고,0,0,2,0,차대차 - 측면직각충돌,안전거리미확보,건조,맑음,단일로 - 기타,화물,남,52세,상해없음,승용,여,51세,경상
2013090500100514,2013년 9월 5일 21시,목요일,충청북도 충주시 연수동,중상사고,0,2,4,0,차대차 - 기타,안전운전불이행,건조,맑음,교차로 - 교차로부근,승용,남,44세,상해없음,승용,여,51세,경상
2013090500100515,2013년 9월 5일 21시,목요일,충청북도 제천시 청전동,경상사고,0,0,1,0,차대사람 - 기타,안전운전불이행,건조,맑음,교차로 - 교차로안,승용,남,23세,상해없음,보행자,남,28세,경상
2013090500100543,2013년 9월 5일 22시,목요일,충청북도 충주시 문화동,경상사고,0,0,1,0,차대차 - 기타,안전거리미확보,건조,맑음,단일로 - 기타,승용,남,34세,상해없음,승용,남,52세,상해없음
2013090500100544,2013년 9월 5일 22시,목요일,충청북도 제천시 봉양읍,중상사고,0,1,0,0,차대차 - 정면충돌,중앙선침범,건조,맑음,교차로 - 교차로부근,승용,여,37세,상해없음,승합,여,56세,중상
2013090500100545,2013년 9월 5일 22시,목요일,충청북도 괴산군 문광면,경상사고,0,0,1,0,차대차 - 추돌 - 진행중,안전운전불이행,건조,흐림,기타 - 기타,화물,남,54세,상해없음,화물,남,46세,경상
2013090600100054,2013년 9월 6일 04시,금요일,충청북도 청원군 내수읍,경상사고,0,0,2,0,차대차 - 측면직각충돌,신호위반,건조,맑음,교차로 - 교차로안,승용,여,44세,경상,승용,남,70세,상해없음
2013090600100055,2013년 9월 6일 04시,금요일,충청북도 청주시 흥덕구 서촌동,경상사고,0,0,1,0,차대차 - 측면직각충돌,신호위반,습기,비,교차로 - 교차로안,승합,남,61세,상해없음,건설기계,남,37세,경상
2013090600100056,2013년 9월 6일 04시,금요일,충청북도 청주시 흥덕구 사직동,경상사고,0,0,1,0,차대차 - 추돌 - 주정차중,안전운전불이행,건조,맑음,교차로 - 교차로부근,승용,남,29세,상해없음,승용,여,42세,경상
2013090600100129,2013년 9월 6일 08시,금요일,충청북도 청주시 상당구 율량동,경상사고,0,0,1,0,차대차 - 추돌 - 진행중,교차로운행방법위반,건조,맑음,교차로 - 교차로안,승용,남,40세,상해없음,자전거,남,15세,경상
2013090600100130,2013년 9월 6일 08시,금요일,충청북도 제천시 고명동,경상사고,0,0,1,0,차대차 - 기타,신호위반,건조,맑음,교차로 - 교차로안,승용,남,50세,상해없음,화물,남,51세,경상
2013090600100131,2013년 9월 6일 08시,금요일,충청북도 옥천군 군서면,경상사고,0,0,2,0,차대차 - 측면직각충돌,교차로운행방법위반,습기,비,교차로 - 교차로안,승용,남,26세,경상,승용,여,31세,경상
2013090600100158,2013년 9월 6일 09시,금요일,충청북도 충주시 연수동,경상사고,0,0,1,0,차대차 - 기타,안전운전불이행,건조,맑음,기타 - 기타,화물,남,45세,상해없음,원동기,남,18세,경상
2013090600100193,2013년 9월 6일 10시,금요일,충청북도 청주시 상당구 금천동,중상사고,0,2,0,0,차대차 - 측면직각충돌,안전운전불이행,건조,맑음,단일로 - 기타,건설기계,남,39세,상해없음,화물,남,74세,중상
2013090600100194,2013년 9월 6일 10시,금요일,충청북도 청원군 내수읍,경상사고,0,0,1,0,차대차 - 기타,안전운전불이행,건조,맑음,단일로 - 기타,승용,여,32세,상해없음,승용,여,29세,경상
2013090600100195,2013년 9월 6일 10시,금요일,충청북도 영동군 영동읍,중상사고,0,1,0,0,차대차 - 기타,교차로운행방법위반,기타,비,교차로 - 교차로안,승용,남,30세,상해없음,화물,남,39세,중상
2013090600100280,2013년 9월 6일 13시,금요일,충청북도 청주시 흥덕구 모충동,경상사고,0,0,2,0,차대차 - 추돌 - 진행중,안전운전불이행,습기,흐림,교차로 - 교차로부근,승용,남,47세,상해없음,승용,남,33세,경상
2013090600100320,2013년 9월 6일 14시,금요일,충청북도 제천시 명동,중상사고,0,1,0,0,차대사람 - 기타,안전운전불이행,건조,맑음,단일로 - 기타,승용,여,45세,상해없음,보행자,여,73세,중상
2013090600100321,2013년 9월 6일 14시,금요일,충청북도 진천군 초평면,중상사고,0,1,5,0,차대차 - 측면직각충돌,중앙선침범,습기,비,단일로 - 기타,승용,남,56세,경상,승용,여,51세,경상
2013090600100322,2013년 9월 6일 14시,금요일,충청북도 청주시 흥덕구 향정동,경상사고,0,0,1,0,차대차 - 측면직각충돌,안전운전불이행,건조,맑음,단일로 - 기타,승용,여,28세,상해없음,승용,남,27세,기타불명
2013090600100394,2013년 9월 6일 16시,금요일,충청북도 청주시 상당구 대성동,경상사고,0,0,1,0,차대차 - 측면직각충돌,신호위반,습기,비,교차로 - 교차로안,승용,여,51세,상해없음,승용,여,52세,경상
2013090600100395,2013년 9월 6일 16시,금요일,충청북도 충주시 성서동,중상사고,0,1,0,0,차대사람 - 횡단중,안전운전불이행,건조,맑음,단일로 - 기타,승용,남,55세,상해없음,보행자,남,60세,중상
2013090600100396,2013년 9월 6일 16시,금요일,충청북도 충주시 가금면,경상사고,0,0,3,0,차대차 - 측면직각충돌,안전운전불이행,습기,비,교차로 - 교차로부근,건설기계,남,37세,상해없음,화물,남,38세,상해없음
2013090600100431,2013년 9월 6일 17시,금요일,충청북도 제천시 하소동,경상사고,0,0,1,0,차대차 - 기타,안전운전불이행,습기,비,교차로 - 교차로부근,승용,남,52세,상해없음,자전거,남,13세,경상
2013090600100432,2013년 9월 6일 17시,금요일,충청북도 진천군 진천읍,경상사고,0,0,1,0,차대차 - 측면직각충돌,안전운전불이행,습기,비,교차로 - 교차로안,승용,남,52세,상해없음,화물,남,48세,경상
2013090600100469,2013년 9월 6일 18시,금요일,충청북도 청주시 상당구 내덕동,경상사고,0,0,1,0,차대사람 - 길가장자리구역통행중,안전운전불이행,건조,맑음,단일로 - 기타,화물,남,51세,상해없음,보행자,남,20세,경상
2013090600100470,2013년 9월 6일 18시,금요일,충청북도 청주시 흥덕구 가경동,중상사고,0,1,0,0,차대사람 - 횡단중,보행자보호의무위반,건조,맑음,단일로 - 횡단보도상,승용,여,59세,상해없음,보행자,남,57세,중상
2013090600100512,2013년 9월 6일 19시,금요일,충청북도 청주시 상당구 북문로2가동,경상사고,0,0,2,0,차대차 - 추돌 - 주정차중,안전운전불이행,건조,맑음,단일로 - 기타,승용,남,58세,상해없음,승용,여,25세,경상
2013090600100513,2013년 9월 6일 19시,금요일,충청북도 음성군 삼성면,경상사고,0,0,1,0,차대차 - 기타,안전운전불이행,건조,맑음,단일로 - 기타,원동기,남,50세,경상,화물,남,46세,상해없음
2013090600100569,2013년 9월 6일 20시,금요일,충청북도 청원군 오창읍,경상사고,0,0,3,0,차대차 - 추돌 - 주정차중,안전운전불이행,습기,비,교차로 - 교차로부근,화물,남,50세,상해없음,승용,남,56세,경상
2013090600100570,2013년 9월 6일 20시,금요일,충청북도 청원군 옥산면,경상사고,0,0,4,0,차대차 - 추돌 - 주정차중,안전운전불이행,습기,흐림,단일로 - 기타,승용,남,52세,상해없음,승용,남,39세,경상
2013090600100611,2013년 9월 6일 21시,금요일,충청북도 청원군 오창읍,경상사고,0,0,1,0,차대사람 - 기타,안전운전불이행,습기,비,교차로 - 교차로부근,승용,여,44세,상해없음,보행자,여,23세,경상
2013090600100612,2013년 9월 6일 21시,금요일,충청북도 청주시 흥덕구 복대동,경상사고,0,0,1,0,차대차 - 측면직각충돌,안전운전불이행,건조,맑음,단일로 - 기타,승용,여,52세,상해없음,승용,여,54세,기타불명
2013090600100651,2013년 9월 6일 22시,금요일,충청북도 청원군 오창읍,중상사고,0,1,2,0,차대차 - 측면직각충돌,안전운전불이행,건조,맑음,단일로 - 기타,승용,남,30세,상해없음,승합,남,49세,경상
2013090600100652,2013년 9월 6일 22시,금요일,충청북도 청주시 흥덕구 복대동,중상사고,0,1,0,0,차대차 - 추돌 - 주정차중,안전운전불이행,건조,흐림,단일로 - 기타,승용,여,28세,상해없음,승용,여,26세,중상
2013090600100682,2013년 9월 6일 23시,금요일,충청북도 청주시 흥덕구 개신동,중상사고,0,1,5,0,차대차 - 추돌 - 주정차중,안전운전불이행,건조,맑음,교차로 - 교차로부근,승용,남,49세,상해없음,승용,남,56세,경상
2013090700100007,2013년 9월 7일 00시,토요일,충청북도 제천시 중앙로1가,경상사고,0,0,1,0,차대사람 - 기타,안전운전불이행,습기,비,기타 - 기타,기타불명,기타불명,기타불명,기타불명,보행자,남,38세,경상
2013090700100058,2013년 9월 7일 02시,토요일,충청북도 청주시 흥덕구 봉명동,경상사고,0,0,1,0,차대차 - 측면직각충돌,안전운전불이행,습기,비,단일로 - 기타,승합,남,35세,상해없음,승용,남,27세,경상
2013090700100059,2013년 9월 7일 02시,토요일,충청북도 청주시 흥덕구 봉명동,경상사고,0,0,2,0,차대차 - 측면직각충돌,신호위반,건조,맑음,교차로 - 교차로안,승용,남,41세,상해없음,승용,남,45세,경상
2013090700100073,2013년 9월 7일 03시,토요일,충청북도 충주시 호암동,경상사고,0,0,1,0,차량단독 - 공작물충돌,안전운전불이행,건조,맑음,단일로 - 기타,승용,남,28세,상해없음,,,,
2013090700100116,2013년 9월 7일 06시,토요일,충청북도 제천시 청전동,중상사고,0,1,0,0,차대사람 - 기타,불법유턴,건조,맑음,단일로 - 기타,화물,남,41세,상해없음,보행자,여,86세,중상
2013090700100168,2013년 9월 7일 09시,토요일,충청북도 청주시 상당구 율량동,경상사고,0,0,1,0,차대차 - 측면직각충돌,안전운전불이행,건조,맑음,단일로 - 기타,화물,남,54세,상해없음,승용,남,22세,경상
2013090700100169,2013년 9월 7일 09시,토요일,충청북도 청주시 흥덕구 휴암동,경상사고,0,0,2,0,차대차 - 정면충돌,중앙선침범,건조,맑음,교차로 - 교차로부근,승용,여,34세,상해없음,승용,남,32세,경상
2013090700100197,2013년 9월 7일 10시,토요일,충청북도 보은군 보은읍,중상사고,0,1,0,0,차대차 - 추돌 - 진행중,교차로운행방법위반,건조,맑음,교차로 - 교차로안,승용,남,52세,상해없음,원동기,남,87세,중상
2013090700100198,2013년 9월 7일 10시,토요일,충청북도 음성군 원남면,경상사고,0,0,3,0,차대차 - 기타,차로위반,건조,맑음,교차로 - 교차로안,특수,남,56세,상해없음,승용,남,54세,경상
2013090700100231,2013년 9월 7일 11시,토요일,충청북도 충주시 칠금동,부상신고사고,0,0,0,1,차대차 - 추돌 - 진행중,안전운전불이행,건조,맑음,단일로 - 기타,원동기,남,72세,부상신고,승용,남,68세,상해없음
2013090700100232,2013년 9월 7일 11시,토요일,충청북도 청주시 흥덕구 모충동,중상사고,0,1,0,0,차대차 - 기타,안전운전불이행,건조,맑음,단일로 - 기타,승용,남,24세,상해없음,자전거,남,36세,중상
2013090700100306,2013년 9월 7일 13시,토요일,충청북도 충주시 성남동,경상사고,0,0,1,0,차대차 - 추돌 - 진행중,안전운전불이행,건조,맑음,단일로 - 기타,화물,남,38세,상해없음,자전거,남,63세,경상
2013090700100307,2013년 9월 7일 13시,토요일,충청북도 제천시 장락동,중상사고,0,2,0,0,차대차 - 측면직각충돌,안전운전불이행,건조,맑음,교차로 - 교차로안,승용,여,45세,상해없음,화물,남,40세,중상
2013090700100308,2013년 9월 7일 13시,토요일,충청북도 음성군 음성읍,중상사고,0,1,0,0,차대차 - 기타,교차로운행방법위반,건조,맑음,교차로 - 교차로안,승용,여,48세,상해없음,자전거,남,70세,중상
2013090700100309,2013년 9월 7일 13시,토요일,충청북도 청주시 흥덕구 개신동,경상사고,0,0,1,0,차대차 - 추돌 - 진행중,안전운전불이행,건조,맑음,단일로 - 기타,승용,남,57세,상해없음,승용,여,43세,상해없음
2013090700100310,2013년 9월 7일 13시,토요일,충청북도 청주시 상당구 용정동,경상사고,0,0,1,0,차대차 - 추돌 - 주정차중,안전운전불이행,건조,맑음,단일로 - 기타,승용,남,28세,상해없음,승합,남,42세,경상
2013090700100347,2013년 9월 7일 14시,토요일,충청북도 충주시 칠금동,경상사고,0,0,1,0,차대차 - 추돌 - 진행중,안전운전불이행,건조,흐림,교차로 - 교차로안,승합,남,61세,상해없음,원동기,남,17세,경상
2013090700100348,2013년 9월 7일 14시,토요일,충청북도 진천군 이월면,경상사고,0,0,1,0,차대차 - 추돌 - 진행중,안전운전불이행,건조,맑음,단일로 - 기타,승용,남,26세,상해없음,승용,남,43세,경상
2013090700100384,2013년 9월 7일 15시,토요일,충청북도 진천군 진천읍,경상사고,0,0,1,0,차대차 - 측면직각충돌,신호위반,건조,맑음,교차로 - 교차로안,이륜,남,71세,상해없음,이륜,남,47세,경상
2013090700100423,2013년 9월 7일 16시,토요일,충청북도 청주시 상당구 용담동,경상사고,0,0,1,0,차대차 - 기타,안전운전불이행,건조,맑음,교차로 - 교차로안,승용,남,70세,상해없음,자전거,남,55세,경상
2013090700100457,2013년 9월 7일 17시,토요일,충청북도 청주시 상당구 우암동,중상사고,0,1,0,0,차대차 - 기타,안전운전불이행,건조,맑음,단일로 - 기타,승용,여,26세,상해없음,자전거,남,69세,중상
2013090700100458,2013년 9월 7일 17시,토요일,충청북도 청주시 상당구 북문로1가동,경상사고,0,0,1,0,차량단독 - 기타,안전운전불이행,건조,맑음,단일로 - 기타,승용,남,53세,상해없음,,,,
2013090700100459,2013년 9월 7일 17시,토요일,충청북도 음성군 음성읍,경상사고,0,0,2,0,차대차 - 기타,중앙선침범,건조,맑음,단일로 - 기타,승용,남,61세,경상,승용,남,42세,경상
2013090700100494,2013년 9월 7일 18시,토요일,충청북도 충주시 주덕읍,중상사고,0,1,0,0,차대차 - 추돌 - 진행중,직진우회전진행방해,건조,흐림,교차로 - 교차로안,승용,남,45세,상해없음,승용,여,44세,중상
2013090700100495,2013년 9월 7일 18시,토요일,충청북도 단양군 매포읍,경상사고,0,0,1,0,차대차 - 측면직각충돌,안전운전불이행,건조,맑음,단일로 - 기타,자전거,남,7세,경상,승용,남,25세,상해없음
2013090700100496,2013년 9월 7일 18시,토요일,충청북도 청주시 상당구 용암동,경상사고,0,0,1,0,차대차 - 기타,안전운전불이행,건조,맑음,단일로 - 기타,승용,기타불명,기타불명,기타불명,자전거,남,13세,경상
2013090700100526,2013년 9월 7일 19시,토요일,충청북도 청주시 상당구 율량동,경상사고,0,0,1,0,차대차 - 측면직각충돌,신호위반,건조,맑음,교차로 - 교차로안,승용,남,72세,상해없음,승용,남,29세,경상
2013090700100527,2013년 9월 7일 19시,토요일,충청북도 청원군 옥산면,경상사고,0,0,1,0,차대차 - 추돌 - 주정차중,안전운전불이행,건조,맑음,교차로 - 교차로안,승용,남,50세,상해없음,승용,여,52세,경상
2013090700100600,2013년 9월 7일 21시,토요일,충청북도 충주시 연수동,경상사고,0,0,1,0,차대사람 - 기타,안전운전불이행,건조,맑음,기타 - 기타,기타불명,기타불명,기타불명,기타불명,보행자,남,59세,경상
2013090700100601,2013년 9월 7일 21시,토요일,충청북도 충주시 연수동,중상사고,0,1,0,0,차대차 - 측면직각충돌,안전운전불이행,건조,맑음,단일로 - 기타,화물,남,47세,상해없음,원동기,남,17세,중상
2013090700100627,2013년 9월 7일 22시,토요일,충청북도 청주시 흥덕구 성화동,중상사고,0,2,0,0,차대차 - 기타,안전운전불이행,건조,맑음,단일로 - 기타,승용,여,64세,상해없음,승용,여,52세,상해없음
2013090700100660,2013년 9월 7일 23시,토요일,충청북도 제천시 천남동,중상사고,0,1,0,0,차대차 - 기타,교차로운행방법위반,건조,맑음,교차로 - 교차로안,화물,남,49세,상해없음,승용,여,48세,중상
2013090800100094,2013년 9월 8일 05시,일요일,충청북도 청주시 흥덕구 복대동,경상사고,0,0,2,0,차대차 - 측면직각충돌,신호위반,건조,맑음,교차로 - 교차로안,승용,남,42세,상해없음,승용,여,44세,경상
2013090800100110,2013년 9월 8일 06시,일요일,충청북도 음성군 금왕읍,중상사고,0,1,0,1,차대차 - 기타,신호위반,건조,맑음,교차로 - 교차로안,승합,여,46세,부상신고,승용,여,42세,중상
2013090800100143,2013년 9월 8일 08시,일요일,충청북도 충주시 노은면,경상사고,0,0,1,0,차량단독 - 공작물충돌,안전운전불이행,건조,맑음,단일로 - 기타,승용,남,25세,상해없음,,,,
2013090800100162,2013년 9월 8일 09시,일요일,충청북도 청원군 내수읍,경상사고,0,0,4,0,차대차 - 추돌 - 진행중,안전운전불이행,건조,맑음,단일로 - 기타,승용,남,29세,경상,승용,남,34세,상해없음
2013090800100184,2013년 9월 8일 10시,일요일,충청북도 충주시 교현동,경상사고,0,0,1,0,차대차 - 기타,안전운전불이행,건조,맑음,교차로 - 교차로부근,승용,남,49세,상해없음,승용,남,39세,경상
2013090800100185,2013년 9월 8일 10시,일요일,충청북도 제천시 중앙로2가,중상사고,0,1,0,0,차대사람 - 기타,중앙선침범,건조,맑음,기타 - 기타,승용,남,32세,상해없음,보행자,남,9세,중상
2013090800100208,2013년 9월 8일 11시,일요일,충청북도 청주시 흥덕구 신전동,부상신고사고,0,0,0,1,차대차 - 정면충돌,안전운전불이행,건조,맑음,단일로 - 기타,승용,남,67세,상해없음,승용,남,68세,상해없음
2013090800100221,2013년 9월 8일 12시,일요일,충청북도 충주시 호암동,중상사고,0,1,0,0,차대차 - 기타,안전거리미확보,건조,맑음,교차로 - 교차로부근,승용,남,45세,상해없음,승용,여,67세,중상
2013090800100273,2013년 9월 8일 14시,일요일,충청북도 증평군 증평읍,중상사고,0,1,0,0,차대차 - 기타,안전운전불이행,건조,맑음,단일로 - 기타,화물,남,51세,상해없음,자전거,남,51세,중상
2013090800100274,2013년 9월 8일 14시,일요일,충청북도 음성군 대소면,경상사고,0,0,4,0,차대차 - 기타,안전운전불이행,건조,맑음,단일로 - 기타,승용,여,64세,경상,승용,남,41세,경상
2013090800100275,2013년 9월 8일 14시,일요일,충청북도 청주시 흥덕구 사창동,경상사고,0,0,1,0,차대사람 - 기타,기타,건조,맑음,단일로 - 기타,승합,남,46세,상해없음,보행자,여,60세,경상
2013090800100305,2013년 9월 8일 15시,일요일,충청북도 진천군 광혜원면,경상사고,0,0,1,0,차대차 - 추돌 - 진행중,안전운전불이행,건조,맑음,단일로 - 터널,승용,남,25세,상해없음,승용,남,40세,상해없음
2013090800100430,2013년 9월 8일 19시,일요일,충청북도 청원군 강내면,경상사고,0,0,1,0,차대사람 - 길가장자리구역통행중,안전운전불이행,건조,맑음,단일로 - 기타,원동기,남,37세,상해없음,보행자,여,30세,경상
2013090800100498,2013년 9월 8일 21시,일요일,충청북도 증평군 증평읍,중상사고,0,1,0,0,차대사람 - 기타,안전운전불이행,건조,맑음,교차로 - 교차로안,승용,남,30세,상해없음,보행자,남,26세,중상
2013090800100521,2013년 9월 8일 22시,일요일,충청북도 청주시 흥덕구 가경동,중상사고,0,1,0,0,차대차 - 측면직각충돌,안전운전불이행,건조,맑음,단일로 - 기타,승용,남,49세,상해없음,이륜,남,32세,중상