사고번호,사고일시,요일,시군구,사고내용,사망자수,중상자수,경상자수,부상신고자수,사고유형,법규위반,노면상태,기상상태,도로형태,가해운전자 차종,가해운전자 성별,가해운전자 연령,가해운전자 상해정도,피해운전자 차종,피해운전자 성별,피해운전자 연령,피해운전자 상해정도
2013091300100574,2013년 9월 13일 20시,금요일,충청북도 청주시 흥덕구 수곡동,경상사고,0,0,1,0,차대사람 - 기타,안전운전불이행,습기,흐림,단일로 - 기타,승용,남,52세,상해없음,보행자,남,45세,경상
2013091300100618,2013년 9월 13일 21시,금요일,충청북도 충주시 교현동,중상사고,0,1,1,0,차대차 - 추돌 - 주정차중,중앙선침범,습기,비,교차로 - 교차로안,화물,남,45세,상해없음,승용,여,42세,중상
2013091300100619,2013년 9월 13일 21시,금요일,충청북도 음성군 음성읍,중상사고,0,1,2,0,차대차 - 기타,안전운전불이행,건조,맑음,교차로 - 교차로부근,승용,여,49세,상해없음,화물,남,66세,중상
2013091300100620,2013년 9월 13일 21시,금요일,충청북도 청주시 흥덕구 개신동,중상사고,0,1,0,0,차대차 - 추돌 - 진행중,안전거리미확보,습기,비,단일로 - 기타,승합,남,41세,상해없음,원동기,남,17세,중상
2013091300100621,2013년 9월 13일 21시,금요일,충청북도 청주시 흥덕구 비하동,경상사고,0,0,1,0,차대차 - 측면직각충돌,안전거리미확보,습기,비,단일로 - 기타,승합,남,42세,상해없음,승용,여,29세,경상
2013091300100689,2013년 9월 13일 23시,금요일,충청북도 청주시 흥덕구 봉명동,경상사고,0,0,1,0,차대차 - 추돌 - 주정차중,안전운전불이행,건조,맑음,교차로 - 교차로안,승용,남,39세,상해없음,승용,남,24세,경상
2013091300100690,2013년 9월 13일 23시,금요일,충청북도 청주시 흥덕구 성화동,경상사고,0,0,2,0,차대차 - 측면직각충돌,교차로운행방법위반,습기,비,교차로 - 교차로안,승용,여,41세,경상,승용,여,37세,경상
2013091300100691,2013년 9월 13일 23시,금요일,충청북도 청주시 흥덕구 산남동,중상사고,0,1,0,0,차대차 - 기타,안전운전불이행,습기,맑음,교차로 - 교차로부근,화물,남,51세,기타불명,자전거,남,30세,중상
2013091400100019,2013년 9월 14일 00시,토요일,충청북도 청주시 흥덕구 비하동,부상신고사고,0,0,0,1,차대차 - 추돌 - 주정차중,안전운전불이행,건조,맑음,교차로 - 교차로부근,승용,남,39세,상해없음,승용,남,28세,부상신고
2013091400100072,2013년 9월 14일 02시,토요일,충청북도 청주시 상당구 오동동,경상사고,0,0,1,0,차량단독 - 공작물충돌,안전운전불이행,습기,비,단일로 - 기타,승용,남,53세,상해없음,,,,
2013091400100073,2013년 9월 14일 02시,토요일,충청북도 충주시 지현동,중상사고,0,1,0,0,차대사람 - 횡단중,안전운전불이행,건조,맑음,교차로 - 교차로부근,승용,남,48세,상해없음,보행자,여,78세,중상
2013091400100133,2013년 9월 14일 05시,토요일,충청북도 청주시 흥덕구 복대동,중상사고,0,1,0,0,차대사람 - 보도통행중,보행자보호의무위반,건조,맑음,교차로 - 교차로안,승용,남,31세,상해없음,보행자,여,59세,중상
2013091400100134,2013년 9월 14일 05시,토요일,충청북도 보은군 수한면,사망사고,1,0,1,0,차대차 - 추돌 - 진행중,안전운전불이행,습기,비,단일로 - 교량,화물,남,36세,사망,특수,남,44세,경상
2013091400100161,2013년 9월 14일 07시,토요일,충청북도 충주시 용산동,경상사고,0,0,3,0,차대차 - 측면직각충돌,신호위반,습기,비,교차로 - 교차로안,화물,남,48세,상해없음,승용,남,45세,경상
2013091400100162,2013년 9월 14일 07시,토요일,충청북도 청주시 흥덕구 사직동,경상사고,0,0,2,0,차대차 - 추돌 - 진행중,차로위반,습기,비,단일로 - 기타,승용,남,24세,상해없음,승용,남,61세,경상
2013091400100208,2013년 9월 14일 09시,토요일,충청북도 제천시 봉양읍,중상사고,0,2,2,0,차대차 - 기타,신호위반,습기,비,교차로 - 교차로안,승용,여,66세,중상,화물,남,58세,경상
2013091400100209,2013년 9월 14일 09시,토요일,충청북도 청주시 흥덕구 비하동,경상사고,0,0,3,0,차대차 - 측면직각충돌,중앙선침범,습기,비,교차로 - 교차로안,승용,남,25세,상해없음,승용,남,67세,경상
2013091400100260,2013년 9월 14일 11시,토요일,충청북도 옥천군 청성면,중상사고,0,1,1,0,차대차 - 측면직각충돌,중앙선침범,습기,비,단일로 - 기타,승용,남,54세,중상,화물,남,42세,상해없음
2013091400100261,2013년 9월 14일 11시,토요일,충청북도 청원군 남이면,경상사고,0,0,3,0,차대차 - 기타,안전운전불이행,습기,비,단일로 - 기타,화물,남,48세,상해없음,승용,여,29세,경상
2013091400100406,2013년 9월 14일 15시,토요일,충청북도 제천시 송학면,중상사고,0,1,2,0,차대차 - 기타,안전운전불이행,습기,맑음,교차로 - 교차로안,승용,여,26세,경상,건설기계,남,40세,중상
2013091400100446,2013년 9월 14일 16시,토요일,충청북도 충주시 산척면,중상사고,0,1,0,0,차대차 - 기타,안전운전불이행,건조,맑음,교차로 - 교차로안,승용,여,57세,상해없음,자전거,남,77세,중상
2013091400100447,2013년 9월 14일 16시,토요일,충청북도 청주시 흥덕구 복대동,경상사고,0,0,1,0,차대차 - 측면직각충돌,안전운전불이행,건조,맑음,교차로 - 교차로부근,승용,남,42세,상해없음,자전거,남,27세,경상
2013091400100486,2013년 9월 14일 17시,토요일,충청북도 충주시 연수동,중상사고,0,1,0,0,차대차 - 측면직각충돌,신호위반,건조,맑음,교차로 - 교차로안,승용,여,37세,상해없음,원동기,남,70세,중상
2013091400100517,2013년 9월 14일 18시,토요일,충청북도 제천시 남천동,경상사고,0,0,3,0,차대차 - 기타,안전운전불이행,건조,맑음,교차로 - 교차로부근,승합,남,52세,상해없음,승용,남,51세,경상
2013091400100518,2013년 9월 14일 18시,토요일,충청북도 제천시 강제동,부상신고사고,0,0,0,1,차량단독 - 전도전복,안전운전불이행,건조,맑음,교차로 - 교차로부근,원동기,남,57세,부상신고,,,,
2013091400100519,2013년 9월 14일 18시,토요일,충청북도 청원군 남일면,경상사고,0,0,2,0,차대차 - 기타,교차로운행방법위반,건조,맑음,교차로 - 교차로안,승용,여,39세,경상,승용,여,44세,경상
2013091400100557,2013년 9월 14일 19시,토요일,충청북도 충주시 동량면,사망사고,1,0,0,0,차대사람 - 기타,보행자보호의무위반,습기,흐림,단일로 - 기타,승용,여,47세,상해없음,보행자,여,70세,사망
2013091400100558,2013년 9월 14일 19시,토요일,충청북도 청주시 상당구 용암동,경상사고,0,0,2,0,차대차 - 기타,안전운전불이행,건조,맑음,교차로 - 교차로부근,승합,남,44세,기타불명,승용,남,50세,경상
2013091400100595,2013년 9월 14일 20시,토요일,충청북도 청주시 흥덕구 신촌동,중상사고,0,5,3,0,차대차 - 측면직각충돌,안전운전불이행,건조,맑음,미분류 - 미분류,화물,남,63세,상해없음,승용,남,50세,중상
2013091400100596,2013년 9월 14일 20시,토요일,충청북도 청주시 흥덕구 사직동,중상사고,0,1,0,0,차대차 - 측면직각충돌,안전운전불이행,건조,맑음,교차로 - 교차로안,승용,남,42세,상해없음,이륜,남,18세,중상
2013091400100597,2013년 9월 14일 20시,토요일,충청북도 청주시 상당구 용담동,중상사고,0,1,0,0,차대사람 - 기타,신호위반,건조,맑음,단일로 - 기타,화물,남,58세,상해없음,보행자,여,45세,중상
2013091400100627,2013년 9월 14일 21시,토요일,충청북도 청주시 흥덕구 사직동,사망사고,1,0,0,0,차대사람 - 횡단중,안전운전불이행,건조,맑음,단일로 - 기타,승용,여,37세,상해없음,보행자,남,75세,사망
2013091400100628,2013년 9월 14일 21시,토요일,충청북도 청주시 흥덕구 복대동,경상사고,0,0,2,0,차대차 - 측면직각충돌,안전운전불이행,건조,맑음,단일로 - 기타,이륜,남,16세,경상,승용,남,51세,경상
2013091400100629,2013년 9월 14일 21시,토요일,충청북도 청주시 흥덕구 분평동,경상사고,0,0,1,0,차대차 - 기타,안전운전불이행,건조,흐림,단일로 - 기타,승용,여,52세,상해없음,원동기,남,16세,경상
2013091400100695,2013년 9월 14일 23시,토요일,충청북도 청주시 상당구 서문동,경상사고,0,0,2,0,차대차 - 추돌 - 진행중,불법유턴,건조,맑음,교차로 - 교차로안,승용,남,38세,상해없음,승용,남,37세,경상
2013091400100696,2013년 9월 14일 23시,토요일,충청북도 진천군 진천읍,경상사고,0,0,1,0,차대차 - 측면직각충돌,안전운전불이행,건조,흐림,교차로 - 교차로안,승용,여,56세,상해없음,승용,여,31세,경상
2013091500100009,2013년 9월 15일 00시,일요일,충청북도 청원군 내수읍,사망사고,1,3,1,0,차대차 - 측면직각충돌,안전운전불이행,건조,흐림,교차로 - 교차로부근,승용,남,24세,사망,승용,남,45세,중상
2013091500100030,2013년 9월 15일 01시,일요일,충청북도 청원군 강내면,중상사고,0,1,1,0,차대차 - 기타,안전운전불이행,건조,맑음,교차로 - 교차로부근,승용,남,27세,경상,화물,남,60세,상해없음
2013091500100031,2013년 9월 15일 01시,일요일,충청북도 청원군 미원면,경상사고,0,0,1,0,차대차 - 기타,안전운전불이행,건조,맑음,교차로 - 교차로부근,화물,남,56세,상해없음,화물,남,63세,경상
2013091500100070,2013년 9월 15일 04시,일요일,충청북도 충주시 주덕읍,중상사고,0,1,1,0,차대차 - 추돌 - 주정차중,안전거리미확보,건조,맑음,단일로 - 기타,승용,남,38세,중상,화물,남,59세,경상
2013091500100097,2013년 9월 15일 06시,일요일,충청북도 청주시 상당구 율량동,중상사고,0,1,0,0,차대차 - 정면충돌,중앙선침범,건조,맑음,교차로 - 교차로부근,승용,남,26세,상해없음,승합,남,61세,중상
2013091500100111,2013년 9월 15일 07시,일요일,충청북도 괴산군 청천면,중상사고,0,2,1,0,차대차 - 추돌 - 진행중,기타,건조,맑음,교차로 - 교차로안,화물,남,64세,상해없음,화물,여,53세,중상
2013091500100112,2013년 9월 15일 07시,일요일,충청북도 청주시 흥덕구 가경동,경상사고,0,0,1,0,차대차 - 측면직각충돌,신호위반,건조,맑음,교차로 - 교차로안,화물,남,58세,상해없음,승용,남,28세,경상
2013091500100148,2013년 9월 15일 09시,일요일,충청북도 충주시 성내동,경상사고,0,0,2,0,차대차 - 측면직각충돌,직진우회전진행방해,건조,맑음,교차로 - 교차로안,승용,남,53세,상해없음,승용,여,38세,경상
2013091500100149,2013년 9월 15일 09시,일요일,충청북도 청주시 흥덕구 비하동,경상사고,0,0,1,0,차대차 - 측면직각충돌,안전운전불이행,건조,맑음,단일로 - 기타,승용,남,29세,상해없음,승용,남,32세,경상
2013091500100210,2013년 9월 15일 12시,일요일,충청북도 단양군 매포읍,경상사고,0,0,3,0,차대차 - 기타,안전운전불이행,건조,맑음,교차로 - 교차로안,승용,남,62세,상해없음,승용,남,44세,상해없음
2013091500100236,2013년 9월 15일 13시,일요일,충청북도 청주시 상당구 내덕동,중상사고,0,4,4,0,차대차 - 정면충돌,중앙선침범,건조,맑음,교차로 - 교차로부근,승용,여,31세,상해없음,승용,남,44세,상해없음
2013091500100237,2013년 9월 15일 13시,일요일,충청북도 옥천군 옥천읍,중상사고,0,1,0,0,차대차 - 측면직각충돌,안전운전불이행,건조,맑음,교차로 - 교차로안,승용,남,58세,상해없음,이륜,남,44세,중상
2013091500100301,2013년 9월 15일 15시,일요일,충청북도 충주시 산척면,경상사고,0,0,3,1,차대차 - 추돌 - 주정차중,안전거리미확보,건조,맑음,교차로 - 교차로부근,화물,남,61세,부상신고,승용,남,53세,경상
2013091500100302,2013년 9월 15일 15시,일요일,충청북도 진천군 진천읍,경상사고,0,0,5,0,차대차 - 측면직각충돌,신호위반,건조,맑음,교차로 - 교차로안,승용,남,40세,상해없음,승용,남,47세,경상
2013091500100303,2013년 9월 15일 15시,일요일,충청북도 청원군 오송읍,중상사고,0,1,1,0,차대차 - 측면직각충돌,신호위반,건조,맑음,교차로 - 교차로안,승용,여,28세,경상,승용,여,53세,중상
2013091500100304,2013년 9월 15일 15시,일요일,충청북도 청주시 상당구 용정동,경상사고,0,0,9,0,차대차 - 측면직각충돌,안전운전불이행,건조,맑음,교차로 - 교차로안,승용,남,56세,상해없음,승합,남,38세,경상
2013091500100345,2013년 9월 15일 16시,일요일,충청북도 충주시 달천동,경상사고,0,0,1,0,차대차 - 기타,안전운전불이행,건조,맑음,단일로 - 교량,승용,남,26세,상해없음,승용,남,35세,상해없음
2013091500100382,2013년 9월 15일 17시,일요일,충청북도 청주시 흥덕구 수곡동,중상사고,0,1,1,0,차대차 - 기타,안전운전불이행,건조,맑음,교차로 - 교차로부근,승용,남,53세,상해없음,승용,남,32세,경상
2013091500100417,2013년 9월 15일 18시,일요일,충청북도 충주시 교현동,경상사고,0,0,1,0,차대차 - 측면직각충돌,신호위반,건조,맑음,교차로 - 교차로안,원동기,여,22세,경상,화물,남,40세,상해없음
2013091500100418,2013년 9월 15일 18시,일요일,충청북도 음성군 감곡면,중상사고,0,1,0,0,차대차 - 기타,안전운전불이행,건조,맑음,단일로 - 기타,화물,남,58세,상해없음,원동기,남,49세,중상
2013091500100419,2013년 9월 15일 18시,일요일,충청북도 청주시 상당구 용암동,경상사고,0,0,1,0,차량단독 - 기타,안전운전불이행,건조,맑음,단일로 - 기타,원동기,남,50세,경상,,,,
2013091500100451,2013년 9월 15일 19시,일요일,충청북도 충주시 교현동,중상사고,0,1,0,0,차대사람 - 기타,안전운전불이행,건조,맑음,단일로 - 기타,화물,남,52세,상해없음,보행자,여,41세,중상
2013091500100452,2013년 9월 15일 19시,일요일,충청북도 충주시 살미면,중상사고,0,1,0,0,차대차 - 기타,안전운전불이행,건조,맑음,단일로 - 기타,승용,남,48세,상해없음,승용,남,64세,중상
2013091500100453,2013년 9월 15일 19시,일요일,충청북도 진천군 광혜원면,중상사고,0,1,0,0,차대차 - 측면직각충돌,안전운전불이행,건조,맑음,단일로 - 기타,승용,남,38세,상해없음,이륜,남,37세,중상
2013091500100481,2013년 9월 15일 20시,일요일,충청북도 청주시 상당구 용암동,중상사고,0,1,0,0,차대차 - 측면직각충돌,신호위반,건조,맑음,교차로 - 교차로안,승용,남,57세,상해없음,승용,여,31세,중상
2013091500100508,2013년 9월 15일 21시,일요일,충청북도 진천군 광혜원면,경상사고,0,0,1,0,차대차 - 측면직각충돌,교차로운행방법위반,건조,맑음,교차로 - 교차로안,승용,남,34세,상해없음,승용,남,44세,경상
2013091500100509,2013년 9월 15일 21시,일요일,충청북도 청주시 흥덕구 산남동,경상사고,0,0,2,0,차대차 - 기타,신호위반,건조,맑음,교차로 - 교차로안,승용,남,57세,상해없음,승용,남,34세,경상
2013091500100525,2013년 9월 15일 22시,일요일,충청북도 음성군 대소면,중상사고,0,1,0,4,차대차 - 기타,안전거리미확보,건조,맑음,단일로 - 기타,승용,남,47세,상해없음,화물,남,38세,부상신고
2013091500100549,2013년 9월 15일 23시,일요일,충청북도 청주시 흥덕구 비하동,경상사고,0,0,1,0,차대사람 - 길가장자리구역통행중,안전운전불이행,건조,맑음,단일로 - 기타,기타불명,기타불명,기타불명,기타불명,보행자,남,38세,경상
2013091600100028,2013년 9월 16일 02시,월요일,충청북도 청주시 흥덕구 분평동,중상사고,0,1,1,0,차대차 - 측면직각충돌,신호위반,건조,맑음,교차로 - 교차로안,승용,남,43세,상해없음,승용,여,46세,중상
2013091600100029,2013년 9월 16일 02시,월요일,충청북도 영동군 황간면,사망사고,1,1,0,0,차량단독 - 공작물충돌,안전운전불이행,건조,맑음,단일로 - 기타,승용,여,22세,중상,,,,
2013091600100099,2013년 9월 16일 07시,월요일,충청북도 청주시 흥덕구 죽림동,경상사고,0,0,2,0,차대차 - 추돌 - 주정차중,안전운전불이행,건조,맑음,교차로 - 교차로부근,승용,남,48세,상해없음,승용,여,39세,경상
2013091600100146,2013년 9월 16일 08시,월요일,충청북도 제천시 청전동,경상사고,0,0,2,0,차대차 - 기타,안전거리미확보,건조,맑음,교차로 - 교차로부근,화물,남,41세,상해없음,승용,남,73세,경상
2013091600100147,2013년 9월 16일 08시,월요일,충청북도 진천군 진천읍,경상사고,0,0,1,0,차대사람 - 기타,안전운전불이행,건조,맑음,단일로 - 기타,승용,여,40세,상해없음,보행자,남,69세,경상
2013091600100148,2013년 9월 16일 08시,월요일,충청북도 청주시 흥덕구 사창동,경상사고,0,0,2,0,차대차 - 측면직각충돌,안전운전불이행,건조,맑음,단일로 - 기타,승용,여,54세,상해없음,승용,여,39세,경상
2013091600100149,2013년 9월 16일 08시,월요일,충청북도 청주시 흥덕구 복대동,경상사고,0,0,1,0,차대차 - 측면직각충돌,교차로운행방법위반,건조,맑음,교차로 - 교차로안,승용,여,36세,상해없음,승용,여,31세,경상
2013091600100150,2013년 9월 16일 08시,월요일,충청북도 청주시 흥덕구 죽림동,경상사고,0,0,2,0,차대차 - 추돌 - 주정차중,안전운전불이행,건조,맑음,교차로 - 교차로안,승용,남,24세,상해없음,승용,남,37세,경상
2013091600100303,2013년 9월 16일 12시,월요일,충청북도 진천군 광혜원면,중상사고,0,2,0,0,차대차 - 측면직각충돌,교차로운행방법위반,건조,맑음,교차로 - 교차로안,승용,여,48세,상해없음,원동기,남,84세,중상
2013091600100338,2013년 9월 16일 13시,월요일,충청북도 청원군 오창읍,경상사고,0,0,1,0,차대사람 - 횡단중,신호위반,건조,맑음,교차로 - 교차로안,승합,남,47세,상해없음,보행자,남,24세,경상
2013091600100339,2013년 9월 16일 13시,월요일,충청북도 음성군 삼성면,중상사고,0,1,0,0,차대차 - 기타,중앙선침범,건조,맑음,단일로 - 기타,승용,남,28세,상해없음,승용,남,35세,중상
2013091600100340,2013년 9월 16일 13시,월요일,충청북도 청주시 흥덕구 복대동,부상신고사고,0,0,0,1,차대차 - 측면직각충돌,안전운전불이행,건조,맑음,교차로 - 교차로안,승용,여,31세,상해없음,이륜,남,22세,부상신고
2013091600100341,2013년 9월 16일 13시,월요일,충청북도 청원군 오송읍,경상사고,0,0,3,0,차대차 - 측면직각충돌,기타,건조,맑음,단일로 - 기타,화물,남,63세,상해없음,화물,여,43세,경상
2013091600100377,2013년 9월 16일 14시,월요일,충청북도 제천시 두학동,부상신고사고,0,0,0,1,차량단독 - 공작물충돌,안전운전불이행,건조,맑음,단일로 - 기타,승용,여,43세,부상신고,,,,
2013091600100378,2013년 9월 16일 14시,월요일,충청북도 청주시 상당구 평촌동,경상사고,0,0,3,0,차대차 - 추돌 - 진행중,안전운전불이행,건조,맑음,교차로 - 교차로부근,승합,남,77세,상해없음,승용,남,33세,경상
2013091600100413,2013년 9월 16일 15시,월요일,충청북도 충주시 칠금동,중상사고,0,2,0,0,차대차 - 추돌 - 진행중,신호위반,건조,맑음,교차로 - 교차로안,화물,남,30세,상해없음,승용,여,66세,중상
2013091600100414,2013년 9월 16일 15시,월요일,충청북도 청주시 흥덕구 비하동,경상사고,0,0,1,0,차대차 - 추돌 - 주정차중,안전운전불이행,건조,맑음,단일로 - 기타,승용,여,23세,상해없음,승용,남,52세,경상
2013091600100455,2013년 9월 16일 16시,월요일,충청북도 제천시 화산동,경상사고,0,0,2,0,차대차 - 기타,안전운전불이행,건조,맑음,교차로 - 교차로안,승용,남,34세,상해없음,승용,여,42세,경상
2013091600100498,2013년 9월 16일 17시,월요일,충청북도 제천시 청전동,경상사고,0,0,1,0,차대사람 - 기타,안전운전불이행,건조,맑음,기타 - 기타,승용,여,48세,상해없음,보행자,여,56세,경상
2013091600100499,2013년 9월 16일 17시,월요일,충청북도 단양군 단양읍,중상사고,0,3,0,0,차대차 - 추돌 - 주정차중,안전운전불이행,건조,맑음,교차로 - 교차로안,승용,남,52세,상해없음,승용,여,51세,중상
2013091600100546,2013년 9월 16일 18시,월요일,충청북도 청주시 상당구 우암동,경상사고,0,0,3,0,차대차 - 추돌 - 주정차중,안전운전불이행,건조,맑음,교차로 - 교차로부근,승용,남,63세,상해없음,승용,남,44세,경상
2013091600100547,2013년 9월 16일 18시,월요일,충청북도 청주시 상당구 용암동,경상사고,0,0,1,0,차대차 - 측면직각충돌,안전운전불이행,건조,맑음,단일로 - 기타,승용,여,38세,상해없음,자전거,남,15세,경상
2013091600100592,2013년 9월 16일 19시,월요일,충청북도 청주시 상당구 우암동,중상사고,0,1,2,0,차대차 - 기타,교차로운행방법위반,건조,맑음,교차로 - 교차로부근,승용,남,30세,상해없음,승합,남,45세,경상
2013091600100593,2013년 9월 16일 19시,월요일,충청북도 충주시 교현동,경상사고,0,0,1,0,차량단독 - 기타,안전운전불이행,건조,맑음,교차로 - 교차로부근,승용,남,48세,상해없음,,,,
2013091600100594,2013년 9월 16일 19시,월요일,충청북도 청원군 강내면,사망사고,1,0,0,0,차대사람 - 길가장자리구역통행중,안전운전불이행,건조,맑음,단일로 - 기타,승용,남,68세,상해없음,보행자,남,51세,사망
2013091600100648,2013년 9월 16일 20시,월요일,충청북도 음성군 대소면,경상사고,0,0,4,0,차대차 - 기타,안전운전불이행,건조,맑음,단일로 - 기타,승용,남,47세,상해없음,승용,남,30세,상해없음
2013091600100649,2013년 9월 16일 20시,월요일,충청북도 청주시 흥덕구 개신동,경상사고,0,0,1,0,차대차 - 측면직각충돌,차로위반,건조,맑음,단일로 - 기타,승용,남,45세,상해없음,이륜,남,17세,경상
2013091600100678,2013년 9월 16일 21시,월요일,충청북도 제천시 청전동,경상사고,0,0,2,0,차대차 - 기타,중앙선침범,건조,맑음,단일로 - 기타,기타불명,기타불명,기타불명,기타불명,승용,남,33세,경상
2013091600100679,2013년 9월 16일 21시,월요일,충청북도 청원군 오송읍,경상사고,0,0,2,0,차대차 - 측면직각충돌,안전운전불이행,건조,맑음,교차로 - 교차로안,승용,남,45세,상해없음,승용,여,38세,경상
2013091600100710,2013년 9월 16일 22시,월요일,충청북도 청주시 상당구 용암동,중상사고,0,1,0,0,차대사람 - 횡단중,안전운전불이행,건조,맑음,단일로 - 기타,승용,남,24세,상해없음,보행자,여,48세,중상
2013091600100742,2013년 9월 16일 23시,월요일,충청북도 청주시 흥덕구 복대동,경상사고,0,0,1,0,차대사람 - 횡단중,안전운전불이행,건조,맑음,교차로 - 교차로안,승용,남,56세,상해없음,보행자,남,38세,경상
2013091700100033,2013년 9월 17일 01시,화요일,충청북도 청원군 남일면,중상사고,0,1,0,0,차량단독 - 공작물충돌,안전운전불이행,건조,맑음,단일로 - 기타,승용,여,37세,상해없음,,,,
2013091700100079,2013년 9월 17일 05시,화요일,충청북도 청주시 흥덕구 봉명동,경상사고,0,0,1,0,차대차 - 측면직각충돌,안전운전불이행,건조,맑음,교차로 - 교차로안,승용,남,27세,상해없음,승용,남,20세,경상
2013091700100134,2013년 9월 17일 08시,화요일,충청북도 충주시 교현동,중상사고,0,1,1,1,차대차 - 측면직각충돌,안전운전불이행,건조,맑음,단일로 - 기타,승용,남,50세,부상신고,승용,여,49세,중상
2013091700100135,2013년 9월 17일 08시,화요일,충청북도 영동군 영동읍,중상사고,0,2,0,0,차대차 - 기타,교차로운행방법위반,건조,맑음,교차로 - 교차로안,승용,남,43세,상해없음,원동기,여,50세,중상
2013091700100136,2013년 9월 17일 08시,화요일,충청북도 단양군 매포읍,중상사고,0,1,0,0,차대차 - 측면직각충돌,직진우회전진행방해,건조,맑음,교차로 - 교차로안,승용,남,36세,상해없음,승용,여,43세,중상
2013091700100184,2013년 9월 17일 09시,화요일,충청북도 충주시 용탄동,중상사고,0,1,0,1,차대차 - 추돌 - 진행중,안전운전불이행,건조,맑음,단일로 - 기타,승용,남,62세,부상신고,화물,남,38세,중상
2013091700100185,2013년 9월 17일 09시,화요일,충청북도 음성군 삼성면,경상사고,0,0,1,0,차대차 - 기타,교차로운행방법위반,건조,맑음,교차로 - 교차로안,승용,여,50세,경상,화물,남,58세,상해없음
2013091700100251,2013년 9월 17일 11시,화요일,충청북도 청주시 상당구 용암동,부상신고사고,0,0,0,1,차대차 - 기타,안전운전불이행,건조,맑음,교차로 - 교차로안,승용,남,58세,상해없음,원동기,남,34세,부상신고
2013091700100281,2013년 9월 17일 12시,화요일,충청북도 청주시 상당구 내덕동,경상사고,0,0,1,0,차대사람 - 횡단중,보행자보호의무위반,건조,맑음,교차로 - 교차로부근,자전거,남,42세,상해없음,보행자,여,70세,경상
2013091700100282,2013년 9월 17일 12시,화요일,충청북도 충주시 용산동,경상사고,0,0,3,0,차대차 - 추돌 - 진행중,교차로운행방법위반,건조,맑음,교차로 - 교차로안,승용,남,52세,경상,승합,남,45세,경상
2013091700100283,2013년 9월 17일 12시,화요일,충청북도 진천군 진천읍,중상사고,0,1,0,0,차대차 - 기타,안전거리미확보,건조,맑음,단일로 - 기타,승용,남,61세,상해없음,승용,여,44세,중상
2013091700100388,2013년 9월 17일 15시,화요일,충청북도 충주시 달천동,부상신고사고,0,0,0,1,차대차 - 기타,차로위반,건조,맑음,단일로 - 기타,승용,남,74세,부상신고,승합,남,53세,상해없음
2013091700100389,2013년 9월 17일 15시,화요일,충청북도 청주시 흥덕구 사직동,경상사고,0,0,1,0,차대사람 - 길가장자리구역통행중,안전운전불이행,건조,맑음,단일로 - 기타,승용,여,70세,상해없음,보행자,남,34세,경상
2013091700100435,2013년 9월 17일 16시,화요일,충청북도 청주시 상당구 율량동,경상사고,0,0,1,0,차대차 - 기타,안전운전불이행,건조,맑음,교차로 - 교차로부근,승합,남,47세,상해없음,승용,남,41세,경상
2013091700100436,2013년 9월 17일 16시,화요일,충청북도 충주시 문화동,중상사고,0,1,0,0,차대차 - 기타,안전운전불이행,건조,맑음,단일로 - 기타,승용,남,32세,상해없음,원동기,남,66세,중상
2013091700100437,2013년 9월 17일 16시,화요일,충청북도 충주시 문화동,중상사고,0,1,0,0,차대사람 - 횡단중,안전운전불이행,건조,맑음,단일로 - 기타,승용,남,51세,상해없음,보행자,여,71세,중상
2013091700100438,2013년 9월 17일 16시,화요일,충청북도 제천시 중앙로2가,중상사고,0,2,1,0,차대차 - 측면직각충돌,직진우회전진행방해,건조,맑음,교차로 - 교차로안,화물,남,76세,상해없음,승용,남,53세,중상
2013091700100439,2013년 9월 17일 16시,화요일,충청북도 제천시 고암동,중상사고,0,1,1,0,차대차 - 추돌 - 진행중,안전거리미확보,건조,맑음,교차로 - 교차로부근,승용,여,47세,상해없음,승합,남,57세,중상
2013091700100496,2013년 9월 17일 17시,화요일,충청북도 제천시 중앙로2가,경상사고,0,0,1,0,차대사람 - 기타,안전운전불이행,건조,맑음,단일로 - 기타,승용,남,54세,상해없음,보행자,여,47세,경상
2013091700100542,2013년 9월 17일 18시,화요일,충청북도 충주시 충의동,경상사고,0,0,1,0,차대차 - 추돌 - 주정차중,안전운전불이행,건조,맑음,기타 - 기타,승용,여,27세,상해없음,승용,여,38세,경상
2013091700100543,2013년 9월 17일 18시,화요일,충청북도 영동군 영동읍,경상사고,0,0,1,0,차대차 - 기타,안전운전불이행,건조,맑음,교차로 - 교차로부근,화물,남,53세,상해없음,승용,남,56세,경상
2013091700100544,2013년 9월 17일 18시,화요일,충청북도 청주시 흥덕구 신봉동,중상사고,0,1,0,0,차대차 - 추돌 - 주정차중,안전운전불이행,건조,맑음,단일로 - 기타,승용,여,57세,상해없음,승용,여,49세,중상
2013091700100594,2013년 9월 17일 19시,화요일,충청북도 청원군 오송읍,중상사고,0,4,4,0,차대차 - 추돌 - 주정차중,안전운전불이행,건조,맑음,단일로 - 기타,승용,여,44세,상해없음,승용,남,48세,중상
2013091700100722,2013년 9월 17일 22시,화요일,충청북도 옥천군 옥천읍,중상사고,0,1,0,0,차량단독 - 기타,안전운전불이행,건조,맑음,단일로 - 기타,이륜,남,53세,중상,,,,