사고번호,사고일시,요일,시군구,사고내용,사망자수,중상자수,경상자수,부상신고자수,사고유형,법규위반,노면상태,기상상태,도로형태,가해운전자 차종,가해운전자 성별,가해운전자 연령,가해운전자 상해정도,피해운전자 차종,피해운전자 성별,피해운전자 연령,피해운전자 상해정도
2013091800100010,2013년 9월 18일 00시,수요일,충청북도 충주시 칠금동,경상사고,0,0,1,0,차대사람 - 기타,안전운전불이행,건조,맑음,단일로 - 기타,승용,남,44세,상해없음,보행자,여,20세,경상
2013091800100054,2013년 9월 18일 02시,수요일,충청북도 청주시 상당구 우암동,중상사고,0,2,2,0,차대차 - 기타,안전운전불이행,건조,맑음,교차로 - 교차로부근,승용,남,34세,상해없음,승용,남,37세,경상
2013091800100055,2013년 9월 18일 02시,수요일,충청북도 청주시 흥덕구 가경동,중상사고,0,2,1,0,차대차 - 측면직각충돌,신호위반,건조,맑음,교차로 - 교차로안,승용,남,27세,상해없음,승용,남,44세,경상
2013091800100056,2013년 9월 18일 02시,수요일,충청북도 청주시 흥덕구 봉명동,경상사고,0,0,3,0,차대차 - 추돌 - 진행중,안전운전불이행,건조,맑음,교차로 - 교차로부근,승용,남,27세,경상,승용,남,45세,경상
2013091800100086,2013년 9월 18일 04시,수요일,충청북도 청원군 오창읍,경상사고,0,0,6,0,차대차 - 추돌 - 진행중,안전거리미확보,건조,맑음,단일로 - 기타,승용,남,38세,상해없음,승용,남,50세,경상
2013091800100087,2013년 9월 18일 04시,수요일,충청북도 청원군 현도면,사망사고,1,3,7,0,차대차 - 추돌 - 진행중,안전운전불이행,건조,맑음,단일로 - 기타,화물,남,43세,상해없음,승용,남,43세,중상
2013091800100127,2013년 9월 18일 07시,수요일,충청북도 제천시 봉양읍,경상사고,0,0,2,0,차대차 - 추돌 - 진행중,안전운전불이행,건조,맑음,단일로 - 기타,승용,남,24세,상해없음,승용,남,53세,경상
2013091800100143,2013년 9월 18일 08시,수요일,충청북도 음성군 대소면,사망사고,1,0,1,0,차대차 - 측면직각충돌,신호위반,건조,맑음,교차로 - 교차로안,승용,남,26세,경상,승용,남,75세,사망
2013091800100162,2013년 9월 18일 09시,수요일,충청북도 청원군 문의면,경상사고,0,0,5,0,차대차 - 기타,안전운전불이행,건조,맑음,단일로 - 기타,승용,남,48세,상해없음,승용,남,37세,경상
2013091800100215,2013년 9월 18일 11시,수요일,충청북도 청주시 흥덕구 복대동,중상사고,0,1,5,0,차대차 - 추돌 - 진행중,차로위반,건조,맑음,교차로 - 교차로안,승용,남,70세,상해없음,승용,남,45세,중상
2013091800100216,2013년 9월 18일 11시,수요일,충청북도 청주시 흥덕구 분평동,경상사고,0,0,1,0,차대차 - 기타,안전운전불이행,건조,맑음,단일로 - 기타,승용,남,63세,상해없음,자전거,남,7세,경상
2013091800100217,2013년 9월 18일 11시,수요일,충청북도 괴산군 장연면,경상사고,0,0,2,0,차대차 - 추돌 - 진행중,안전거리미확보,건조,맑음,단일로 - 기타,승용,남,52세,상해없음,승용,여,36세,경상
2013091800100253,2013년 9월 18일 12시,수요일,충청북도 음성군 대소면,경상사고,0,0,2,0,차대차 - 기타,안전운전불이행,건조,맑음,단일로 - 기타,승용,남,40세,상해없음,승용,남,35세,경상
2013091800100269,2013년 9월 18일 13시,수요일,충청북도 청원군 오송읍,중상사고,0,2,0,0,차대차 - 기타,중앙선침범,건조,맑음,단일로 - 기타,승용,남,55세,상해없음,승용,여,58세,중상
2013091800100270,2013년 9월 18일 13시,수요일,충청북도 청주시 흥덕구 송정동,부상신고사고,0,0,0,1,차대사람 - 기타,안전운전불이행,건조,맑음,단일로 - 기타,기타불명,기타불명,기타불명,기타불명,보행자,남,9세,부상신고
2013091800100360,2013년 9월 18일 16시,수요일,충청북도 충주시 대소원면,경상사고,0,0,5,0,차대차 - 추돌 - 진행중,안전운전불이행,건조,맑음,단일로 - 기타,승용,남,21세,상해없음,승용,남,59세,경상
2013091800100472,2013년 9월 18일 21시,수요일,충청북도 청주시 상당구 주중동,중상사고,0,4,0,0,차대차 - 추돌 - 주정차중,안전운전불이행,건조,맑음,교차로 - 교차로부근,이륜,남,40세,중상,승용,남,34세,중상
2013091800100473,2013년 9월 18일 21시,수요일,충청북도 충주시 동량면,중상사고,0,1,0,0,차대차 - 추돌 - 주정차중,안전운전불이행,건조,맑음,교차로 - 교차로부근,승용,남,53세,상해없음,승용,남,39세,중상
2013091900100090,2013년 9월 19일 10시,목요일,충청북도 제천시 영천동,경상사고,0,0,1,0,차대차 - 기타,신호위반,건조,맑음,교차로 - 교차로안,승용,남,35세,상해없음,승용,남,64세,경상
2013091900100091,2013년 9월 19일 10시,목요일,충청북도 진천군 이월면,중상사고,0,2,2,0,차대차 - 추돌 - 진행중,안전거리미확보,건조,맑음,단일로 - 기타,승용,남,55세,상해없음,화물,남,41세,경상
2013091900100104,2013년 9월 19일 11시,목요일,충청북도 청주시 상당구 용암동,중상사고,0,3,1,0,차대차 - 추돌 - 진행중,안전운전불이행,건조,맑음,단일로 - 기타,승용,남,51세,상해없음,승용,남,54세,중상
2013091900100125,2013년 9월 19일 12시,목요일,충청북도 영동군 매곡면,경상사고,0,0,2,0,차대차 - 기타,안전운전불이행,건조,맑음,단일로 - 기타,승용,여,46세,상해없음,승용,여,58세,경상
2013091900100161,2013년 9월 19일 13시,목요일,충청북도 충주시 연수동,중상사고,0,2,0,0,차대차 - 추돌 - 진행중,안전운전불이행,건조,맑음,단일로 - 기타,승용,남,33세,상해없음,승용,남,25세,중상
2013091900100162,2013년 9월 19일 13시,목요일,충청북도 제천시 금성면,중상사고,0,2,3,0,차대차 - 기타,안전운전불이행,건조,맑음,단일로 - 기타,승용,남,54세,상해없음,승용,남,51세,경상
2013091900100163,2013년 9월 19일 13시,목요일,충청북도 청원군 남일면,중상사고,0,2,0,0,차대차 - 추돌 - 진행중,안전운전불이행,건조,맑음,교차로 - 교차로안,화물,남,48세,상해없음,이륜,남,55세,중상
2013091900100194,2013년 9월 19일 14시,목요일,충청북도 증평군 증평읍,중상사고,0,1,3,0,차대차 - 측면직각충돌,직진우회전진행방해,건조,맑음,교차로 - 교차로안,승용,남,50세,상해없음,승용,여,45세,중상
2013091900100221,2013년 9월 19일 15시,목요일,충청북도 청원군 오창읍,중상사고,0,1,0,0,차대차 - 측면직각충돌,안전운전불이행,건조,맑음,교차로 - 교차로안,승용,여,40세,상해없음,이륜,남,77세,중상
2013091900100255,2013년 9월 19일 16시,목요일,충청북도 괴산군 괴산읍,경상사고,0,0,1,0,차대차 - 측면직각충돌,신호위반,건조,맑음,교차로 - 교차로부근,승용,남,32세,상해없음,이륜,여,52세,경상
2013091900100275,2013년 9월 19일 17시,목요일,충청북도 충주시 연수동,중상사고,0,1,0,0,차대차 - 추돌 - 진행중,교차로운행방법위반,건조,맑음,단일로 - 기타,승용,남,33세,상해없음,원동기,남,19세,중상
2013091900100276,2013년 9월 19일 17시,목요일,충청북도 음성군 감곡면,경상사고,0,0,4,0,차대차 - 추돌 - 진행중,안전운전불이행,건조,맑음,단일로 - 기타,승용,남,41세,상해없음,승용,남,53세,경상
2013091900100302,2013년 9월 19일 18시,목요일,충청북도 제천시 봉양읍,경상사고,0,0,9,0,차대차 - 추돌 - 주정차중,안전거리미확보,건조,맑음,단일로 - 기타,화물,남,52세,상해없음,승용,남,27세,경상
2013091900100320,2013년 9월 19일 19시,목요일,충청북도 제천시 신월동,중상사고,0,1,2,0,차대차 - 기타,불법유턴,건조,맑음,단일로 - 횡단보도부근,특수,남,43세,상해없음,승용,여,25세,경상
2013091900100403,2013년 9월 19일 22시,목요일,충청북도 보은군 보은읍,경상사고,0,0,1,0,차대사람 - 기타,안전운전불이행,건조,맑음,단일로 - 기타,승용,남,33세,상해없음,보행자,남,25세,경상
2013092000100012,2013년 9월 20일 00시,금요일,충청북도 충주시 문화동,중상사고,0,1,2,0,차대차 - 추돌 - 진행중,안전운전불이행,건조,맑음,단일로 - 기타,승용,남,26세,상해없음,승용,남,46세,중상
2013092000100023,2013년 9월 20일 01시,금요일,충청북도 제천시 하소동,중상사고,0,1,1,0,차대차 - 측면직각충돌,직진우회전진행방해,건조,맑음,교차로 - 교차로안,원동기,남,17세,중상,승용,남,41세,상해없음
2013092000100041,2013년 9월 20일 03시,금요일,충청북도 청주시 상당구 용암동,경상사고,0,0,1,0,차대차 - 측면직각충돌,신호위반,건조,맑음,교차로 - 교차로안,승용,남,30세,상해없음,승용,남,48세,상해없음
2013092000100082,2013년 9월 20일 08시,금요일,충청북도 청원군 남일면,중상사고,0,1,0,0,차대차 - 기타,안전운전불이행,건조,맑음,교차로 - 교차로부근,승용,남,67세,상해없음,원동기,남,68세,중상
2013092000100090,2013년 9월 20일 09시,금요일,충청북도 충주시 대소원면,경상사고,0,0,1,1,차대차 - 기타,신호위반,건조,맑음,교차로 - 교차로안,승용,남,26세,부상신고,승용,남,60세,경상
2013092000100143,2013년 9월 20일 12시,금요일,충청북도 괴산군 장연면,경상사고,0,0,1,0,차대차 - 기타,중앙선침범,건조,맑음,기타 - 기타,승용,남,49세,상해없음,승용,여,57세,경상
2013092000100144,2013년 9월 20일 12시,금요일,충청북도 음성군 대소면,경상사고,0,0,1,0,차대차 - 기타,안전운전불이행,건조,맑음,교차로 - 교차로부근,승용,남,52세,상해없음,승용,남,30세,경상
2013092000100185,2013년 9월 20일 14시,금요일,충청북도 청주시 상당구 금천동,경상사고,0,0,1,0,차대사람 - 길가장자리구역통행중,안전운전불이행,건조,맑음,단일로 - 기타,승용,여,44세,상해없음,보행자,여,29세,경상
2013092000100186,2013년 9월 20일 14시,금요일,충청북도 청주시 상당구 서문동,중상사고,0,1,1,0,차대차 - 측면직각충돌,교차로운행방법위반,건조,맑음,교차로 - 교차로안,화물,남,64세,경상,승용,남,31세,중상
2013092000100235,2013년 9월 20일 16시,금요일,충청북도 영동군 황간면,경상사고,0,0,1,0,차대사람 - 기타,보행자보호의무위반,건조,맑음,단일로 - 기타,승용,남,27세,상해없음,보행자,남,16세,경상
2013092000100264,2013년 9월 20일 17시,금요일,충청북도 청주시 상당구 문화동,경상사고,0,0,1,0,차대차 - 측면직각충돌,교차로운행방법위반,건조,맑음,교차로 - 교차로안,승용,남,83세,상해없음,승용,여,50세,경상
2013092000100265,2013년 9월 20일 17시,금요일,충청북도 음성군 음성읍,경상사고,0,0,1,0,차대차 - 기타,교차로운행방법위반,건조,맑음,교차로 - 교차로안,승합,남,71세,상해없음,승용,여,71세,경상
2013092000100288,2013년 9월 20일 18시,금요일,충청북도 영동군 황간면,경상사고,0,0,1,0,차대사람 - 기타,안전운전불이행,건조,맑음,교차로 - 교차로안,승용,남,37세,상해없음,보행자,여,9세,경상
2013092000100316,2013년 9월 20일 19시,금요일,충청북도 영동군 영동읍,경상사고,0,0,3,0,차대차 - 추돌 - 주정차중,안전운전불이행,건조,맑음,단일로 - 기타,승용,남,43세,상해없음,승용,남,79세,경상
2013092000100317,2013년 9월 20일 19시,금요일,충청북도 증평군 증평읍,중상사고,0,1,0,0,차대차 - 기타,안전운전불이행,건조,맑음,단일로 - 기타,승용,남,30세,상해없음,자전거,남,35세,중상
2013092000100350,2013년 9월 20일 20시,금요일,충청북도 음성군 대소면,경상사고,0,0,4,0,차대차 - 기타,안전운전불이행,건조,맑음,단일로 - 기타,승용,여,44세,상해없음,승용,남,40세,경상
2013092000100351,2013년 9월 20일 20시,금요일,충청북도 단양군 영춘면,사망사고,1,0,0,0,차대차 - 정면충돌,중앙선침범,건조,맑음,단일로 - 기타,이륜,남,52세,사망,승합,남,39세,상해없음
2013092000100391,2013년 9월 20일 22시,금요일,충청북도 충주시 성남동,경상사고,0,0,1,1,차대차 - 기타,안전운전불이행,건조,맑음,교차로 - 교차로안,원동기,남,17세,부상신고,승용,남,53세,경상
2013092100100006,2013년 9월 21일 00시,토요일,충청북도 제천시 청전동,경상사고,0,0,1,0,차대사람 - 기타,안전운전불이행,건조,맑음,단일로 - 기타,승용,남,24세,상해없음,보행자,남,21세,경상
2013092100100007,2013년 9월 21일 00시,토요일,충청북도 청주시 흥덕구 가경동,경상사고,0,0,1,0,차대차 - 측면직각충돌,안전거리미확보,건조,맑음,단일로 - 기타,승용,남,51세,상해없음,승용,남,33세,경상
2013092100100008,2013년 9월 21일 00시,토요일,충청북도 청주시 흥덕구 산남동,경상사고,0,0,3,0,차대차 - 추돌 - 주정차중,안전운전불이행,건조,맑음,교차로 - 교차로안,승용,남,27세,상해없음,승용,남,57세,경상
2013092100100022,2013년 9월 21일 01시,토요일,충청북도 제천시 송학면,중상사고,0,1,0,0,차량단독 - 전도전복,안전운전불이행,건조,맑음,단일로 - 기타,승용,남,62세,상해없음,,,,
2013092100100036,2013년 9월 21일 02시,토요일,충청북도 청주시 흥덕구 복대동,중상사고,0,1,0,0,차대차 - 추돌 - 주정차중,중앙선침범,건조,맑음,단일로 - 기타,승용,남,33세,중상,승용,남,49세,상해없음
2013092100100051,2013년 9월 21일 03시,토요일,충청북도 청주시 흥덕구 봉명동,중상사고,0,1,0,0,차대사람 - 횡단중,보행자보호의무위반,건조,맑음,교차로 - 교차로부근,승용,남,29세,상해없음,보행자,남,36세,중상
2013092100100072,2013년 9월 21일 05시,토요일,충청북도 청주시 상당구 명암동,경상사고,0,0,1,0,차대차 - 기타,안전운전불이행,건조,맑음,단일로 - 기타,승용,남,20세,상해없음,승용,여,44세,경상
2013092100100078,2013년 9월 21일 06시,토요일,충청북도 청주시 흥덕구 복대동,중상사고,0,1,1,0,차대차 - 측면직각충돌,신호위반,건조,맑음,교차로 - 교차로안,이륜,남,18세,중상,승용,남,47세,상해없음
2013092100100079,2013년 9월 21일 06시,토요일,충청북도 청주시 흥덕구 가경동,중상사고,0,1,2,0,차대차 - 측면직각충돌,안전운전불이행,건조,맑음,단일로 - 기타,승용,남,51세,상해없음,승용,남,36세,경상
2013092100100084,2013년 9월 21일 07시,토요일,충청북도 청주시 흥덕구 사직동,중상사고,0,1,0,0,차량단독 - 공작물충돌,안전운전불이행,건조,맑음,단일로 - 기타,승용,남,24세,중상,,,,
2013092100100142,2013년 9월 21일 11시,토요일,충청북도 충주시 금릉동,중상사고,0,3,2,0,차대차 - 추돌 - 주정차중,안전운전불이행,건조,맑음,단일로 - 기타,승합,남,72세,상해없음,승용,여,51세,중상
2013092100100197,2013년 9월 21일 13시,토요일,충청북도 청주시 상당구 석교동,경상사고,0,0,3,0,차대차 - 추돌 - 주정차중,안전운전불이행,건조,맑음,교차로 - 교차로부근,승용,남,52세,상해없음,승용,여,31세,경상
2013092100100198,2013년 9월 21일 13시,토요일,충청북도 청주시 흥덕구 사직동,중상사고,0,1,0,0,차량단독 - 전도전복,안전운전불이행,건조,맑음,교차로 - 교차로부근,이륜,남,72세,중상,,,,
2013092100100249,2013년 9월 21일 15시,토요일,충청북도 제천시 명동,중상사고,0,1,2,0,차대차 - 기타,직진우회전진행방해,건조,맑음,교차로 - 교차로안,승용,여,58세,상해없음,승용,남,55세,경상
2013092100100274,2013년 9월 21일 16시,토요일,충청북도 제천시 모산동,경상사고,0,0,1,0,차대사람 - 기타,안전운전불이행,건조,맑음,기타 - 기타,기타불명,남,7세,기타불명,보행자,여,4세,경상
2013092100100300,2013년 9월 21일 17시,토요일,충청북도 청주시 흥덕구 사창동,중상사고,0,1,1,0,차대차 - 측면직각충돌,안전거리미확보,건조,맑음,교차로 - 교차로부근,승용,여,42세,상해없음,이륜,남,16세,중상
2013092100100352,2013년 9월 21일 19시,토요일,충청북도 청원군 오창읍,부상신고사고,0,0,0,1,차대차 - 기타,교차로운행방법위반,건조,맑음,교차로 - 교차로안,원동기,남,17세,부상신고,승용,여,44세,상해없음
2013092100100353,2013년 9월 21일 19시,토요일,충청북도 증평군 증평읍,중상사고,0,1,0,0,차대차 - 추돌 - 진행중,안전운전불이행,건조,기타,단일로 - 기타,승용,남,63세,상해없음,자전거,남,71세,중상
2013092100100354,2013년 9월 21일 19시,토요일,충청북도 청주시 상당구 용암동,경상사고,0,0,2,0,차대차 - 기타,안전운전불이행,건조,맑음,기타 - 기타,승용,남,21세,상해없음,승용,남,41세,경상
2013092100100394,2013년 9월 21일 20시,토요일,충청북도 청주시 상당구 주중동,경상사고,0,0,1,0,차대차 - 기타,안전거리미확보,건조,맑음,단일로 - 기타,승용,여,29세,상해없음,화물,남,20세,경상
2013092100100395,2013년 9월 21일 20시,토요일,충청북도 충주시 안림동,중상사고,0,1,0,0,차대사람 - 기타,안전운전불이행,건조,맑음,교차로 - 교차로안,승용,남,63세,상해없음,보행자,여,44세,중상
2013092100100425,2013년 9월 21일 21시,토요일,충청북도 청주시 흥덕구 복대동,경상사고,0,0,4,0,차대차 - 정면충돌,교차로운행방법위반,건조,맑음,교차로 - 교차로안,승용,남,40세,경상,승용,남,18세,경상
2013092100100449,2013년 9월 21일 22시,토요일,충청북도 청주시 흥덕구 가경동,경상사고,0,0,1,0,차대차 - 추돌 - 주정차중,안전운전불이행,건조,맑음,교차로 - 교차로부근,승용,여,41세,상해없음,승용,남,29세,경상
2013092100100451,2013년 9월 21일 22시,토요일,충청북도 청원군 현도면,경상사고,0,0,3,0,차대차 - 기타,안전운전불이행,건조,맑음,단일로 - 기타,화물,남,56세,상해없음,승용,남,34세,경상
2013092200100091,2013년 9월 22일 08시,일요일,충청북도 청주시 흥덕구 신촌동,중상사고,0,1,0,0,차대차 - 측면직각충돌,신호위반,건조,맑음,교차로 - 교차로안,이륜,남,44세,중상,승용,여,47세,상해없음
2013092200100102,2013년 9월 22일 09시,일요일,충청북도 보은군 보은읍,경상사고,0,0,1,0,차대차 - 측면직각충돌,기타,건조,맑음,기타 - 기타,화물,남,46세,상해없음,승합,남,32세,상해없음
2013092200100103,2013년 9월 22일 09시,일요일,충청북도 진천군 진천읍,중상사고,0,1,0,0,차대차 - 측면직각충돌,교차로운행방법위반,건조,맑음,교차로 - 교차로안,승용,남,39세,상해없음,승합,남,31세,중상
2013092200100122,2013년 9월 22일 10시,일요일,충청북도 제천시 명동,중상사고,0,1,0,0,차대사람 - 기타,안전운전불이행,건조,맑음,교차로 - 교차로안,승용,여,37세,상해없음,보행자,남,81세,중상
2013092200100123,2013년 9월 22일 10시,일요일,충청북도 진천군 광혜원면,경상사고,0,0,1,0,차대차 - 추돌 - 주정차중,안전운전불이행,건조,맑음,교차로 - 교차로안,화물,남,35세,상해없음,승용,남,40세,경상
2013092200100124,2013년 9월 22일 10시,일요일,충청북도 청주시 흥덕구 가경동,경상사고,0,0,4,0,차대차 - 추돌 - 진행중,안전운전불이행,건조,맑음,교차로 - 교차로부근,승합,남,43세,상해없음,승용,남,71세,경상
2013092200100134,2013년 9월 22일 11시,일요일,충청북도 단양군 대강면,경상사고,0,0,1,0,차대차 - 측면직각충돌,신호위반,건조,맑음,교차로 - 교차로안,승용,남,51세,상해없음,승용,남,71세,경상
2013092200100156,2013년 9월 22일 12시,일요일,충청북도 청주시 흥덕구 분평동,경상사고,0,0,1,0,차대사람 - 기타,보행자보호의무위반,건조,맑음,교차로 - 교차로안,승용,여,55세,상해없음,보행자,여,18세,경상
2013092200100199,2013년 9월 22일 14시,일요일,충청북도 청주시 상당구 금천동,경상사고,0,0,5,1,차대차 - 추돌 - 주정차중,안전운전불이행,건조,맑음,교차로 - 교차로부근,승용,남,74세,부상신고,승용,남,51세,경상
2013092200100227,2013년 9월 22일 15시,일요일,충청북도 영동군 심천면,경상사고,0,0,1,0,차대차 - 기타,기타,건조,맑음,교차로 - 교차로안,승용,남,49세,상해없음,승용,여,48세,경상
2013092200100267,2013년 9월 22일 17시,일요일,충청북도 청원군 옥산면,중상사고,0,2,6,2,차대차 - 기타,안전거리미확보,건조,맑음,단일로 - 기타,승용,남,43세,상해없음,승용,여,52세,중상
2013092200100364,2013년 9월 22일 21시,일요일,충청북도 청주시 상당구 내덕동,경상사고,0,0,1,0,차대차 - 기타,안전운전불이행,건조,맑음,교차로 - 교차로부근,이륜,남,23세,경상,승용,남,61세,상해없음
2013092300100025,2013년 9월 23일 03시,월요일,충청북도 제천시 송학면,중상사고,0,1,0,0,차대차 - 추돌 - 진행중,안전운전불이행,건조,흐림,단일로 - 기타,승용,남,30세,중상,화물,남,40세,상해없음
2013092300100040,2013년 9월 23일 05시,월요일,충청북도 충주시 대소원면,중상사고,0,1,0,0,차대차 - 기타,안전운전불이행,건조,맑음,교차로 - 교차로부근,승용,남,43세,상해없음,승용,여,41세,중상
2013092300100055,2013년 9월 23일 06시,월요일,충청북도 진천군 진천읍,경상사고,0,0,1,0,차대차 - 측면직각충돌,안전운전불이행,건조,맑음,교차로 - 교차로안,승합,남,58세,상해없음,승용,남,37세,경상
2013092300100079,2013년 9월 23일 07시,월요일,충청북도 충주시 봉방동,중상사고,0,1,0,0,차대차 - 추돌 - 진행중,직진우회전진행방해,습기,비,교차로 - 교차로안,승용,남,46세,상해없음,자전거,남,65세,중상
2013092300100080,2013년 9월 23일 07시,월요일,충청북도 제천시 신월동,중상사고,0,2,0,0,차대차 - 측면직각충돌,직진우회전진행방해,건조,맑음,교차로 - 교차로안,승용,남,46세,상해없음,승용,남,61세,중상
2013092300100081,2013년 9월 23일 07시,월요일,충청북도 청주시 상당구 명암동,경상사고,0,0,1,0,차대차 - 추돌 - 주정차중,안전운전불이행,건조,맑음,단일로 - 기타,승용,남,40세,상해없음,승용,남,34세,경상
2013092300100115,2013년 9월 23일 08시,월요일,충청북도 청주시 상당구 서운동,중상사고,0,1,0,0,차대차 - 기타,안전운전불이행,건조,맑음,교차로 - 교차로부근,승용,남,73세,상해없음,이륜,남,25세,중상
2013092300100116,2013년 9월 23일 08시,월요일,충청북도 청원군 남일면,중상사고,0,1,0,0,차대차 - 기타,안전운전불이행,건조,맑음,교차로 - 교차로부근,건설기계,남,48세,상해없음,승용,여,46세,중상
2013092300100143,2013년 9월 23일 09시,월요일,충청북도 청원군 내수읍,경상사고,0,0,1,0,차대차 - 기타,안전운전불이행,건조,맑음,교차로 - 교차로부근,승용,남,52세,상해없음,승용,여,45세,경상
2013092300100144,2013년 9월 23일 09시,월요일,충청북도 제천시 명동,중상사고,0,1,0,0,차대차 - 측면직각충돌,안전운전불이행,건조,맑음,교차로 - 교차로안,승용,남,55세,상해없음,자전거,남,20세,중상
2013092300100145,2013년 9월 23일 09시,월요일,충청북도 청주시 흥덕구 성화동,경상사고,0,0,3,0,차대차 - 측면직각충돌,차로위반,건조,맑음,단일로 - 기타,승용,남,19세,경상,승용,남,32세,경상
2013092300100146,2013년 9월 23일 09시,월요일,충청북도 청주시 상당구 용암동,중상사고,0,1,0,0,차대차 - 기타,안전운전불이행,건조,맑음,교차로 - 교차로안,승용,남,56세,상해없음,자전거,여,48세,중상
2013092300100173,2013년 9월 23일 10시,월요일,충청북도 음성군 감곡면,중상사고,0,1,1,0,차대차 - 기타,안전운전불이행,건조,맑음,교차로 - 교차로안,승용,남,59세,경상,승용,남,43세,중상
2013092300100204,2013년 9월 23일 11시,월요일,충청북도 충주시 성남동,중상사고,0,1,0,0,차대사람 - 횡단중,보행자보호의무위반,건조,맑음,단일로 - 기타,원동기,남,80세,상해없음,보행자,여,75세,중상
2013092300100230,2013년 9월 23일 12시,월요일,충청북도 진천군 덕산면,중상사고,0,1,1,0,차대차 - 측면직각충돌,중앙선침범,건조,맑음,교차로 - 교차로부근,승용,남,34세,상해없음,승용,여,29세,경상
2013092300100258,2013년 9월 23일 13시,월요일,충청북도 청원군 내수읍,경상사고,0,0,3,0,차대차 - 기타,안전운전불이행,건조,맑음,교차로 - 교차로부근,화물,남,49세,상해없음,화물,남,40세,상해없음
2013092300100288,2013년 9월 23일 14시,월요일,충청북도 청원군 내수읍,중상사고,0,2,0,0,차대차 - 기타,신호위반,건조,맑음,교차로 - 교차로안,승용,남,49세,상해없음,승용,남,36세,중상
2013092300100311,2013년 9월 23일 15시,월요일,충청북도 충주시 금릉동,경상사고,0,0,2,0,차대차 - 기타,안전운전불이행,건조,맑음,단일로 - 기타,승용,남,49세,상해없음,승용,남,26세,경상
2013092300100338,2013년 9월 23일 16시,월요일,충청북도 제천시 중앙로1가,경상사고,0,0,1,0,차대차 - 기타,안전운전불이행,건조,맑음,교차로 - 교차로부근,승용,남,69세,상해없음,승용,남,58세,경상
2013092300100374,2013년 9월 23일 17시,월요일,충청북도 청주시 상당구 문화동,중상사고,0,1,1,0,차대차 - 추돌 - 주정차중,안전운전불이행,건조,맑음,단일로 - 기타,승용,여,50세,상해없음,승용,남,45세,중상
2013092300100375,2013년 9월 23일 17시,월요일,충청북도 충주시 신니면,중상사고,0,1,1,0,차대차 - 기타,직진우회전진행방해,건조,맑음,교차로 - 교차로안,승용,남,48세,상해없음,승용,남,71세,중상
2013092300100376,2013년 9월 23일 17시,월요일,충청북도 제천시 청전동,경상사고,0,0,1,0,차대차 - 기타,안전운전불이행,건조,맑음,교차로 - 교차로부근,승용,남,23세,상해없음,승용,여,42세,경상
2013092300100377,2013년 9월 23일 17시,월요일,충청북도 증평군 증평읍,중상사고,0,1,0,0,차대사람 - 차도통행중,안전운전불이행,건조,맑음,단일로 - 기타,승용,여,46세,상해없음,보행자,여,69세,중상
2013092300100378,2013년 9월 23일 17시,월요일,충청북도 청주시 흥덕구 가경동,경상사고,0,0,1,0,차대차 - 측면직각충돌,안전운전불이행,건조,맑음,단일로 - 기타,승용,여,38세,상해없음,자전거,남,13세,경상
2013092300100414,2013년 9월 23일 18시,월요일,충청북도 청주시 흥덕구 사창동,중상사고,0,2,0,0,차대사람 - 보도통행중,기타,건조,맑음,단일로 - 기타,승용,여,57세,중상,보행자,남,50세,중상
2013092300100448,2013년 9월 23일 19시,월요일,충청북도 충주시 금가면,중상사고,0,1,3,0,차대차 - 기타,안전운전불이행,건조,맑음,단일로 - 기타,화물,남,38세,경상,승용,남,44세,경상
2013092300100449,2013년 9월 23일 19시,월요일,충청북도 충주시 연수동,중상사고,0,1,0,0,차대차 - 추돌 - 진행중,신호위반,건조,맑음,기타 - 기타,승용,남,50세,상해없음,승용,남,41세,중상
2013092300100450,2013년 9월 23일 19시,월요일,충청북도 청주시 상당구 명암동,중상사고,0,2,1,0,차대차 - 정면충돌,중앙선침범,건조,맑음,단일로 - 기타,승용,남,51세,상해없음,승합,남,59세,중상
2013092300100475,2013년 9월 23일 20시,월요일,충청북도 청주시 흥덕구 가경동,중상사고,0,1,0,0,차대차 - 측면직각충돌,신호위반,건조,맑음,교차로 - 교차로안,승용,여,49세,상해없음,이륜,남,27세,중상
2013092400100047,2013년 9월 24일 04시,화요일,충청북도 충주시 연수동,경상사고,0,0,1,0,차대차 - 기타,중앙선침범,건조,맑음,교차로 - 교차로부근,승용,남,38세,상해없음,승용,남,46세,경상
2013092400100064,2013년 9월 24일 06시,화요일,충청북도 청원군 옥산면,경상사고,0,0,3,0,차대차 - 기타,신호위반,건조,맑음,교차로 - 교차로안,화물,기타불명,기타불명,기타불명,승합,남,48세,상해없음
2013092400100079,2013년 9월 24일 07시,화요일,충청북도 청주시 상당구 내덕동,중상사고,0,1,0,0,차대차 - 기타,신호위반,건조,맑음,교차로 - 교차로안,승용,남,66세,상해없음,이륜,남,45세,중상
2013092400100112,2013년 9월 24일 08시,화요일,충청북도 청주시 상당구 우암동,경상사고,0,0,1,0,차대차 - 기타,안전운전불이행,건조,맑음,단일로 - 횡단보도상,승용,남,63세,상해없음,자전거,남,21세,경상