사고번호,사고일시,요일,시군구,사고내용,사망자수,중상자수,경상자수,부상신고자수,사고유형,법규위반,노면상태,기상상태,도로형태,가해운전자 차종,가해운전자 성별,가해운전자 연령,가해운전자 상해정도,피해운전자 차종,피해운전자 성별,피해운전자 연령,피해운전자 상해정도
2013092400100145,2013년 9월 24일 09시,화요일,충청북도 청주시 흥덕구 분평동,부상신고사고,0,0,0,1,차대차 - 기타,불법유턴,건조,맑음,교차로 - 교차로안,자전거,남,21세,부상신고,승용,남,55세,상해없음
2013092400100209,2013년 9월 24일 11시,화요일,충청북도 청주시 흥덕구 가경동,경상사고,0,0,1,0,차대차 - 측면직각충돌,안전운전불이행,습기,비,교차로 - 교차로부근,화물,남,53세,상해없음,이륜,남,22세,경상
2013092400100230,2013년 9월 24일 12시,화요일,충청북도 음성군 생극면,부상신고사고,0,0,0,1,차대사람 - 기타,안전운전불이행,습기,흐림,단일로 - 기타,건설기계,남,40세,상해없음,보행자,남,48세,부상신고
2013092400100272,2013년 9월 24일 14시,화요일,충청북도 영동군 영동읍,사망사고,1,0,0,0,차대차 - 추돌 - 주정차중,안전운전불이행,습기,비,교차로 - 교차로부근,원동기,남,66세,사망,건설기계,남,42세,상해없음
2013092400100321,2013년 9월 24일 16시,화요일,충청북도 충주시 성내동,경상사고,0,0,1,0,차대차 - 기타,신호위반,건조,맑음,교차로 - 교차로안,자전거,남,27세,경상,승용,여,60세,상해없음
2013092400100322,2013년 9월 24일 16시,화요일,충청북도 제천시 청풍면,경상사고,0,0,1,0,차대차 - 기타,중앙선침범,습기,비,단일로 - 기타,화물,남,37세,상해없음,승합,남,67세,경상
2013092400100349,2013년 9월 24일 17시,화요일,충청북도 진천군 진천읍,중상사고,0,1,1,0,차대차 - 추돌 - 주정차중,안전운전불이행,습기,비,단일로 - 기타,승용,남,73세,상해없음,승용,남,49세,중상
2013092400100350,2013년 9월 24일 17시,화요일,충청북도 청주시 흥덕구 가경동,경상사고,0,0,1,0,차대사람 - 횡단중,안전운전불이행,습기,비,교차로 - 교차로안,승합,여,44세,상해없음,보행자,여,30세,경상
2013092400100351,2013년 9월 24일 17시,화요일,충청북도 청원군 현도면,경상사고,0,0,3,0,차대차 - 기타,교차로운행방법위반,습기,비,교차로 - 교차로안,승합,남,58세,경상,승용,남,58세,경상
2013092400100383,2013년 9월 24일 18시,화요일,충청북도 청주시 상당구 내덕동,경상사고,0,0,1,0,차대차 - 기타,안전운전불이행,습기,비,교차로 - 교차로부근,승용,남,43세,상해없음,자전거,남,53세,경상
2013092400100384,2013년 9월 24일 18시,화요일,충청북도 청주시 흥덕구 봉명동,경상사고,0,0,1,0,차대사람 - 횡단중,안전운전불이행,건조,맑음,교차로 - 교차로부근,승용,남,56세,상해없음,보행자,여,11세,경상
2013092400100420,2013년 9월 24일 19시,화요일,충청북도 청주시 상당구 금천동,중상사고,0,1,0,0,차대사람 - 기타,중앙선침범,습기,비,단일로 - 기타,승용,여,55세,상해없음,보행자,남,45세,중상
2013092400100421,2013년 9월 24일 19시,화요일,충청북도 옥천군 옥천읍,경상사고,0,0,1,0,차대차 - 측면직각충돌,안전운전불이행,건조,맑음,교차로 - 교차로안,승용,남,70세,상해없음,승용,남,25세,경상
2013092400100456,2013년 9월 24일 20시,화요일,충청북도 음성군 음성읍,경상사고,0,0,1,0,차대차 - 기타,안전운전불이행,습기,비,교차로 - 교차로안,화물,남,59세,상해없음,승용,남,35세,경상
2013092400100457,2013년 9월 24일 20시,화요일,충청북도 청주시 흥덕구 복대동,경상사고,0,0,1,0,차대차 - 추돌 - 주정차중,안전운전불이행,건조,맑음,교차로 - 교차로부근,승용,남,35세,상해없음,승용,남,29세,경상
2013092400100512,2013년 9월 24일 22시,화요일,충청북도 청주시 흥덕구 가경동,중상사고,0,1,4,0,차대차 - 추돌 - 진행중,교차로운행방법위반,습기,흐림,교차로 - 교차로안,화물,남,45세,경상,승용,남,51세,경상
2013092400100513,2013년 9월 24일 22시,화요일,충청북도 청주시 흥덕구 수곡동,경상사고,0,0,1,0,차대차 - 측면직각충돌,직진우회전진행방해,습기,비,교차로 - 교차로안,승용,여,29세,상해없음,원동기,남,48세,경상
2013092400100540,2013년 9월 24일 23시,화요일,충청북도 음성군 음성읍,중상사고,0,1,0,0,차대사람 - 기타,안전운전불이행,습기,흐림,기타 - 기타,승용,남,50세,상해없음,보행자,남,57세,중상
2013092500100010,2013년 9월 25일 00시,수요일,충청북도 청주시 흥덕구 사창동,사망사고,1,0,0,0,차대사람 - 횡단중,안전운전불이행,건조,맑음,단일로 - 기타,승용,남,30세,상해없음,보행자,여,59세,사망
2013092500100011,2013년 9월 25일 00시,수요일,충청북도 청주시 흥덕구 산남동,경상사고,0,0,1,0,차대차 - 기타,안전운전불이행,건조,맑음,교차로 - 교차로부근,승용,남,31세,상해없음,승용,남,49세,경상
2013092500100046,2013년 9월 25일 03시,수요일,충청북도 제천시 중앙로2가,경상사고,0,0,5,0,차대차 - 기타,교차로운행방법위반,건조,맑음,교차로 - 교차로안,기타불명,기타불명,기타불명,기타불명,승용,남,41세,경상
2013092500100118,2013년 9월 25일 08시,수요일,충청북도 충주시 가금면,중상사고,0,1,0,0,차대사람 - 기타,안전운전불이행,건조,맑음,교차로 - 교차로부근,기타불명,기타불명,기타불명,기타불명,보행자,여,68세,중상
2013092500100119,2013년 9월 25일 08시,수요일,충청북도 제천시 하소동,부상신고사고,0,0,0,1,차대차 - 기타,안전운전불이행,건조,맑음,교차로 - 교차로부근,승용,여,30세,부상신고,승용,여,43세,상해없음
2013092500100120,2013년 9월 25일 08시,수요일,충청북도 단양군 대강면,중상사고,0,1,0,0,차량단독 - 도로외이탈 - 기타,안전운전불이행,습기,흐림,단일로 - 기타,승용,남,51세,중상,,,,
2013092500100121,2013년 9월 25일 08시,수요일,충청북도 청주시 흥덕구 향정동,중상사고,0,1,1,0,차대차 - 측면직각충돌,교차로운행방법위반,건조,맑음,교차로 - 교차로안,승용,남,64세,중상,승용,여,48세,경상
2013092500100122,2013년 9월 25일 08시,수요일,충청북도 청주시 상당구 용암동,중상사고,0,1,0,0,차대사람 - 기타,보행자보호의무위반,건조,맑음,교차로 - 교차로안,승용,여,43세,상해없음,보행자,여,48세,중상
2013092500100158,2013년 9월 25일 09시,수요일,충청북도 청원군 내수읍,중상사고,0,1,0,0,차대차 - 추돌 - 주정차중,안전운전불이행,건조,맑음,단일로 - 기타,승용,기타불명,기타불명,기타불명,승용,여,45세,중상
2013092500100159,2013년 9월 25일 09시,수요일,충청북도 청주시 흥덕구 가경동,경상사고,0,0,1,0,차대차 - 측면직각충돌,안전운전불이행,건조,맑음,교차로 - 교차로부근,화물,남,39세,상해없음,승용,남,42세,경상
2013092500100195,2013년 9월 25일 10시,수요일,충청북도 청원군 오창읍,경상사고,0,0,1,0,차대차 - 추돌 - 주정차중,안전운전불이행,건조,맑음,교차로 - 교차로부근,승용,남,67세,기타불명,승용,남,38세,경상
2013092500100368,2013년 9월 25일 16시,수요일,충청북도 괴산군 청천면,사망사고,1,0,0,0,차량단독 - 전도전복,안전운전불이행,건조,맑음,단일로 - 기타,농기계,남,53세,사망,,,,
2013092500100410,2013년 9월 25일 17시,수요일,충청북도 단양군 단양읍,중상사고,0,1,0,0,차대차 - 측면직각충돌,직진우회전진행방해,건조,맑음,교차로 - 교차로안,승용,남,62세,상해없음,승용,남,62세,중상
2013092500100411,2013년 9월 25일 17시,수요일,충청북도 진천군 진천읍,중상사고,0,1,0,0,차대차 - 기타,차로위반,건조,맑음,단일로 - 기타,승용,남,48세,상해없음,이륜,남,70세,중상
2013092500100444,2013년 9월 25일 18시,수요일,충청북도 보은군 보은읍,중상사고,0,1,1,0,차대차 - 측면직각충돌,안전운전불이행,건조,기타,교차로 - 교차로안,승용,여,56세,경상,화물,남,50세,중상
2013092500100445,2013년 9월 25일 18시,수요일,충청북도 진천군 이월면,경상사고,0,0,2,0,차대차 - 측면직각충돌,안전운전불이행,건조,맑음,교차로 - 교차로안,승용,여,36세,경상,승용,여,52세,경상
2013092500100446,2013년 9월 25일 18시,수요일,충청북도 청주시 흥덕구 봉명동,경상사고,0,0,4,0,차대차 - 측면직각충돌,신호위반,건조,맑음,교차로 - 교차로안,승용,여,60세,경상,화물,남,42세,경상
2013092500100491,2013년 9월 25일 19시,수요일,충청북도 증평군 증평읍,경상사고,0,0,4,0,차대차 - 측면직각충돌,신호위반,건조,맑음,교차로 - 교차로안,승용,남,36세,경상,승용,남,25세,경상
2013092500100492,2013년 9월 25일 19시,수요일,충청북도 청주시 상당구 영운동,경상사고,0,0,1,0,차대차 - 기타,안전운전불이행,건조,맑음,단일로 - 기타,승용,여,39세,상해없음,승용,남,29세,경상
2013092500100536,2013년 9월 25일 20시,수요일,충청북도 청주시 흥덕구 송정동,경상사고,0,0,1,0,차대차 - 측면직각충돌,교차로운행방법위반,건조,맑음,교차로 - 교차로안,승용,여,45세,상해없음,승용,남,28세,경상
2013092500100565,2013년 9월 25일 21시,수요일,충청북도 영동군 영동읍,경상사고,0,0,1,0,차대사람 - 기타,안전운전불이행,건조,맑음,교차로 - 교차로안,승용,여,46세,상해없음,보행자,남,49세,경상
2013092500100566,2013년 9월 25일 21시,수요일,충청북도 청주시 상당구 용암동,경상사고,0,0,1,0,차대차 - 기타,안전운전불이행,건조,맑음,단일로 - 기타,승용,남,48세,상해없음,승용,남,50세,경상
2013092600100012,2013년 9월 26일 00시,목요일,충청북도 충주시 연수동,경상사고,0,0,2,0,차대차 - 추돌 - 진행중,교차로운행방법위반,건조,맑음,교차로 - 교차로안,승용,남,62세,상해없음,승용,남,45세,경상
2013092600100110,2013년 9월 26일 07시,목요일,충청북도 청주시 상당구 용암동,경상사고,0,0,1,0,차대차 - 기타,신호위반,건조,맑음,교차로 - 교차로부근,승용,남,51세,상해없음,승합,남,52세,경상
2013092600100151,2013년 9월 26일 08시,목요일,충청북도 청주시 흥덕구 성화동,경상사고,0,0,1,0,차대사람 - 횡단중,신호위반,건조,맑음,단일로 - 기타,기타불명,기타불명,기타불명,기타불명,보행자,여,14세,경상
2013092600100184,2013년 9월 26일 09시,목요일,충청북도 청주시 상당구 내덕동,중상사고,0,1,0,0,차대차 - 기타,교차로운행방법위반,건조,맑음,교차로 - 교차로안,승용,여,45세,상해없음,승용,남,57세,상해없음
2013092600100185,2013년 9월 26일 09시,목요일,충청북도 청주시 흥덕구 가경동,중상사고,0,1,0,0,차대사람 - 횡단중,안전운전불이행,건조,맑음,단일로 - 횡단보도상,승용,남,74세,상해없음,보행자,여,14세,중상
2013092600100241,2013년 9월 26일 11시,목요일,충청북도 보은군 보은읍,경상사고,0,0,2,0,차대사람 - 차도통행중,교차로운행방법위반,건조,맑음,교차로 - 교차로부근,원동기,남,75세,상해없음,보행자,남,61세,경상
2013092600100315,2013년 9월 26일 14시,목요일,충청북도 충주시 문화동,중상사고,0,1,0,0,차대차 - 추돌 - 진행중,교차로운행방법위반,건조,맑음,교차로 - 교차로안,승용,남,39세,상해없음,이륜,남,72세,중상
2013092600100357,2013년 9월 26일 15시,목요일,충청북도 청주시 흥덕구 복대동,중상사고,0,1,0,0,차대차 - 추돌 - 진행중,안전운전불이행,건조,맑음,교차로 - 교차로부근,승용,남,58세,상해없음,승용,여,64세,중상
2013092600100389,2013년 9월 26일 16시,목요일,충청북도 청주시 상당구 우암동,경상사고,0,0,1,0,차대사람 - 기타,안전운전불이행,건조,맑음,단일로 - 기타,기타불명,기타불명,기타불명,기타불명,보행자,남,11세,경상
2013092600100435,2013년 9월 26일 17시,목요일,충청북도 제천시 봉양읍,경상사고,0,0,2,0,차대차 - 기타,안전운전불이행,건조,맑음,단일로 - 기타,건설기계,남,47세,상해없음,승용,남,52세,경상
2013092600100436,2013년 9월 26일 17시,목요일,충청북도 청주시 흥덕구 복대동,중상사고,0,1,0,0,차대사람 - 길가장자리구역통행중,안전운전불이행,건조,맑음,단일로 - 기타,승합,남,37세,상해없음,보행자,남,5세,중상
2013092600100437,2013년 9월 26일 17시,목요일,충청북도 청주시 흥덕구 분평동,중상사고,0,2,0,0,차대차 - 기타,안전운전불이행,건조,맑음,교차로 - 교차로안,승용,여,47세,중상,승용,남,59세,중상
2013092600100482,2013년 9월 26일 18시,목요일,충청북도 충주시 수안보면,중상사고,0,1,1,1,차대차 - 기타,신호위반,건조,맑음,교차로 - 교차로안,승용,남,26세,부상신고,화물,남,35세,경상
2013092600100483,2013년 9월 26일 18시,목요일,충청북도 보은군 수한면,중상사고,0,1,0,0,차대차 - 측면직각충돌,교차로운행방법위반,건조,맑음,교차로 - 교차로안,화물,여,53세,상해없음,화물,남,56세,중상
2013092600100563,2013년 9월 26일 20시,목요일,충청북도 영동군 추풍령면,중상사고,0,1,0,0,차대사람 - 길가장자리구역통행중,안전운전불이행,건조,맑음,단일로 - 기타,화물,남,60세,상해없음,보행자,여,72세,중상
2013092600100564,2013년 9월 26일 20시,목요일,충청북도 진천군 이월면,사망사고,1,0,2,0,차대차 - 추돌 - 주정차중,안전운전불이행,건조,맑음,교차로 - 교차로부근,화물,남,65세,사망,승용,남,40세,경상
2013092600100565,2013년 9월 26일 20시,목요일,충청북도 청원군 강내면,경상사고,0,0,2,0,차대사람 - 횡단중,안전운전불이행,건조,맑음,단일로 - 횡단보도상,승용,남,37세,상해없음,보행자,남,62세,경상
2013092600100591,2013년 9월 26일 21시,목요일,충청북도 청주시 상당구 사천동,중상사고,0,1,0,0,차대차 - 기타,안전운전불이행,건조,맑음,기타 - 기타,승용,여,51세,중상,승합,남,61세,상해없음
2013092600100592,2013년 9월 26일 21시,목요일,충청북도 청원군 남이면,중상사고,0,1,0,0,차대차 - 기타,안전운전불이행,건조,맑음,교차로 - 교차로부근,자전거,남,44세,중상,화물,남,37세,상해없음
2013092600100618,2013년 9월 26일 22시,목요일,충청북도 충주시 교현동,중상사고,0,1,0,0,차대차 - 기타,안전운전불이행,건조,맑음,단일로 - 기타,승합,남,22세,상해없음,승용,남,34세,중상
2013092600100619,2013년 9월 26일 22시,목요일,충청북도 충주시 산척면,중상사고,0,2,0,0,차량단독 - 전도전복,안전운전불이행,건조,맑음,단일로 - 기타,승용,여,32세,중상,,,,
2013092600100646,2013년 9월 26일 23시,목요일,충청북도 청주시 상당구 율량동,경상사고,0,0,1,0,차대차 - 기타,안전운전불이행,건조,맑음,단일로 - 기타,승용,남,57세,상해없음,승용,남,29세,경상
2013092600100647,2013년 9월 26일 23시,목요일,충청북도 충주시 교현동,부상신고사고,0,0,0,1,차대차 - 기타,안전운전불이행,건조,맑음,단일로 - 기타,자전거,남,55세,부상신고,승용,남,47세,상해없음
2013092600100648,2013년 9월 26일 23시,목요일,충청북도 증평군 증평읍,경상사고,0,0,1,0,차대차 - 측면직각충돌,안전운전불이행,건조,맑음,단일로 - 기타,화물,남,44세,상해없음,승용,남,25세,경상
2013092600100649,2013년 9월 26일 23시,목요일,충청북도 청주시 흥덕구 가경동,부상신고사고,0,0,0,1,차대차 - 기타,교차로운행방법위반,건조,맑음,교차로 - 교차로안,승합,남,38세,상해없음,승용,여,32세,부상신고
2013092600100650,2013년 9월 26일 23시,목요일,충청북도 청주시 상당구 영운동,경상사고,0,0,1,0,차량단독 - 기타,안전운전불이행,건조,맑음,단일로 - 기타,승용,남,48세,상해없음,,,,
2013092700100031,2013년 9월 27일 01시,금요일,충청북도 청주시 흥덕구 지동동,경상사고,0,0,1,0,차량단독 - 전도전복,안전운전불이행,건조,맑음,단일로 - 기타,승용,남,36세,경상,,,,
2013092700100058,2013년 9월 27일 05시,금요일,충청북도 영동군 양강면,사망사고,1,0,0,0,차대차 - 기타,안전운전불이행,건조,맑음,단일로 - 기타,화물,남,75세,사망,건설기계,남,39세,상해없음
2013092700100095,2013년 9월 27일 07시,금요일,충청북도 진천군 진천읍,경상사고,0,0,1,0,차대사람 - 기타,안전운전불이행,건조,맑음,기타 - 기타,화물,남,50세,상해없음,보행자,여,30세,경상
2013092700100143,2013년 9월 27일 08시,금요일,충청북도 청주시 흥덕구 가경동,경상사고,0,0,3,0,차대차 - 측면직각충돌,안전운전불이행,건조,맑음,단일로 - 기타,승용,여,39세,경상,승용,남,68세,경상
2013092700100176,2013년 9월 27일 09시,금요일,충청북도 음성군 금왕읍,중상사고,0,1,1,0,차대차 - 기타,안전거리미확보,건조,맑음,단일로 - 기타,기타불명,기타불명,기타불명,기타불명,승용,여,51세,중상
2013092700100177,2013년 9월 27일 09시,금요일,충청북도 옥천군 옥천읍,중상사고,0,1,0,0,차대차 - 측면직각충돌,교차로운행방법위반,건조,맑음,교차로 - 교차로안,승용,여,44세,상해없음,자전거,여,67세,중상
2013092700100243,2013년 9월 27일 11시,금요일,충청북도 충주시 가금면,사망사고,1,0,0,0,차량단독 - 공작물충돌,안전운전불이행,건조,맑음,단일로 - 교량,승합,남,45세,사망,,,,
2013092700100244,2013년 9월 27일 11시,금요일,충청북도 증평군 증평읍,중상사고,0,1,1,0,차대차 - 추돌 - 주정차중,안전운전불이행,건조,맑음,교차로 - 교차로부근,승용,남,41세,경상,승용,여,45세,중상
2013092700100245,2013년 9월 27일 11시,금요일,충청북도 음성군 생극면,경상사고,0,0,1,0,차대차 - 기타,안전운전불이행,건조,맑음,단일로 - 기타,화물,남,32세,상해없음,이륜,남,75세,경상
2013092700100295,2013년 9월 27일 13시,금요일,충청북도 영동군 추풍령면,사망사고,1,0,0,0,차대차 - 측면직각충돌,교차로운행방법위반,건조,맑음,교차로 - 교차로안,원동기,여,57세,사망,건설기계,남,29세,상해없음
2013092700100364,2013년 9월 27일 15시,금요일,충청북도 청원군 오창읍,중상사고,0,1,0,0,차대차 - 측면직각충돌,안전운전불이행,건조,맑음,단일로 - 기타,화물,남,56세,상해없음,승용,여,30세,중상
2013092700100365,2013년 9월 27일 15시,금요일,충청북도 충주시 신니면,중상사고,0,2,2,0,차대차 - 측면직각충돌,신호위반,건조,맑음,교차로 - 교차로안,화물,남,53세,중상,화물,남,52세,경상
2013092700100401,2013년 9월 27일 16시,금요일,충청북도 청원군 남이면,중상사고,0,1,0,0,차대차 - 기타,안전운전불이행,건조,맑음,단일로 - 기타,화물,남,65세,상해없음,화물,남,48세,중상
2013092700100440,2013년 9월 27일 17시,금요일,충청북도 옥천군 군서면,중상사고,0,2,0,0,차대차 - 측면직각충돌,교차로운행방법위반,건조,맑음,교차로 - 교차로안,승용,남,51세,상해없음,이륜,남,30세,중상
2013092700100489,2013년 9월 27일 18시,금요일,충청북도 청원군 오창읍,중상사고,0,1,0,0,차대차 - 추돌 - 진행중,안전운전불이행,건조,맑음,단일로 - 기타,승용,여,30세,상해없음,농기계,남,51세,중상
2013092700100490,2013년 9월 27일 18시,금요일,충청북도 청주시 상당구 내덕동,경상사고,0,0,2,0,차대차 - 추돌 - 진행중,안전운전불이행,건조,맑음,단일로 - 기타,승용,남,31세,상해없음,원동기,남,31세,경상
2013092700100491,2013년 9월 27일 18시,금요일,충청북도 음성군 금왕읍,경상사고,0,0,1,0,차대차 - 기타,안전운전불이행,건조,맑음,교차로 - 교차로부근,승용,남,65세,상해없음,승용,남,29세,경상
2013092700100492,2013년 9월 27일 18시,금요일,충청북도 진천군 진천읍,경상사고,0,0,2,0,차대차 - 측면직각충돌,중앙선침범,건조,맑음,교차로 - 교차로부근,승용,여,38세,상해없음,화물,남,33세,경상
2013092700100539,2013년 9월 27일 19시,금요일,충청북도 청원군 오창읍,중상사고,0,1,1,0,차대차 - 추돌 - 진행중,안전운전불이행,건조,맑음,단일로 - 기타,승용,남,62세,상해없음,승용,여,59세,중상
2013092700100592,2013년 9월 27일 20시,금요일,충청북도 충주시 칠금동,경상사고,0,0,1,0,차대차 - 측면직각충돌,직진우회전진행방해,건조,맑음,교차로 - 교차로안,승용,남,47세,상해없음,승용,남,47세,상해없음
2013092700100593,2013년 9월 27일 20시,금요일,충청북도 충주시 살미면,경상사고,0,0,1,0,차대차 - 추돌 - 주정차중,안전운전불이행,건조,맑음,교차로 - 교차로부근,승용,남,41세,상해없음,승용,여,34세,경상
2013092700100594,2013년 9월 27일 20시,금요일,충청북도 영동군 영동읍,중상사고,0,1,1,0,차대차 - 기타,안전운전불이행,건조,맑음,교차로 - 교차로안,승용,여,52세,상해없음,승용,남,40세,경상
2013092700100632,2013년 9월 27일 21시,금요일,충청북도 증평군 증평읍,중상사고,0,1,0,0,차대사람 - 기타,안전운전불이행,건조,맑음,단일로 - 기타,승용,남,27세,상해없음,보행자,여,3세,중상
2013092700100670,2013년 9월 27일 22시,금요일,충청북도 청주시 상당구 율량동,경상사고,0,0,1,0,차대차 - 측면직각충돌,교차로운행방법위반,건조,맑음,교차로 - 교차로안,기타불명,기타불명,기타불명,기타불명,자전거,남,17세,경상
2013092700100701,2013년 9월 27일 23시,금요일,충청북도 청주시 상당구 율량동,중상사고,0,2,0,0,차대차 - 추돌 - 진행중,안전운전불이행,건조,맑음,교차로 - 교차로부근,승용,남,45세,상해없음,승용,여,39세,중상
2013092700100702,2013년 9월 27일 23시,금요일,충청북도 제천시 의림동,경상사고,0,0,2,0,차대차 - 기타,직진우회전진행방해,건조,맑음,교차로 - 교차로안,승용,남,49세,상해없음,승용,남,51세,경상
2013092800100013,2013년 9월 28일 00시,토요일,충청북도 제천시 백운면,부상신고사고,0,0,0,1,차대차 - 기타,안전거리미확보,건조,맑음,단일로 - 기타,승용,남,22세,부상신고,화물,남,38세,상해없음
2013092800100014,2013년 9월 28일 00시,토요일,충청북도 음성군 원남면,중상사고,0,2,0,0,차대차 - 기타,신호위반,건조,맑음,교차로 - 교차로안,승용,남,52세,중상,승용,남,59세,중상
2013092800100060,2013년 9월 28일 02시,토요일,충청북도 청주시 흥덕구 사창동,경상사고,0,0,1,0,차대차 - 측면직각충돌,신호위반,건조,맑음,교차로 - 교차로안,이륜,남,17세,경상,승용,남,57세,상해없음
2013092800100137,2013년 9월 28일 07시,토요일,충청북도 청주시 상당구 외하동,경상사고,0,0,1,0,차대차 - 추돌 - 진행중,안전운전불이행,건조,맑음,단일로 - 기타,승합,남,39세,상해없음,승용,남,36세,경상
2013092800100138,2013년 9월 28일 07시,토요일,충청북도 청주시 흥덕구 산남동,중상사고,0,1,0,0,차대차 - 추돌 - 진행중,안전운전불이행,건조,맑음,단일로 - 터널,승용,남,57세,상해없음,농기계,남,66세,중상
2013092800100160,2013년 9월 28일 08시,토요일,충청북도 청주시 흥덕구 모충동,경상사고,0,0,1,0,차대차 - 측면직각충돌,안전운전불이행,건조,맑음,단일로 - 기타,자전거,남,35세,상해없음,자전거,남,25세,경상
2013092800100203,2013년 9월 28일 10시,토요일,충청북도 청주시 상당구 용암동,중상사고,0,1,0,0,차대사람 - 횡단중,안전운전불이행,건조,맑음,교차로 - 교차로안,승용,남,39세,상해없음,보행자,여,69세,중상
2013092800100204,2013년 9월 28일 10시,토요일,충청북도 청원군 남이면,경상사고,0,0,1,0,차대차 - 기타,안전운전불이행,건조,맑음,단일로 - 기타,승용,남,59세,경상,화물,남,43세,상해없음
2013092800100241,2013년 9월 28일 11시,토요일,충청북도 충주시 대소원면,중상사고,0,1,2,0,차대차 - 추돌 - 진행중,안전거리미확보,건조,맑음,교차로 - 교차로안,화물,남,59세,상해없음,승합,남,54세,경상
2013092800100260,2013년 9월 28일 12시,토요일,충청북도 청주시 상당구 사천동,경상사고,0,0,1,0,차대사람 - 횡단중,안전운전불이행,건조,맑음,단일로 - 기타,승용,여,56세,상해없음,보행자,남,7세,경상
2013092800100261,2013년 9월 28일 12시,토요일,충청북도 청원군 문의면,경상사고,0,0,1,0,차대차 - 기타,안전운전불이행,건조,맑음,단일로 - 기타,승용,남,72세,상해없음,승용,남,54세,경상
2013092800100283,2013년 9월 28일 13시,토요일,충청북도 청원군 오창읍,경상사고,0,0,3,0,차대차 - 추돌 - 진행중,안전운전불이행,건조,맑음,교차로 - 교차로안,승용,남,29세,경상,승용,남,31세,경상
2013092800100333,2013년 9월 28일 15시,토요일,충청북도 청주시 흥덕구 향정동,경상사고,0,0,1,1,차대차 - 정면충돌,안전운전불이행,건조,흐림,단일로 - 기타,승용,남,23세,상해없음,승용,여,31세,부상신고
2013092800100401,2013년 9월 28일 17시,토요일,충청북도 청주시 흥덕구 복대동,경상사고,0,0,1,0,차대차 - 추돌 - 주정차중,안전운전불이행,건조,맑음,교차로 - 교차로부근,승용,남,57세,상해없음,승용,남,30세,경상
2013092800100402,2013년 9월 28일 17시,토요일,충청북도 청주시 흥덕구 사직동,중상사고,0,1,0,0,차대사람 - 횡단중,보행자보호의무위반,습기,비,교차로 - 교차로안,승용,남,61세,상해없음,보행자,여,37세,중상
2013092800100446,2013년 9월 28일 18시,토요일,충청북도 청주시 흥덕구 사직동,경상사고,0,0,2,0,차대차 - 추돌 - 주정차중,안전운전불이행,습기,흐림,단일로 - 횡단보도부근,승용,남,32세,상해없음,승용,남,55세,경상
2013092800100510,2013년 9월 28일 19시,토요일,충청북도 청원군 내수읍,중상사고,0,3,2,0,차대차 - 기타,안전거리미확보,건조,흐림,단일로 - 기타,승용,여,34세,상해없음,승용,남,52세,중상
2013092800100511,2013년 9월 28일 19시,토요일,충청북도 음성군 대소면,중상사고,0,3,2,0,차대차 - 기타,안전운전불이행,습기,비,교차로 - 교차로부근,승용,남,49세,상해없음,승용,남,43세,중상
2013092800100603,2013년 9월 28일 21시,토요일,충청북도 청주시 흥덕구 복대동,중상사고,0,1,2,0,차대차 - 측면직각충돌,신호위반,습기,흐림,교차로 - 교차로부근,승용,남,55세,상해없음,승용,남,53세,중상
2013092800100604,2013년 9월 28일 21시,토요일,충청북도 청주시 흥덕구 봉명동,중상사고,0,1,0,0,차대사람 - 기타,안전운전불이행,건조,맑음,단일로 - 기타,승용,남,31세,상해없음,보행자,남,58세,중상
2013092800100651,2013년 9월 28일 22시,토요일,충청북도 청주시 흥덕구 가경동,경상사고,0,0,2,0,차대차 - 추돌 - 진행중,안전거리미확보,건조,맑음,단일로 - 기타,승용,남,27세,상해없음,승용,남,35세,경상
2013092800100692,2013년 9월 28일 23시,토요일,충청북도 청주시 흥덕구 개신동,경상사고,0,0,2,0,차대차 - 추돌 - 진행중,안전운전불이행,건조,맑음,단일로 - 기타,승용,남,49세,경상,승용,남,51세,경상
2013092900100055,2013년 9월 29일 01시,일요일,충청북도 청주시 상당구 수동,경상사고,0,0,1,0,차대차 - 기타,교차로운행방법위반,습기,비,교차로 - 교차로안,승용,남,29세,상해없음,승용,남,40세,상해없음
2013092900100145,2013년 9월 29일 05시,일요일,충청북도 청주시 흥덕구 가경동,중상사고,0,1,2,0,차대차 - 측면직각충돌,신호위반,습기,비,교차로 - 교차로안,승용,남,28세,상해없음,승용,남,33세,중상
2013092900100146,2013년 9월 29일 05시,일요일,충청북도 청원군 강내면,중상사고,0,3,2,0,차대차 - 추돌 - 주정차중,안전운전불이행,습기,비,교차로 - 교차로부근,승용,남,26세,상해없음,승용,남,67세,중상
2013092900100186,2013년 9월 29일 08시,일요일,충청북도 충주시 앙성면,사망사고,4,0,0,0,차량단독 - 공작물충돌,안전운전불이행,습기,비,단일로 - 기타,승용,여,58세,사망,,,,
2013092900100187,2013년 9월 29일 08시,일요일,충청북도 단양군 단양읍,중상사고,0,1,2,0,차대차 - 측면직각충돌,안전운전불이행,습기,흐림,단일로 - 기타,승용,남,37세,상해없음,승합,남,52세,중상