사고번호,사고일시,요일,시군구,사고내용,사망자수,중상자수,경상자수,부상신고자수,사고유형,법규위반,노면상태,기상상태,도로형태,가해운전자 차종,가해운전자 성별,가해운전자 연령,가해운전자 상해정도,피해운전자 차종,피해운전자 성별,피해운전자 연령,피해운전자 상해정도
2013092900100241,2013년 9월 29일 11시,일요일,충청북도 충주시 목행동,경상사고,0,0,2,0,차대차 - 기타,직진우회전진행방해,습기,비,교차로 - 교차로안,승용,남,42세,상해없음,승용,남,53세,경상
2013092900100242,2013년 9월 29일 11시,일요일,충청북도 음성군 삼성면,경상사고,0,0,1,0,차대사람 - 횡단중,안전운전불이행,습기,비,단일로 - 기타,승용,남,37세,상해없음,보행자,여,46세,경상
2013092900100259,2013년 9월 29일 12시,일요일,충청북도 충주시 연수동,경상사고,0,0,4,0,차대차 - 기타,안전운전불이행,건조,맑음,단일로 - 기타,화물,남,53세,상해없음,승용,남,30세,경상
2013092900100260,2013년 9월 29일 12시,일요일,충청북도 진천군 덕산면,중상사고,0,1,2,0,차대차 - 추돌 - 진행중,안전운전불이행,습기,흐림,교차로 - 교차로안,승용,남,63세,상해없음,승용,남,72세,경상
2013092900100281,2013년 9월 29일 13시,일요일,충청북도 청주시 흥덕구 봉명동,경상사고,0,0,5,0,차대차 - 측면직각충돌,차로위반,습기,비,단일로 - 기타,화물,남,40세,경상,승용,남,23세,경상
2013092900100309,2013년 9월 29일 14시,일요일,충청북도 제천시 청전동,중상사고,0,2,2,0,차대차 - 기타,안전거리미확보,습기,비,교차로 - 교차로부근,승용,남,21세,상해없음,승용,남,51세,상해없음
2013092900100310,2013년 9월 29일 14시,일요일,충청북도 청주시 흥덕구 향정동,경상사고,0,0,1,0,차대차 - 측면직각충돌,안전거리미확보,건조,맑음,단일로 - 기타,승용,남,53세,상해없음,승용,남,49세,경상
2013092900100343,2013년 9월 29일 15시,일요일,충청북도 청원군 미원면,중상사고,0,3,0,0,차대차 - 정면충돌,중앙선침범,습기,흐림,단일로 - 기타,승용,남,46세,중상,화물,남,61세,중상
2013092900100363,2013년 9월 29일 16시,일요일,충청북도 청주시 상당구 우암동,경상사고,0,0,3,0,차대차 - 측면직각충돌,안전운전불이행,건조,맑음,교차로 - 교차로안,화물,남,34세,상해없음,승용,남,34세,경상
2013092900100364,2013년 9월 29일 16시,일요일,충청북도 제천시 백운면,중상사고,0,1,2,0,차대차 - 측면직각충돌,직진우회전진행방해,건조,맑음,교차로 - 교차로안,승용,남,28세,상해없음,건설기계,남,41세,중상
2013092900100427,2013년 9월 29일 18시,일요일,충청북도 청주시 상당구 우암동,중상사고,0,2,0,0,차대차 - 추돌 - 주정차중,안전운전불이행,건조,맑음,교차로 - 교차로부근,승용,남,60세,상해없음,승용,남,47세,중상
2013092900100428,2013년 9월 29일 18시,일요일,충청북도 제천시 신월동,경상사고,0,0,1,0,차대차 - 측면직각충돌,직진우회전진행방해,습기,비,교차로 - 교차로안,승용,남,58세,상해없음,승용,남,36세,상해없음
2013092900100429,2013년 9월 29일 18시,일요일,충청북도 청주시 흥덕구 향정동,경상사고,0,0,1,0,차대차 - 추돌 - 주정차중,안전운전불이행,건조,맑음,교차로 - 교차로부근,화물,남,62세,상해없음,승용,남,59세,경상
2013092900100430,2013년 9월 29일 18시,일요일,충청북도 청원군 남이면,경상사고,0,0,1,0,차량단독 - 공작물충돌,안전운전불이행,습기,흐림,단일로 - 기타,승용,남,51세,경상,,,,
2013092900100466,2013년 9월 29일 19시,일요일,충청북도 제천시 모산동,중상사고,0,2,0,0,차대차 - 기타,안전운전불이행,습기,비,교차로 - 교차로안,승용,남,56세,상해없음,이륜,남,27세,중상
2013092900100467,2013년 9월 29일 19시,일요일,충청북도 청주시 흥덕구 운천동,경상사고,0,0,2,0,차대차 - 추돌 - 주정차중,안전운전불이행,습기,흐림,단일로 - 기타,승용,남,36세,상해없음,승용,남,55세,경상
2013092900100468,2013년 9월 29일 19시,일요일,충청북도 청주시 흥덕구 비하동,경상사고,0,0,4,0,차대차 - 측면직각충돌,안전운전불이행,건조,맑음,단일로 - 기타,승용,여,48세,경상,승용,남,23세,경상
2013092900100469,2013년 9월 29일 19시,일요일,충청북도 청주시 흥덕구 분평동,경상사고,0,0,1,0,차대차 - 추돌 - 주정차중,안전운전불이행,습기,비,단일로 - 기타,승합,남,49세,상해없음,화물,남,40세,경상
2013092900100512,2013년 9월 29일 20시,일요일,충청북도 청주시 상당구 주중동,경상사고,0,0,1,0,차대차 - 기타,안전운전불이행,건조,맑음,단일로 - 기타,승용,남,51세,상해없음,승용,남,29세,경상
2013092900100536,2013년 9월 29일 21시,일요일,충청북도 음성군 생극면,중상사고,0,1,0,0,차량단독 - 공작물충돌,안전운전불이행,습기,비,단일로 - 기타,승용,남,40세,중상,,,,
2013092900100589,2013년 9월 29일 23시,일요일,충청북도 청주시 흥덕구 가경동,경상사고,0,0,3,0,차대차 - 측면직각충돌,신호위반,건조,맑음,교차로 - 교차로안,승용,남,33세,상해없음,승용,여,49세,경상
2013093000100062,2013년 9월 30일 07시,월요일,충청북도 청주시 흥덕구 분평동,경상사고,0,0,1,0,차대차 - 기타,안전운전불이행,건조,맑음,교차로 - 교차로부근,승용,여,44세,상해없음,자전거,여,53세,경상
2013093000100100,2013년 9월 30일 08시,월요일,충청북도 청주시 상당구 석교동,경상사고,0,0,1,0,차대차 - 측면직각충돌,안전운전불이행,건조,맑음,기타 - 기타,화물,남,52세,상해없음,자전거,남,36세,경상
2013093000100101,2013년 9월 30일 08시,월요일,충청북도 충주시 주덕읍,중상사고,0,3,4,0,차대차 - 추돌 - 진행중,직진우회전진행방해,건조,맑음,교차로 - 교차로안,승용,남,46세,상해없음,화물,남,53세,경상
2013093000100144,2013년 9월 30일 09시,월요일,충청북도 청원군 내수읍,중상사고,0,1,0,0,차량단독 - 기타,안전운전불이행,건조,맑음,단일로 - 기타,승합,남,45세,상해없음,,,,
2013093000100145,2013년 9월 30일 09시,월요일,충청북도 청주시 상당구 용암동,경상사고,0,0,1,0,차대차 - 측면직각충돌,신호위반,건조,맑음,교차로 - 교차로안,승용,남,31세,상해없음,승용,남,39세,상해없음
2013093000100195,2013년 9월 30일 11시,월요일,충청북도 괴산군 괴산읍,경상사고,0,0,1,0,차대차 - 측면직각충돌,중앙선침범,습기,비,교차로 - 교차로부근,자전거,여,30세,경상,승용,남,38세,상해없음
2013093000100196,2013년 9월 30일 11시,월요일,충청북도 옥천군 옥천읍,경상사고,0,0,1,0,차대차 - 측면직각충돌,중앙선침범,건조,맑음,교차로 - 교차로부근,승용,남,61세,상해없음,이륜,남,73세,경상
2013093000100197,2013년 9월 30일 11시,월요일,충청북도 청주시 흥덕구 신봉동,경상사고,0,0,2,0,차대차 - 추돌 - 진행중,안전거리미확보,건조,맑음,교차로 - 교차로부근,승용,여,25세,경상,화물,남,34세,경상
2013093000100223,2013년 9월 30일 12시,월요일,충청북도 충주시 지현동,경상사고,0,0,1,0,차대차 - 추돌 - 진행중,직진우회전진행방해,건조,맑음,교차로 - 교차로안,승용,남,63세,상해없음,자전거,남,70세,경상
2013093000100224,2013년 9월 30일 12시,월요일,충청북도 제천시 영천동,중상사고,0,1,0,0,차대사람 - 기타,안전운전불이행,건조,맑음,단일로 - 횡단보도부근,승용,남,42세,상해없음,보행자,남,60세,중상
2013093000100248,2013년 9월 30일 13시,월요일,충청북도 제천시 교동,중상사고,0,1,0,0,차대차 - 기타,안전운전불이행,건조,맑음,교차로 - 교차로안,화물,남,40세,상해없음,자전거,남,75세,중상
2013093000100273,2013년 9월 30일 14시,월요일,충청북도 제천시 화산동,경상사고,0,0,1,0,차대사람 - 기타,안전운전불이행,건조,맑음,단일로 - 기타,승용,여,41세,상해없음,보행자,남,77세,경상
2013093000100296,2013년 9월 30일 15시,월요일,충청북도 청원군 강내면,중상사고,0,2,2,0,차대차 - 추돌 - 주정차중,안전운전불이행,건조,맑음,교차로 - 교차로부근,승용,남,57세,경상,승용,남,71세,중상
2013093000100326,2013년 9월 30일 16시,월요일,충청북도 충주시 성내동,경상사고,0,0,1,0,차대사람 - 기타,안전운전불이행,건조,맑음,단일로 - 기타,자전거,남,17세,상해없음,보행자,여,44세,경상
2013093000100327,2013년 9월 30일 16시,월요일,충청북도 청원군 남이면,경상사고,0,0,1,0,차대차 - 추돌 - 주정차중,안전운전불이행,건조,맑음,단일로 - 기타,승용,여,47세,상해없음,승용,남,68세,상해없음
2013093000100369,2013년 9월 30일 17시,월요일,충청북도 제천시 중앙로2가,부상신고사고,0,0,0,2,차대차 - 측면직각충돌,안전거리미확보,건조,맑음,단일로 - 기타,화물,남,51세,상해없음,승용,남,40세,부상신고
2013093000100403,2013년 9월 30일 18시,월요일,충청북도 청원군 오창읍,경상사고,0,0,4,0,차대차 - 추돌 - 진행중,안전운전불이행,건조,맑음,교차로 - 교차로부근,승용,남,44세,상해없음,승용,여,35세,경상
2013093000100404,2013년 9월 30일 18시,월요일,충청북도 제천시 고명동,경상사고,0,0,1,1,차대차 - 기타,안전거리미확보,건조,맑음,단일로 - 기타,승용,남,61세,상해없음,화물,남,47세,경상
2013093000100405,2013년 9월 30일 18시,월요일,충청북도 청원군 오송읍,경상사고,0,0,1,0,차대차 - 측면직각충돌,안전운전불이행,건조,맑음,교차로 - 교차로안,승용,남,26세,상해없음,자전거,남,15세,경상
2013093000100406,2013년 9월 30일 18시,월요일,충청북도 청원군 오송읍,경상사고,0,0,1,0,차대차 - 측면직각충돌,중앙선침범,건조,맑음,단일로 - 기타,승합,남,62세,상해없음,승용,남,42세,경상
2013093000100450,2013년 9월 30일 19시,월요일,충청북도 제천시 청전동,경상사고,0,0,1,0,차대사람 - 기타,기타,건조,맑음,교차로 - 교차로안,승용,남,57세,상해없음,보행자,여,18세,경상
2013093000100490,2013년 9월 30일 20시,월요일,충청북도 증평군 증평읍,경상사고,0,0,1,0,차대차 - 기타,안전운전불이행,건조,맑음,단일로 - 기타,기타불명,기타불명,기타불명,기타불명,자전거,남,12세,경상
2013093000100491,2013년 9월 30일 20시,월요일,충청북도 옥천군 옥천읍,경상사고,0,0,1,0,차대차 - 측면직각충돌,안전운전불이행,건조,맑음,단일로 - 기타,승용,남,62세,상해없음,이륜,남,19세,경상
2013093000100518,2013년 9월 30일 21시,월요일,충청북도 음성군 소이면,중상사고,0,1,0,0,차대사람 - 기타,안전운전불이행,건조,맑음,단일로 - 기타,승용,남,45세,상해없음,보행자,남,55세,중상
2013093000100566,2013년 9월 30일 23시,월요일,충청북도 제천시 하소동,경상사고,0,0,1,0,차대차 - 기타,직진우회전진행방해,건조,맑음,교차로 - 교차로안,원동기,남,19세,경상,승합,남,57세,상해없음
2013093000100567,2013년 9월 30일 23시,월요일,충청북도 청주시 흥덕구 사창동,경상사고,0,0,2,0,차대차 - 추돌 - 진행중,불법유턴,건조,맑음,단일로 - 기타,승용,남,24세,상해없음,화물,남,20세,경상
2013093000100568,2013년 9월 30일 23시,월요일,충청북도 청주시 흥덕구 성화동,경상사고,0,0,2,0,차대차 - 추돌 - 진행중,안전운전불이행,건조,맑음,단일로 - 기타,승용,남,27세,경상,승용,남,53세,경상
2013093000100569,2013년 9월 30일 23시,월요일,충청북도 청주시 상당구 용정동,사망사고,1,0,0,0,차대사람 - 기타,안전운전불이행,건조,맑음,단일로 - 기타,승용,남,31세,상해없음,보행자,남,22세,사망
2013100100100062,2013년 10월 1일 05시,화요일,충청북도 청원군 오창읍,중상사고,0,1,0,0,차대차 - 추돌 - 진행중,안전거리미확보,건조,맑음,단일로 - 기타,승용,여,36세,상해없음,농기계,남,48세,중상
2013100100100063,2013년 10월 1일 05시,화요일,충청북도 청주시 흥덕구 복대동,경상사고,0,0,1,0,차대차 - 측면직각충돌,중앙선침범,건조,맑음,단일로 - 기타,승용,남,55세,상해없음,승용,여,44세,경상
2013100100100081,2013년 10월 1일 06시,화요일,충청북도 영동군 영동읍,중상사고,0,1,1,0,차대차 - 기타,안전운전불이행,건조,맑음,기타 - 기타,승용,여,75세,경상,승용,남,43세,기타불명
2013100100100100,2013년 10월 1일 07시,화요일,충청북도 청주시 상당구 주중동,경상사고,0,0,9,0,차대차 - 기타,신호위반,건조,맑음,교차로 - 교차로안,승용,여,44세,상해없음,승합,여,52세,경상
2013100100100101,2013년 10월 1일 07시,화요일,충청북도 청원군 북이면,경상사고,0,0,1,0,차대사람 - 길가장자리구역통행중,안전운전불이행,건조,맑음,단일로 - 기타,승용,남,28세,상해없음,보행자,여,65세,경상
2013100100100102,2013년 10월 1일 07시,화요일,충청북도 단양군 가곡면,중상사고,0,1,0,0,차대사람 - 길가장자리구역통행중,안전운전불이행,습기,맑음,단일로 - 기타,화물,남,55세,상해없음,보행자,남,60세,중상
2013100100100140,2013년 10월 1일 08시,화요일,충청북도 충주시 대소원면,중상사고,0,1,0,0,차대차 - 추돌 - 진행중,안전운전불이행,건조,맑음,단일로 - 기타,화물,남,48세,상해없음,원동기,남,73세,중상
2013100100100141,2013년 10월 1일 08시,화요일,충청북도 단양군 단성면,중상사고,0,1,0,0,차대사람 - 기타,안전운전불이행,건조,맑음,단일로 - 기타,승용,남,53세,상해없음,보행자,남,74세,중상
2013100100100142,2013년 10월 1일 08시,화요일,충청북도 진천군 초평면,사망사고,1,1,0,0,차대차 - 측면직각충돌,교차로운행방법위반,건조,맑음,교차로 - 교차로안,승용,남,57세,사망,화물,남,53세,중상
2013100100100143,2013년 10월 1일 08시,화요일,충청북도 청주시 흥덕구 향정동,경상사고,0,0,10,0,차대차 - 측면직각충돌,안전운전불이행,건조,맑음,교차로 - 교차로안,승용,남,27세,경상,승합,남,66세,상해없음
2013100100100144,2013년 10월 1일 08시,화요일,충청북도 청주시 상당구 용암동,중상사고,0,1,4,0,차대차 - 기타,안전운전불이행,건조,맑음,단일로 - 기타,승합,남,58세,상해없음,승용,남,35세,경상
2013100100100171,2013년 10월 1일 09시,화요일,충청북도 충주시 연수동,경상사고,0,0,1,0,차대차 - 추돌 - 진행중,중앙선침범,건조,맑음,단일로 - 기타,승용,남,76세,상해없음,승용,남,58세,경상
2013100100100222,2013년 10월 1일 11시,화요일,충청북도 음성군 음성읍,경상사고,0,0,2,0,차대차 - 기타,차로위반,건조,맑음,단일로 - 기타,화물,남,50세,상해없음,승용,남,42세,경상
2013100100100223,2013년 10월 1일 11시,화요일,충청북도 청주시 흥덕구 수곡동,경상사고,0,0,1,0,차대차 - 추돌 - 주정차중,안전거리미확보,건조,맑음,단일로 - 기타,승용,남,56세,기타불명,승용,남,60세,경상
2013100100100251,2013년 10월 1일 12시,화요일,충청북도 청주시 흥덕구 성화동,중상사고,0,1,0,0,차대사람 - 횡단중,신호위반,건조,맑음,단일로 - 횡단보도상,승용,남,52세,상해없음,보행자,남,51세,중상
2013100100100252,2013년 10월 1일 12시,화요일,충청북도 청주시 흥덕구 봉명동,경상사고,0,0,2,0,차대차 - 측면직각충돌,안전운전불이행,건조,맑음,교차로 - 교차로안,화물,남,43세,상해없음,화물,남,36세,경상
2013100100100308,2013년 10월 1일 14시,화요일,충청북도 청원군 북이면,경상사고,0,0,1,0,차대차 - 측면직각충돌,교차로운행방법위반,건조,맑음,교차로 - 교차로안,건설기계,남,59세,상해없음,화물,남,53세,경상
2013100100100337,2013년 10월 1일 15시,화요일,충청북도 청원군 북이면,중상사고,0,1,0,0,차대차 - 추돌 - 진행중,안전운전불이행,건조,맑음,단일로 - 기타,화물,남,35세,상해없음,화물,남,53세,상해없음
2013100100100338,2013년 10월 1일 15시,화요일,충청북도 제천시 명동,중상사고,0,1,0,0,차대차 - 기타,안전운전불이행,건조,맑음,교차로 - 교차로부근,화물,남,35세,상해없음,원동기,남,49세,중상
2013100100100339,2013년 10월 1일 15시,화요일,충청북도 제천시 중앙로2가,경상사고,0,0,2,0,차대차 - 기타,안전거리미확보,건조,맑음,교차로 - 교차로부근,승용,남,67세,상해없음,승용,여,63세,경상
2013100100100410,2013년 10월 1일 17시,화요일,충청북도 충주시 칠금동,경상사고,0,0,1,0,차대차 - 추돌 - 진행중,안전운전불이행,건조,맑음,단일로 - 기타,화물,남,25세,상해없음,자전거,여,41세,경상
2013100100100450,2013년 10월 1일 18시,화요일,충청북도 청주시 흥덕구 봉명동,경상사고,0,0,2,0,차대차 - 측면직각충돌,안전운전불이행,건조,맑음,단일로 - 기타,승용,남,36세,상해없음,승용,여,53세,경상
2013100100100492,2013년 10월 1일 19시,화요일,충청북도 보은군 마로면,중상사고,0,1,0,0,차대차 - 정면충돌,교차로운행방법위반,건조,맑음,교차로 - 교차로안,승용,여,41세,상해없음,화물,남,64세,중상
2013100100100493,2013년 10월 1일 19시,화요일,충청북도 청주시 흥덕구 봉명동,경상사고,0,0,1,0,차대차 - 측면직각충돌,안전거리미확보,건조,맑음,교차로 - 교차로부근,승용,남,69세,상해없음,승용,남,33세,경상
2013100100100495,2013년 10월 1일 19시,화요일,충청북도 옥천군 동이면,경상사고,0,0,1,0,차대차 - 추돌 - 진행중,안전운전불이행,건조,맑음,단일로 - 터널,승용,남,59세,상해없음,승용,남,44세,경상
2013100100100538,2013년 10월 1일 20시,화요일,충청북도 청주시 흥덕구 봉명동,중상사고,0,1,0,0,차대차 - 측면직각충돌,안전운전불이행,건조,맑음,단일로 - 기타,승용,남,25세,상해없음,자전거,남,40세,중상
2013100100100539,2013년 10월 1일 20시,화요일,충청북도 청주시 흥덕구 복대동,경상사고,0,0,2,0,차대차 - 추돌 - 주정차중,안전운전불이행,건조,맑음,교차로 - 교차로부근,승용,남,26세,상해없음,승용,남,39세,경상
2013100100100575,2013년 10월 1일 21시,화요일,충청북도 청원군 오창읍,경상사고,0,0,1,0,차대차 - 기타,안전운전불이행,건조,맑음,교차로 - 교차로부근,승용,남,32세,상해없음,승용,여,42세,경상
2013100100100576,2013년 10월 1일 21시,화요일,충청북도 청주시 흥덕구 봉명동,중상사고,0,1,0,0,차대차 - 측면직각충돌,중앙선침범,건조,맑음,교차로 - 교차로부근,승용,남,43세,상해없음,이륜,남,23세,중상
2013100100100598,2013년 10월 1일 22시,화요일,충청북도 제천시 화산동,경상사고,0,0,2,0,차대차 - 기타,안전거리미확보,건조,맑음,단일로 - 기타,승용,남,65세,상해없음,승용,남,42세,경상
2013100100100616,2013년 10월 1일 23시,화요일,충청북도 청주시 흥덕구 사창동,경상사고,0,0,1,0,차대차 - 추돌 - 진행중,안전운전불이행,건조,맑음,교차로 - 교차로부근,승용,남,23세,상해없음,승용,남,35세,경상
2013100200100023,2013년 10월 2일 01시,수요일,충청북도 청주시 흥덕구 봉명동,중상사고,0,1,0,0,차대차 - 추돌 - 주정차중,안전운전불이행,건조,맑음,교차로 - 교차로부근,승용,남,35세,상해없음,승용,남,37세,중상
2013100200100082,2013년 10월 2일 07시,수요일,충청북도 제천시 명동,중상사고,0,2,1,0,차대차 - 측면직각충돌,신호위반,건조,맑음,교차로 - 교차로안,승용,여,40세,중상,승용,남,48세,중상
2013100200100102,2013년 10월 2일 08시,수요일,충청북도 제천시 모산동,중상사고,0,2,2,0,차대차 - 추돌 - 주정차중,안전거리미확보,건조,맑음,단일로 - 기타,승용,여,45세,상해없음,승용,남,57세,상해없음
2013100200100103,2013년 10월 2일 08시,수요일,충청북도 청주시 흥덕구 가경동,경상사고,0,0,1,0,차대차 - 측면직각충돌,안전운전불이행,건조,맑음,교차로 - 교차로부근,승용,남,40세,상해없음,자전거,남,12세,경상
2013100200100161,2013년 10월 2일 10시,수요일,충청북도 음성군 대소면,중상사고,0,1,0,0,차대차 - 기타,안전거리미확보,건조,맑음,단일로 - 기타,화물,남,58세,상해없음,승용,여,36세,중상
2013100200100183,2013년 10월 2일 11시,수요일,충청북도 옥천군 동이면,중상사고,0,1,4,0,차대차 - 추돌 - 진행중,안전운전불이행,건조,맑음,단일로 - 기타,화물,남,27세,중상,화물,남,41세,경상
2013100200100267,2013년 10월 2일 14시,수요일,충청북도 충주시 가금면,중상사고,0,1,0,2,차대차 - 추돌 - 진행중,안전운전불이행,건조,맑음,단일로 - 기타,승용,남,44세,부상신고,승용,여,48세,부상신고
2013100200100268,2013년 10월 2일 14시,수요일,충청북도 청원군 남이면,경상사고,0,0,2,0,차대차 - 기타,안전운전불이행,건조,맑음,단일로 - 기타,승용,남,55세,상해없음,승용,남,58세,경상
2013100200100305,2013년 10월 2일 15시,수요일,충청북도 청원군 내수읍,중상사고,0,1,0,0,차대차 - 기타,안전운전불이행,건조,맑음,단일로 - 기타,승용,여,39세,상해없음,기타불명,여,75세,중상
2013100200100306,2013년 10월 2일 15시,수요일,충청북도 단양군 매포읍,중상사고,0,1,1,0,차대차 - 측면직각충돌,직진우회전진행방해,건조,맑음,교차로 - 교차로안,건설기계,남,62세,경상,승용,남,68세,중상
2013100200100307,2013년 10월 2일 15시,수요일,충청북도 청원군 남이면,경상사고,0,0,3,0,차대차 - 추돌 - 주정차중,중앙선침범,건조,맑음,교차로 - 교차로안,화물,남,29세,상해없음,화물,남,36세,경상
2013100200100336,2013년 10월 2일 16시,수요일,충청북도 음성군 맹동면,경상사고,0,0,1,0,차대차 - 측면직각충돌,교차로운행방법위반,건조,맑음,교차로 - 교차로안,승용,남,48세,경상,화물,남,45세,상해없음
2013100200100337,2013년 10월 2일 16시,수요일,충청북도 청주시 흥덕구 가경동,경상사고,0,0,1,0,차대차 - 측면직각충돌,안전운전불이행,건조,맑음,단일로 - 기타,승용,남,45세,상해없음,승용,여,45세,경상
2013100200100338,2013년 10월 2일 16시,수요일,충청북도 청원군 남이면,경상사고,0,0,1,0,차대차 - 기타,안전운전불이행,건조,맑음,교차로 - 교차로안,화물,여,56세,상해없음,화물,남,26세,경상
2013100200100380,2013년 10월 2일 17시,수요일,충청북도 청주시 흥덕구 모충동,경상사고,0,0,1,0,차대차 - 추돌 - 주정차중,안전운전불이행,건조,맑음,단일로 - 기타,승용,남,53세,상해없음,승용,남,38세,경상
2013100200100426,2013년 10월 2일 18시,수요일,충청북도 청원군 내수읍,사망사고,1,1,0,0,차대차 - 기타,안전운전불이행,건조,맑음,단일로 - 기타,화물,남,45세,상해없음,농기계,남,67세,사망
2013100200100427,2013년 10월 2일 18시,수요일,충청북도 음성군 음성읍,중상사고,0,1,0,0,차대사람 - 기타,안전운전불이행,건조,맑음,단일로 - 기타,화물,남,52세,상해없음,보행자,남,5세,중상
2013100200100428,2013년 10월 2일 18시,수요일,충청북도 옥천군 옥천읍,중상사고,0,3,0,0,차대차 - 측면직각충돌,과속,건조,맑음,교차로 - 교차로안,승용,남,65세,상해없음,승용,남,71세,중상
2013100200100429,2013년 10월 2일 18시,수요일,충청북도 청주시 흥덕구 봉명동,경상사고,0,0,1,0,차대차 - 측면직각충돌,교차로운행방법위반,건조,맑음,교차로 - 교차로안,승용,남,68세,상해없음,승합,남,46세,상해없음
2013100200100525,2013년 10월 2일 20시,수요일,충청북도 청주시 상당구 내덕동,경상사고,0,0,1,0,차대차 - 추돌 - 주정차중,안전운전불이행,건조,맑음,교차로 - 교차로부근,화물,남,42세,상해없음,승합,남,51세,경상
2013100200100526,2013년 10월 2일 20시,수요일,충청북도 청주시 흥덕구 산남동,경상사고,0,0,1,0,차대사람 - 횡단중,보행자보호의무위반,건조,맑음,단일로 - 기타,승용,남,45세,상해없음,보행자,남,9세,경상
2013100200100557,2013년 10월 2일 21시,수요일,충청북도 청주시 흥덕구 개신동,경상사고,0,0,1,0,차대차 - 측면직각충돌,교차로운행방법위반,건조,맑음,교차로 - 교차로안,원동기,남,42세,경상,승용,남,41세,상해없음
2013100200100558,2013년 10월 2일 21시,수요일,충청북도 청주시 흥덕구 분평동,중상사고,0,1,0,0,차대차 - 기타,안전운전불이행,건조,맑음,단일로 - 기타,승용,남,39세,상해없음,이륜,남,64세,중상
2013100200100618,2013년 10월 2일 23시,수요일,충청북도 진천군 광혜원면,경상사고,0,0,1,0,차대사람 - 기타,안전운전불이행,건조,맑음,단일로 - 기타,승용,남,28세,상해없음,보행자,남,25세,경상
2013100200100619,2013년 10월 2일 23시,수요일,충청북도 청원군 옥산면,사망사고,1,1,0,0,차량단독 - 공작물충돌,안전운전불이행,건조,맑음,단일로 - 기타,승용,남,42세,중상,,,,
2013100300100126,2013년 10월 3일 06시,목요일,충청북도 청주시 흥덕구 가경동,경상사고,0,0,1,0,차대차 - 측면직각충돌,신호위반,건조,맑음,교차로 - 교차로안,승용,남,60세,상해없음,화물,남,65세,경상
2013100300100138,2013년 10월 3일 07시,목요일,충청북도 청주시 흥덕구 복대동,경상사고,0,0,1,0,차량단독 - 기타,안전운전불이행,건조,맑음,단일로 - 기타,승합,남,48세,상해없음,,,,
2013100300100163,2013년 10월 3일 08시,목요일,충청북도 제천시 천남동,중상사고,0,1,1,0,차대차 - 추돌 - 진행중,안전운전불이행,건조,맑음,교차로 - 교차로안,화물,남,49세,상해없음,화물,남,47세,중상
2013100300100164,2013년 10월 3일 08시,목요일,충청북도 진천군 광혜원면,중상사고,0,1,0,0,차대차 - 측면직각충돌,안전운전불이행,건조,맑음,단일로 - 기타,승용,남,30세,상해없음,승용,여,51세,중상
2013100300100187,2013년 10월 3일 09시,목요일,충청북도 청원군 미원면,경상사고,0,0,1,0,차대차 - 측면직각충돌,안전운전불이행,건조,맑음,단일로 - 기타,농기계,남,74세,경상,승용,여,45세,상해없음
2013100300100203,2013년 10월 3일 10시,목요일,충청북도 충주시 목행동,중상사고,0,1,0,0,차대차 - 측면직각충돌,안전운전불이행,건조,맑음,단일로 - 기타,승용,여,52세,상해없음,원동기,남,70세,중상
2013100300100204,2013년 10월 3일 10시,목요일,충청북도 충주시 교현동,중상사고,0,2,4,0,차대차 - 추돌 - 주정차중,안전운전불이행,건조,맑음,교차로 - 교차로부근,승용,남,56세,상해없음,승용,남,61세,경상
2013100300100205,2013년 10월 3일 10시,목요일,충청북도 괴산군 사리면,경상사고,0,0,1,0,차대차 - 추돌 - 진행중,안전운전불이행,건조,맑음,단일로 - 기타,화물,남,30세,상해없음,농기계,남,61세,경상
2013100300100206,2013년 10월 3일 10시,목요일,충청북도 청주시 상당구 용암동,경상사고,0,0,3,0,차대차 - 추돌 - 진행중,안전거리미확보,건조,맑음,교차로 - 교차로안,승용,남,50세,상해없음,승용,남,55세,경상
2013100300100226,2013년 10월 3일 11시,목요일,충청북도 청원군 내수읍,경상사고,0,0,1,0,차대차 - 기타,중앙선침범,건조,맑음,단일로 - 기타,승용,남,45세,상해없음,승용,여,70세,경상
2013100300100227,2013년 10월 3일 11시,목요일,충청북도 보은군 속리산면,사망사고,1,0,0,0,차량단독 - 기타,안전운전불이행,건조,맑음,교차로 - 교차로안,이륜,남,52세,사망,,,,
2013100300100254,2013년 10월 3일 12시,목요일,충청북도 청주시 흥덕구 복대동,중상사고,0,1,0,0,차대사람 - 횡단중,안전운전불이행,건조,맑음,단일로 - 기타,승용,여,21세,상해없음,보행자,여,23세,중상
2013100300100255,2013년 10월 3일 12시,목요일,충청북도 청주시 흥덕구 가경동,경상사고,0,0,1,0,차대차 - 추돌 - 진행중,안전운전불이행,건조,맑음,단일로 - 기타,승용,남,39세,상해없음,승용,남,51세,경상
2013100300100276,2013년 10월 3일 13시,목요일,충청북도 제천시 화산동,중상사고,0,1,1,0,차대사람 - 기타,안전운전불이행,건조,맑음,교차로 - 교차로안,화물,남,53세,상해없음,보행자,남,74세,경상
2013100300100277,2013년 10월 3일 13시,목요일,충청북도 음성군 금왕읍,중상사고,0,1,1,0,차대차 - 기타,기타,건조,맑음,단일로 - 기타,승용,남,47세,상해없음,원동기,남,16세,중상