사고번호,사고일시,요일,시군구,사고내용,사망자수,중상자수,경상자수,부상신고자수,사고유형,법규위반,노면상태,기상상태,도로형태,가해운전자 차종,가해운전자 성별,가해운전자 연령,가해운전자 상해정도,피해운전자 차종,피해운전자 성별,피해운전자 연령,피해운전자 상해정도
2013101200100562,2013년 10월 12일 19시,토요일,충청북도 청주시 흥덕구 봉명동,경상사고,0,0,1,0,차대차 - 측면직각충돌,안전운전불이행,건조,맑음,단일로 - 기타,승용,남,53세,상해없음,이륜,남,26세,경상
2013101200100600,2013년 10월 12일 20시,토요일,충청북도 제천시 신백동,경상사고,0,0,2,0,차대차 - 측면직각충돌,직진우회전진행방해,건조,맑음,교차로 - 교차로안,원동기,남,22세,상해없음,승용,남,45세,경상
2013101200100601,2013년 10월 12일 20시,토요일,충청북도 괴산군 괴산읍,중상사고,0,1,1,0,차대차 - 측면직각충돌,신호위반,건조,맑음,교차로 - 교차로부근,이륜,남,20세,경상,이륜,남,61세,중상
2013101200100642,2013년 10월 12일 21시,토요일,충청북도 청주시 흥덕구 가경동,중상사고,0,1,0,0,차대차 - 측면직각충돌,교차로운행방법위반,건조,맑음,교차로 - 교차로안,승합,남,54세,상해없음,자전거,남,61세,중상
2013101200100678,2013년 10월 12일 22시,토요일,충청북도 청주시 흥덕구 사직동,중상사고,0,1,0,0,차대차 - 추돌 - 주정차중,안전운전불이행,건조,맑음,단일로 - 기타,이륜,남,50세,중상,승용,남,27세,상해없음
2013101300100016,2013년 10월 13일 00시,일요일,충청북도 청주시 상당구 율량동,경상사고,0,0,1,0,차대사람 - 횡단중,보행자보호의무위반,건조,맑음,교차로 - 교차로부근,승용,여,31세,상해없음,보행자,여,20세,경상
2013101300100017,2013년 10월 13일 00시,일요일,충청북도 보은군 보은읍,중상사고,0,1,1,0,차량단독 - 공작물충돌,안전운전불이행,건조,맑음,단일로 - 기타,승용,여,56세,경상,,,,
2013101300100018,2013년 10월 13일 00시,일요일,충청북도 청주시 흥덕구 사창동,경상사고,0,0,1,0,차대차 - 측면직각충돌,안전운전불이행,건조,맑음,교차로 - 교차로부근,승용,여,34세,상해없음,승용,남,46세,경상
2013101300100054,2013년 10월 13일 02시,일요일,충청북도 진천군 진천읍,중상사고,0,1,0,0,차대사람 - 기타,안전운전불이행,건조,맑음,단일로 - 기타,승용,여,36세,상해없음,보행자,남,49세,중상
2013101300100093,2013년 10월 13일 05시,일요일,충청북도 진천군 진천읍,사망사고,1,0,0,0,차량단독 - 공작물충돌,안전운전불이행,건조,맑음,단일로 - 기타,승용,남,31세,사망,,,,
2013101300100107,2013년 10월 13일 06시,일요일,충청북도 청원군 오창읍,중상사고,0,2,0,0,차대차 - 측면직각충돌,신호위반,건조,맑음,교차로 - 교차로안,원동기,남,68세,중상,화물,남,57세,상해없음
2013101300100156,2013년 10월 13일 09시,일요일,충청북도 제천시 하소동,중상사고,0,1,0,0,차대차 - 기타,직진우회전진행방해,건조,맑음,교차로 - 교차로안,승용,남,63세,상해없음,원동기,남,72세,중상
2013101300100157,2013년 10월 13일 09시,일요일,충청북도 보은군 보은읍,중상사고,0,1,1,0,차대차 - 측면직각충돌,교차로운행방법위반,건조,맑음,교차로 - 교차로안,화물,남,49세,상해없음,화물,남,59세,경상
2013101300100173,2013년 10월 13일 10시,일요일,충청북도 청원군 오창읍,중상사고,0,2,4,0,차대차 - 기타,안전거리미확보,건조,맑음,단일로 - 기타,승용,여,43세,중상,승용,남,50세,경상
2013101300100196,2013년 10월 13일 11시,일요일,충청북도 충주시 지현동,부상신고사고,0,0,0,1,차대차 - 추돌 - 진행중,직진우회전진행방해,건조,맑음,교차로 - 교차로안,이륜,남,73세,부상신고,화물,기타불명,기타불명,기타불명
2013101300100197,2013년 10월 13일 11시,일요일,충청북도 증평군 증평읍,경상사고,0,0,1,0,차량단독 - 기타,안전운전불이행,건조,맑음,교차로 - 교차로부근,화물,남,51세,경상,,,,
2013101300100198,2013년 10월 13일 11시,일요일,충청북도 단양군 단양읍,경상사고,0,0,1,0,차대차 - 측면직각충돌,안전운전불이행,건조,맑음,단일로 - 기타,이륜,남,21세,경상,승용,남,43세,상해없음
2013101300100217,2013년 10월 13일 12시,일요일,충청북도 음성군 원남면,중상사고,0,2,0,0,차대차 - 기타,교차로운행방법위반,건조,맑음,교차로 - 교차로안,이륜,남,44세,중상,농기계,남,55세,중상
2013101300100238,2013년 10월 13일 13시,일요일,충청북도 충주시 신니면,부상신고사고,0,0,0,1,차대차 - 추돌 - 진행중,안전운전불이행,건조,맑음,교차로 - 교차로안,농기계,여,80세,부상신고,원동기,남,71세,상해없음
2013101300100239,2013년 10월 13일 13시,일요일,충청북도 음성군 금왕읍,중상사고,0,1,2,0,차대차 - 기타,안전운전불이행,건조,맑음,교차로 - 교차로부근,화물,남,29세,상해없음,화물,남,45세,경상
2013101300100296,2013년 10월 13일 15시,일요일,충청북도 충주시 칠금동,중상사고,0,1,0,0,차대차 - 측면직각충돌,안전거리미확보,건조,맑음,교차로 - 교차로부근,원동기,남,16세,중상,승용,남,29세,상해없음
2013101300100378,2013년 10월 13일 18시,일요일,충청북도 청주시 상당구 율량동,경상사고,0,0,1,0,차대차 - 기타,교차로운행방법위반,건조,맑음,교차로 - 교차로안,승용,여,55세,상해없음,승용,여,58세,경상
2013101300100379,2013년 10월 13일 18시,일요일,충청북도 음성군 대소면,중상사고,0,1,1,0,차대차 - 기타,교차로운행방법위반,건조,맑음,교차로 - 교차로안,승용,여,22세,경상,승용,여,48세,중상
2013101300100414,2013년 10월 13일 19시,일요일,충청북도 청주시 상당구 율량동,경상사고,0,0,1,0,차대차 - 추돌 - 주정차중,안전운전불이행,건조,맑음,기타 - 기타,승용,남,53세,상해없음,승합,남,53세,상해없음
2013101300100415,2013년 10월 13일 19시,일요일,충청북도 충주시 성남동,중상사고,0,1,0,0,차대사람 - 횡단중,보행자보호의무위반,건조,맑음,단일로 - 기타,승용,남,56세,상해없음,보행자,여,71세,중상
2013101300100433,2013년 10월 13일 20시,일요일,충청북도 청원군 오창읍,경상사고,0,0,2,0,차대차 - 기타,신호위반,건조,맑음,교차로 - 교차로안,승용,남,29세,상해없음,승용,남,44세,경상
2013101300100434,2013년 10월 13일 20시,일요일,충청북도 충주시 호암동,중상사고,0,1,0,0,차대차 - 추돌 - 진행중,안전운전불이행,건조,맑음,기타 - 기타,승용,남,46세,상해없음,이륜,남,18세,중상
2013101300100435,2013년 10월 13일 20시,일요일,충청북도 음성군 음성읍,경상사고,0,0,3,0,차대차 - 기타,안전운전불이행,건조,맑음,교차로 - 교차로안,승용,남,57세,상해없음,승용,남,25세,경상
2013101300100476,2013년 10월 13일 22시,일요일,충청북도 충주시 교현동,중상사고,0,1,1,0,차대차 - 추돌 - 진행중,교차로운행방법위반,건조,맑음,교차로 - 교차로안,승합,여,40세,상해없음,승용,남,34세,중상
2013101400100041,2013년 10월 14일 05시,월요일,충청북도 보은군 보은읍,중상사고,0,1,0,0,차대사람 - 길가장자리구역통행중,안전운전불이행,건조,맑음,단일로 - 기타,승용,남,41세,상해없음,보행자,남,73세,중상
2013101400100059,2013년 10월 14일 06시,월요일,충청북도 청주시 상당구 내덕동,경상사고,0,0,2,0,차대차 - 기타,교차로운행방법위반,건조,맑음,교차로 - 교차로안,승합,남,45세,상해없음,승용,여,54세,경상
2013101400100164,2013년 10월 14일 09시,월요일,충청북도 청주시 흥덕구 복대동,경상사고,0,0,2,0,차대차 - 추돌 - 진행중,안전운전불이행,건조,맑음,단일로 - 기타,승용,여,46세,상해없음,승용,남,52세,경상
2013101400100165,2013년 10월 14일 09시,월요일,충청북도 청주시 흥덕구 봉명동,경상사고,0,0,1,0,차대차 - 측면직각충돌,교차로운행방법위반,건조,맑음,교차로 - 교차로안,승용,남,46세,상해없음,자전거,남,20세,경상
2013101400100200,2013년 10월 14일 10시,월요일,충청북도 청주시 흥덕구 모충동,중상사고,0,1,0,0,차대차 - 기타,신호위반,건조,맑음,교차로 - 교차로부근,승용,남,44세,상해없음,원동기,남,75세,중상
2013101400100230,2013년 10월 14일 11시,월요일,충청북도 청주시 상당구 북문로3가동,경상사고,0,0,1,0,차대차 - 추돌 - 주정차중,안전운전불이행,건조,맑음,단일로 - 기타,승용,남,51세,상해없음,승용,남,60세,경상
2013101400100253,2013년 10월 14일 12시,월요일,충청북도 청원군 북이면,중상사고,0,1,0,0,차대차 - 기타,안전운전불이행,건조,맑음,교차로 - 교차로안,화물,남,38세,상해없음,원동기,남,76세,중상
2013101400100254,2013년 10월 14일 12시,월요일,충청북도 제천시 장락동,경상사고,0,0,1,0,차대차 - 기타,안전운전불이행,건조,맑음,단일로 - 기타,승용,여,68세,상해없음,자전거,남,78세,경상
2013101400100255,2013년 10월 14일 12시,월요일,충청북도 청주시 흥덕구 복대동,경상사고,0,0,1,0,차대사람 - 횡단중,안전운전불이행,건조,맑음,교차로 - 교차로안,승용,남,57세,상해없음,보행자,여,69세,경상
2013101400100282,2013년 10월 14일 13시,월요일,충청북도 청주시 흥덕구 복대동,경상사고,0,0,1,0,차대사람 - 길가장자리구역통행중,중앙선침범,건조,맑음,단일로 - 기타,승용,남,57세,상해없음,보행자,여,36세,경상
2013101400100283,2013년 10월 14일 13시,월요일,충청북도 청주시 흥덕구 수곡동,경상사고,0,0,1,0,차대차 - 기타,안전운전불이행,건조,맑음,교차로 - 교차로부근,승용,남,39세,상해없음,자전거,남,19세,경상
2013101400100315,2013년 10월 14일 14시,월요일,충청북도 보은군 수한면,중상사고,0,1,0,0,차대차 - 측면직각충돌,기타,건조,맑음,단일로 - 기타,승용,남,43세,상해없음,원동기,여,46세,중상
2013101400100440,2013년 10월 14일 17시,월요일,충청북도 청주시 흥덕구 복대동,사망사고,1,0,0,0,차대사람 - 보도통행중,기타,건조,맑음,단일로 - 기타,화물,남,67세,상해없음,보행자,여,4세,사망
2013101400100489,2013년 10월 14일 18시,월요일,충청북도 음성군 음성읍,경상사고,0,0,3,0,차대차 - 기타,차로위반,건조,맑음,단일로 - 기타,승용,남,69세,상해없음,승용,남,41세,상해없음
2013101400100548,2013년 10월 14일 19시,월요일,충청북도 충주시 연수동,경상사고,0,0,1,0,차대차 - 기타,안전운전불이행,건조,맑음,단일로 - 기타,승용,남,56세,상해없음,원동기,남,21세,경상
2013101400100549,2013년 10월 14일 19시,월요일,충청북도 청원군 낭성면,경상사고,0,0,1,0,차대차 - 측면직각충돌,기타,건조,맑음,단일로 - 기타,농기계,남,56세,상해없음,승용,남,49세,경상
2013101400100588,2013년 10월 14일 20시,월요일,충청북도 충주시 문화동,경상사고,0,0,1,0,차대차 - 추돌 - 진행중,안전운전불이행,건조,맑음,단일로 - 기타,승용,남,28세,상해없음,승용,남,42세,경상
2013101400100589,2013년 10월 14일 20시,월요일,충청북도 청주시 흥덕구 가경동,경상사고,0,0,1,0,차대차 - 추돌 - 주정차중,안전운전불이행,건조,맑음,교차로 - 교차로부근,승용,남,24세,상해없음,이륜,남,54세,경상
2013101400100590,2013년 10월 14일 20시,월요일,충청북도 청주시 흥덕구 수곡동,중상사고,0,1,1,0,차대차 - 기타,안전운전불이행,건조,맑음,교차로 - 교차로안,승용,남,55세,상해없음,원동기,남,16세,중상
2013101400100622,2013년 10월 14일 21시,월요일,충청북도 증평군 증평읍,경상사고,0,0,1,0,차대차 - 측면직각충돌,교차로운행방법위반,건조,맑음,교차로 - 교차로안,승용,남,58세,상해없음,승용,여,23세,경상
2013101400100649,2013년 10월 14일 22시,월요일,충청북도 청주시 상당구 우암동,중상사고,0,1,0,0,차대차 - 측면직각충돌,신호위반,건조,맑음,교차로 - 교차로안,승용,남,41세,상해없음,승용,여,56세,중상
2013101400100650,2013년 10월 14일 22시,월요일,충청북도 괴산군 연풍면,경상사고,0,0,1,0,차대차 - 추돌 - 진행중,안전거리미확보,건조,맑음,단일로 - 기타,승용,남,29세,상해없음,화물,남,40세,경상
2013101400100679,2013년 10월 14일 23시,월요일,충청북도 제천시 중앙로2가,경상사고,0,0,4,0,차대차 - 기타,안전운전불이행,건조,맑음,단일로 - 기타,승용,남,66세,상해없음,승용,남,46세,상해없음
2013101400100680,2013년 10월 14일 23시,월요일,충청북도 청주시 흥덕구 사직동,경상사고,0,0,3,0,차대차 - 추돌 - 주정차중,차로위반,건조,맑음,단일로 - 기타,승용,남,34세,상해없음,승용,남,28세,경상
2013101500100013,2013년 10월 15일 00시,화요일,충청북도 청주시 흥덕구 복대동,경상사고,0,0,2,0,차대차 - 추돌 - 주정차중,중앙선침범,건조,맑음,교차로 - 교차로부근,승용,남,20세,상해없음,승용,남,40세,경상
2013101500100037,2013년 10월 15일 03시,화요일,충청북도 청주시 흥덕구 산남동,경상사고,0,0,1,0,차대차 - 기타,신호위반,건조,맑음,교차로 - 교차로안,승용,남,29세,상해없음,승용,남,29세,경상
2013101500100052,2013년 10월 15일 05시,화요일,충청북도 충주시 안림동,중상사고,0,1,1,1,차대차 - 기타,안전운전불이행,건조,맑음,교차로 - 교차로안,승용,여,35세,부상신고,승용,남,31세,중상
2013101500100077,2013년 10월 15일 07시,화요일,충청북도 청원군 오창읍,중상사고,0,1,0,0,차대차 - 기타,안전운전불이행,건조,맑음,단일로 - 기타,건설기계,남,38세,상해없음,농기계,남,73세,중상
2013101500100078,2013년 10월 15일 07시,화요일,충청북도 청주시 상당구 운동동,경상사고,0,0,2,0,차대차 - 기타,안전운전불이행,건조,맑음,단일로 - 기타,승용,남,51세,상해없음,승용,여,52세,경상
2013101500100130,2013년 10월 15일 09시,화요일,충청북도 충주시 대소원면,경상사고,0,0,1,0,차대차 - 기타,안전운전불이행,건조,맑음,교차로 - 교차로안,건설기계,남,50세,상해없음,자전거,남,23세,경상
2013101500100151,2013년 10월 15일 10시,화요일,충청북도 청주시 흥덕구 사직동,중상사고,0,1,0,0,차대차 - 측면직각충돌,교차로운행방법위반,건조,맑음,교차로 - 교차로안,원동기,남,65세,중상,승용,남,28세,상해없음
2013101500100181,2013년 10월 15일 11시,화요일,충청북도 청주시 흥덕구 산남동,중상사고,0,1,0,0,차대차 - 기타,신호위반,건조,맑음,교차로 - 교차로안,승용,남,28세,상해없음,화물,남,31세,중상
2013101500100233,2013년 10월 15일 13시,화요일,충청북도 청원군 내수읍,경상사고,0,0,1,0,차대차 - 기타,교차로운행방법위반,건조,맑음,교차로 - 교차로안,승용,남,51세,상해없음,승용,여,31세,경상
2013101500100234,2013년 10월 15일 13시,화요일,충청북도 충주시 앙성면,경상사고,0,0,1,0,차대차 - 추돌 - 주정차중,안전운전불이행,건조,맑음,단일로 - 기타,승용,여,43세,상해없음,승용,여,53세,경상
2013101500100298,2013년 10월 15일 15시,화요일,충청북도 청주시 흥덕구 사창동,경상사고,0,0,1,0,차대차 - 측면직각충돌,안전운전불이행,습기,비,단일로 - 기타,승용,남,49세,상해없음,자전거,여,51세,경상
2013101500100299,2013년 10월 15일 15시,화요일,충청북도 청원군 옥산면,중상사고,0,1,0,0,차대차 - 추돌 - 진행중,중앙선침범,습기,비,단일로 - 기타,건설기계,남,67세,상해없음,건설기계,남,51세,중상
2013101500100320,2013년 10월 15일 16시,화요일,충청북도 음성군 음성읍,중상사고,0,1,0,0,차대차 - 기타,교차로운행방법위반,습기,비,교차로 - 교차로안,승용,남,38세,상해없음,원동기,남,65세,중상
2013101500100345,2013년 10월 15일 17시,화요일,충청북도 충주시 교현동,중상사고,0,1,0,0,차대사람 - 기타,안전운전불이행,건조,흐림,기타 - 기타,승용,여,47세,상해없음,보행자,여,67세,중상
2013101500100387,2013년 10월 15일 18시,화요일,충청북도 충주시 연수동,경상사고,0,0,2,0,차대차 - 추돌 - 주정차중,안전운전불이행,건조,맑음,기타 - 기타,승용,여,51세,상해없음,승용,여,40세,경상
2013101500100388,2013년 10월 15일 18시,화요일,충청북도 청원군 오송읍,경상사고,0,0,1,0,차대차 - 측면직각충돌,차로위반,건조,맑음,단일로 - 기타,승용,남,34세,상해없음,승용,남,56세,경상
2013101500100389,2013년 10월 15일 18시,화요일,충청북도 청주시 흥덕구 수곡동,경상사고,0,0,1,0,차대사람 - 기타,보행자보호의무위반,습기,비,단일로 - 횡단보도상,승용,남,67세,상해없음,보행자,여,21세,경상
2013101500100454,2013년 10월 15일 19시,화요일,충청북도 청주시 상당구 우암동,중상사고,0,1,0,0,차대사람 - 기타,보행자보호의무위반,습기,비,단일로 - 횡단보도상,승용,여,26세,상해없음,보행자,여,57세,중상
2013101500100494,2013년 10월 15일 20시,화요일,충청북도 청주시 흥덕구 가경동,경상사고,0,0,1,0,차대차 - 측면직각충돌,안전운전불이행,건조,맑음,단일로 - 기타,승용,여,41세,상해없음,이륜,남,42세,경상
2013101500100525,2013년 10월 15일 21시,화요일,충청북도 제천시 신월동,중상사고,0,1,3,0,차대차 - 측면직각충돌,신호위반,건조,맑음,교차로 - 교차로안,승용,여,49세,경상,승용,남,43세,중상
2013101500100526,2013년 10월 15일 21시,화요일,충청북도 청원군 옥산면,사망사고,1,0,0,0,차대사람 - 기타,안전운전불이행,건조,맑음,단일로 - 기타,기타불명,기타불명,기타불명,기타불명,보행자,남,37세,사망
2013101500100555,2013년 10월 15일 22시,화요일,충청북도 제천시 고명동,사망사고,1,1,0,0,차대차 - 기타,과속,건조,맑음,단일로 - 기타,화물,남,29세,상해없음,승용,남,34세,상해없음
2013101500100556,2013년 10월 15일 22시,화요일,충청북도 청주시 흥덕구 분평동,중상사고,0,1,0,0,차대차 - 기타,신호위반,건조,맑음,교차로 - 교차로안,승합,여,47세,상해없음,승합,남,49세,상해없음
2013101600100036,2013년 10월 16일 02시,수요일,충청북도 청원군 낭성면,중상사고,0,1,0,0,차량단독 - 도로외이탈 - 기타,안전운전불이행,건조,맑음,단일로 - 기타,화물,남,54세,상해없음,,,,
2013101600100080,2013년 10월 16일 06시,수요일,충청북도 청주시 상당구 사천동,경상사고,0,0,1,0,차대차 - 기타,안전운전불이행,건조,맑음,단일로 - 기타,승합,남,59세,상해없음,화물,남,56세,경상
2013101600100106,2013년 10월 16일 07시,수요일,충청북도 제천시 남천동,경상사고,0,0,1,0,차대차 - 측면직각충돌,신호위반,건조,맑음,교차로 - 교차로안,승용,남,58세,상해없음,화물,남,24세,경상
2013101600100107,2013년 10월 16일 07시,수요일,충청북도 청주시 흥덕구 수곡동,경상사고,0,0,1,0,차대차 - 측면직각충돌,직진우회전진행방해,건조,맑음,교차로 - 교차로안,자전거,남,48세,상해없음,자전거,남,72세,경상
2013101600100154,2013년 10월 16일 08시,수요일,충청북도 충주시 문화동,중상사고,0,1,1,0,차대차 - 추돌 - 진행중,직진우회전진행방해,건조,맑음,교차로 - 교차로안,승용,여,40세,경상,승용,여,47세,중상
2013101600100155,2013년 10월 16일 08시,수요일,충청북도 음성군 감곡면,경상사고,0,0,3,0,차대차 - 기타,중앙선침범,건조,맑음,단일로 - 기타,승용,여,47세,상해없음,승용,남,37세,경상
2013101600100156,2013년 10월 16일 08시,수요일,충청북도 음성군 음성읍,경상사고,0,0,1,0,차대차 - 추돌 - 주정차중,안전운전불이행,건조,맑음,단일로 - 기타,승용,여,44세,상해없음,승용,여,32세,경상
2013101600100157,2013년 10월 16일 08시,수요일,충청북도 청원군 옥산면,중상사고,0,1,0,0,차대사람 - 횡단중,안전운전불이행,건조,맑음,단일로 - 기타,승용,남,35세,상해없음,보행자,여,70세,중상
2013101600100158,2013년 10월 16일 08시,수요일,충청북도 청주시 흥덕구 봉명동,경상사고,0,0,1,0,차대차 - 추돌 - 진행중,안전거리미확보,건조,맑음,단일로 - 기타,승용,남,40세,상해없음,승용,남,37세,경상
2013101600100159,2013년 10월 16일 08시,수요일,충청북도 청주시 흥덕구 봉명동,경상사고,0,0,1,0,차대사람 - 횡단중,보행자보호의무위반,건조,맑음,교차로 - 교차로부근,승용,남,59세,상해없음,보행자,여,23세,경상
2013101600100209,2013년 10월 16일 09시,수요일,충청북도 충주시 가금면,중상사고,0,4,0,0,차량단독 - 공작물충돌,안전운전불이행,건조,맑음,단일로 - 기타,승용,남,84세,중상,,,,
2013101600100270,2013년 10월 16일 11시,수요일,충청북도 충주시 봉방동,경상사고,0,0,1,0,차대사람 - 기타,안전운전불이행,건조,맑음,단일로 - 기타,승용,남,68세,상해없음,보행자,남,74세,경상
2013101600100271,2013년 10월 16일 11시,수요일,충청북도 청주시 흥덕구 개신동,중상사고,0,1,0,0,차대차 - 측면직각충돌,교차로운행방법위반,건조,맑음,교차로 - 교차로안,승용,남,70세,상해없음,이륜,남,46세,중상
2013101600100296,2013년 10월 16일 12시,수요일,충청북도 청주시 상당구 금천동,중상사고,0,2,3,0,차대차 - 기타,신호위반,건조,맑음,교차로 - 교차로안,승합,남,36세,중상,승용,여,51세,중상
2013101600100297,2013년 10월 16일 12시,수요일,충청북도 충주시 가금면,중상사고,0,1,0,0,차대차 - 추돌 - 진행중,직진우회전진행방해,건조,맑음,교차로 - 교차로안,화물,남,56세,상해없음,승용,남,61세,중상
2013101600100357,2013년 10월 16일 14시,수요일,충청북도 청주시 상당구 내덕동,경상사고,0,0,1,0,차대차 - 추돌 - 주정차중,안전운전불이행,건조,맑음,교차로 - 교차로부근,승용,남,39세,기타불명,승합,남,50세,경상
2013101600100358,2013년 10월 16일 14시,수요일,충청북도 청주시 상당구 용암동,중상사고,0,1,0,0,차대차 - 측면직각충돌,직진우회전진행방해,건조,맑음,교차로 - 교차로안,화물,남,71세,상해없음,자전거,남,71세,중상
2013101600100383,2013년 10월 16일 15시,수요일,충청북도 청원군 현도면,경상사고,0,0,2,0,차대차 - 측면직각충돌,안전운전불이행,건조,맑음,단일로 - 기타,승용,남,50세,상해없음,화물,남,35세,경상
2013101600100419,2013년 10월 16일 16시,수요일,충청북도 충주시 봉방동,경상사고,0,0,1,0,차대차 - 추돌 - 진행중,안전운전불이행,건조,맑음,단일로 - 기타,승용,여,42세,상해없음,승용,여,22세,경상
2013101600100420,2013년 10월 16일 16시,수요일,충청북도 옥천군 군서면,경상사고,0,0,1,0,차대차 - 측면직각충돌,안전운전불이행,건조,맑음,교차로 - 교차로안,화물,남,53세,상해없음,이륜,남,43세,경상
2013101600100457,2013년 10월 16일 17시,수요일,충청북도 옥천군 동이면,중상사고,0,1,0,0,차대사람 - 횡단중,안전운전불이행,건조,맑음,단일로 - 기타,승용,남,74세,상해없음,보행자,여,71세,중상
2013101600100458,2013년 10월 16일 17시,수요일,충청북도 진천군 진천읍,경상사고,0,0,1,0,차대사람 - 횡단중,보행자보호의무위반,건조,맑음,단일로 - 기타,이륜,남,16세,상해없음,보행자,여,34세,경상
2013101600100459,2013년 10월 16일 17시,수요일,충청북도 청원군 강내면,경상사고,0,0,1,0,차대차 - 측면직각충돌,안전거리미확보,건조,맑음,단일로 - 기타,승용,여,34세,상해없음,승용,여,24세,경상
2013101600100460,2013년 10월 16일 17시,수요일,충청북도 청원군 남이면,중상사고,0,1,1,0,차대차 - 측면직각충돌,안전운전불이행,건조,맑음,단일로 - 기타,승용,여,22세,중상,승합,여,61세,경상
2013101600100495,2013년 10월 16일 18시,수요일,충청북도 충주시 연수동,경상사고,0,0,1,0,차대사람 - 보도통행중,보행자보호의무위반,건조,맑음,단일로 - 횡단보도상,승용,여,34세,상해없음,보행자,남,42세,경상
2013101600100496,2013년 10월 16일 18시,수요일,충청북도 음성군 대소면,경상사고,0,0,2,0,차대차 - 기타,안전거리미확보,건조,맑음,단일로 - 기타,승용,여,54세,경상,승합,남,38세,경상
2013101600100548,2013년 10월 16일 19시,수요일,충청북도 충주시 봉방동,중상사고,0,1,0,0,차대차 - 기타,안전운전불이행,건조,맑음,교차로 - 교차로안,화물,남,49세,상해없음,이륜,남,17세,중상
2013101600100549,2013년 10월 16일 19시,수요일,충청북도 음성군 원남면,중상사고,0,1,0,0,차대차 - 기타,안전운전불이행,건조,맑음,단일로 - 기타,화물,남,53세,상해없음,승합,남,42세,상해없음
2013101600100623,2013년 10월 16일 21시,수요일,충청북도 충주시 봉방동,경상사고,0,0,4,0,차대차 - 기타,안전운전불이행,건조,맑음,교차로 - 교차로부근,승용,남,59세,상해없음,승용,남,47세,경상
2013101600100624,2013년 10월 16일 21시,수요일,충청북도 음성군 대소면,경상사고,0,0,2,0,차대차 - 기타,안전거리미확보,건조,맑음,단일로 - 기타,승용,여,32세,상해없음,승용,남,31세,경상
2013101600100625,2013년 10월 16일 21시,수요일,충청북도 청주시 흥덕구 사창동,경상사고,0,0,1,0,차대차 - 측면직각충돌,중앙선침범,건조,맑음,단일로 - 횡단보도부근,승용,남,27세,상해없음,승용,남,42세,경상
2013101600100651,2013년 10월 16일 22시,수요일,충청북도 청주시 흥덕구 봉명동,중상사고,0,1,1,0,차대차 - 추돌 - 주정차중,안전운전불이행,건조,맑음,단일로 - 기타,승용,남,37세,상해없음,승용,남,39세,중상
2013101600100652,2013년 10월 16일 22시,수요일,충청북도 청원군 오송읍,경상사고,0,0,2,0,차대차 - 추돌 - 주정차중,안전운전불이행,건조,맑음,교차로 - 교차로부근,승용,남,52세,상해없음,승용,남,39세,경상
2013101600100653,2013년 10월 16일 22시,수요일,충청북도 청주시 흥덕구 봉명동,경상사고,0,0,1,0,차대차 - 추돌 - 진행중,안전운전불이행,건조,맑음,단일로 - 기타,승용,남,38세,상해없음,승용,남,45세,상해없음
2013101600100676,2013년 10월 16일 23시,수요일,충청북도 청원군 오송읍,경상사고,0,0,1,0,차대차 - 측면직각충돌,신호위반,건조,맑음,교차로 - 교차로안,화물,남,47세,상해없음,승용,여,29세,경상
2013101700100097,2013년 10월 17일 07시,목요일,충청북도 청주시 흥덕구 휴암동,경상사고,0,0,3,0,차대차 - 추돌 - 진행중,안전운전불이행,건조,맑음,단일로 - 기타,승용,여,41세,상해없음,승용,여,41세,경상
2013101700100098,2013년 10월 17일 07시,목요일,충청북도 청원군 오송읍,경상사고,0,0,2,0,차대차 - 측면직각충돌,교차로운행방법위반,기타,안개,교차로 - 교차로안,승용,남,50세,경상,건설기계,남,68세,경상
2013101700100099,2013년 10월 17일 07시,목요일,충청북도 청주시 흥덕구 죽림동,경상사고,0,0,4,0,차대차 - 측면직각충돌,안전거리미확보,건조,맑음,교차로 - 교차로부근,승용,남,46세,경상,화물,남,48세,경상
2013101700100163,2013년 10월 17일 09시,목요일,충청북도 제천시 청전동,중상사고,0,1,0,0,차대차 - 기타,신호위반,건조,맑음,교차로 - 교차로안,승용,여,51세,상해없음,승용,여,40세,중상
2013101700100164,2013년 10월 17일 09시,목요일,충청북도 제천시 고암동,중상사고,0,1,0,0,차대차 - 기타,중앙선침범,건조,맑음,단일로 - 기타,승용,남,44세,상해없음,승용,남,69세,중상
2013101700100217,2013년 10월 17일 11시,목요일,충청북도 청주시 흥덕구 개신동,중상사고,0,1,1,0,차대차 - 측면직각충돌,신호위반,건조,맑음,교차로 - 교차로안,이륜,남,22세,중상,승용,여,34세,경상
2013101700100276,2013년 10월 17일 14시,목요일,충청북도 영동군 추풍령면,중상사고,0,1,0,0,차대차 - 기타,안전운전불이행,건조,맑음,교차로 - 교차로부근,승용,여,43세,상해없음,원동기,남,81세,중상
2013101700100277,2013년 10월 17일 14시,목요일,충청북도 청주시 흥덕구 사창동,중상사고,0,2,0,0,차대차 - 추돌 - 진행중,안전거리미확보,건조,맑음,단일로 - 기타,승용,남,61세,상해없음,승합,남,65세,중상