사고번호,사고일시,요일,시군구,사고내용,사망자수,중상자수,경상자수,부상신고자수,사고유형,법규위반,노면상태,기상상태,도로형태,가해운전자 차종,가해운전자 성별,가해운전자 연령,가해운전자 상해정도,피해운전자 차종,피해운전자 성별,피해운전자 연령,피해운전자 상해정도
2013101700100278,2013년 10월 17일 14시,목요일,충청북도 청원군 미원면,중상사고,0,1,1,0,차대차 - 기타,교차로운행방법위반,건조,맑음,교차로 - 교차로안,화물,남,65세,중상,화물,남,47세,경상
2013101700100307,2013년 10월 17일 15시,목요일,충청북도 청원군 내수읍,중상사고,0,2,0,0,차대차 - 측면직각충돌,안전운전불이행,건조,맑음,단일로 - 기타,화물,남,48세,상해없음,승용,여,46세,중상
2013101700100308,2013년 10월 17일 15시,목요일,충청북도 충주시 교현동,경상사고,0,0,2,0,차대차 - 추돌 - 진행중,안전운전불이행,건조,맑음,교차로 - 교차로안,승용,남,34세,상해없음,승용,여,38세,경상
2013101700100331,2013년 10월 17일 16시,목요일,충청북도 청주시 상당구 금천동,경상사고,0,0,3,0,차대차 - 측면직각충돌,안전거리미확보,건조,맑음,단일로 - 기타,승용,남,38세,경상,승용,남,49세,경상
2013101700100332,2013년 10월 17일 16시,목요일,충청북도 충주시 칠금동,경상사고,0,0,1,0,차대차 - 추돌 - 진행중,기타,건조,맑음,단일로 - 기타,화물,남,40세,기타불명,자전거,남,7세,경상
2013101700100369,2013년 10월 17일 17시,목요일,충청북도 충주시 연수동,중상사고,0,1,0,0,차량단독 - 기타,안전운전불이행,건조,맑음,단일로 - 기타,승용,남,60세,상해없음,,,,
2013101700100370,2013년 10월 17일 17시,목요일,충청북도 청주시 흥덕구 산남동,경상사고,0,0,3,0,차대차 - 정면충돌,직진우회전진행방해,건조,맑음,교차로 - 교차로안,승용,여,48세,경상,승합,남,55세,경상
2013101700100401,2013년 10월 17일 18시,목요일,충청북도 충주시 연수동,중상사고,0,1,0,0,차대차 - 기타,교차로운행방법위반,건조,맑음,교차로 - 교차로안,승용,남,29세,상해없음,원동기,남,56세,중상
2013101700100402,2013년 10월 17일 18시,목요일,충청북도 제천시 하소동,경상사고,0,0,1,0,차대사람 - 기타,보행자보호의무위반,건조,맑음,교차로 - 교차로부근,승합,남,28세,상해없음,보행자,남,57세,경상
2013101700100439,2013년 10월 17일 19시,목요일,충청북도 제천시 청전동,중상사고,0,1,2,0,차대차 - 측면직각충돌,직진우회전진행방해,건조,맑음,교차로 - 교차로안,승용,여,32세,상해없음,승합,남,52세,상해없음
2013101700100440,2013년 10월 17일 19시,목요일,충청북도 제천시 청전동,경상사고,0,0,1,0,차대차 - 기타,직진우회전진행방해,건조,맑음,교차로 - 교차로안,승용,남,50세,상해없음,승용,여,59세,경상
2013101700100441,2013년 10월 17일 19시,목요일,충청북도 청주시 흥덕구 운천동,중상사고,0,1,4,0,차대차 - 측면직각충돌,안전거리미확보,건조,맑음,단일로 - 기타,승용,여,52세,상해없음,승용,남,55세,경상
2013101700100470,2013년 10월 17일 20시,목요일,충청북도 청주시 상당구 오동동,중상사고,0,1,3,0,차대차 - 추돌 - 진행중,안전운전불이행,습기,흐림,단일로 - 기타,승용,남,54세,경상,승용,남,44세,경상
2013101700100471,2013년 10월 17일 20시,목요일,충청북도 충주시 용산동,경상사고,0,0,1,0,차대사람 - 기타,안전운전불이행,건조,맑음,단일로 - 기타,승용,남,63세,상해없음,보행자,남,34세,경상
2013101700100557,2013년 10월 17일 23시,목요일,충청북도 충주시 교현동,경상사고,0,0,2,0,차대차 - 기타,신호위반,건조,맑음,교차로 - 교차로안,승용,남,33세,상해없음,승용,남,37세,경상
2013101800100101,2013년 10월 18일 07시,금요일,충청북도 청원군 오창읍,경상사고,0,0,3,0,차대차 - 추돌 - 진행중,안전운전불이행,건조,맑음,단일로 - 기타,승용,남,33세,상해없음,화물,남,53세,경상
2013101800100102,2013년 10월 18일 07시,금요일,충청북도 음성군 금왕읍,중상사고,0,2,0,0,차대차 - 추돌 - 진행중,안전거리미확보,건조,맑음,교차로 - 교차로안,화물,남,55세,상해없음,화물,남,44세,중상
2013101800100144,2013년 10월 18일 08시,금요일,충청북도 영동군 영동읍,경상사고,0,0,1,0,차대차 - 기타,교차로운행방법위반,건조,맑음,교차로 - 교차로안,농기계,남,68세,상해없음,승용,여,45세,경상
2013101800100145,2013년 10월 18일 08시,금요일,충청북도 청주시 흥덕구 봉명동,부상신고사고,0,0,0,1,차대사람 - 횡단중,보행자보호의무위반,건조,맑음,단일로 - 횡단보도상,승용,남,58세,상해없음,보행자,여,56세,부상신고
2013101800100181,2013년 10월 18일 09시,금요일,충청북도 충주시 산척면,경상사고,0,0,2,0,차대차 - 추돌 - 진행중,안전운전불이행,건조,맑음,기타 - 기타,승용,남,74세,상해없음,화물,남,48세,경상
2013101800100182,2013년 10월 18일 09시,금요일,충청북도 음성군 감곡면,경상사고,0,0,1,0,차대차 - 기타,교차로운행방법위반,건조,맑음,교차로 - 교차로안,원동기,남,23세,경상,승용,남,29세,상해없음
2013101800100183,2013년 10월 18일 09시,금요일,충청북도 음성군 감곡면,중상사고,0,1,0,0,차대사람 - 기타,안전운전불이행,건조,맑음,단일로 - 기타,화물,남,50세,상해없음,보행자,남,33세,중상
2013101800100249,2013년 10월 18일 11시,금요일,충청북도 청주시 흥덕구 복대동,경상사고,0,0,1,0,차대차 - 정면충돌,안전운전불이행,건조,맑음,교차로 - 교차로부근,승합,남,46세,상해없음,승합,여,33세,경상
2013101800100267,2013년 10월 18일 12시,금요일,충청북도 제천시 청전동,중상사고,0,2,1,0,차대차 - 기타,안전운전불이행,건조,맑음,단일로 - 기타,승용,남,38세,상해없음,승용,여,40세,중상
2013101800100268,2013년 10월 18일 12시,금요일,충청북도 단양군 매포읍,경상사고,0,0,1,0,차대차 - 기타,직진우회전진행방해,건조,맑음,교차로 - 교차로안,승용,여,64세,상해없음,농기계,남,74세,경상
2013101800100299,2013년 10월 18일 13시,금요일,충청북도 괴산군 불정면,중상사고,0,2,0,0,차대차 - 측면직각충돌,기타,건조,맑음,교차로 - 교차로안,승용,남,28세,상해없음,이륜,남,61세,중상
2013101800100361,2013년 10월 18일 15시,금요일,충청북도 제천시 청전동,경상사고,0,0,2,0,차대차 - 기타,안전거리미확보,건조,맑음,교차로 - 교차로부근,승용,남,51세,상해없음,화물,여,42세,경상
2013101800100362,2013년 10월 18일 15시,금요일,충청북도 제천시 화산동,중상사고,0,1,0,0,차대차 - 측면직각충돌,직진우회전진행방해,건조,맑음,교차로 - 교차로안,승용,여,52세,상해없음,승용,여,35세,중상
2013101800100363,2013년 10월 18일 15시,금요일,충청북도 청주시 흥덕구 송절동,경상사고,0,0,2,0,차대차 - 추돌 - 진행중,안전운전불이행,건조,맑음,단일로 - 기타,화물,남,39세,상해없음,승용,여,42세,경상
2013101800100401,2013년 10월 18일 16시,금요일,충청북도 제천시 동현동,경상사고,0,0,1,1,차대차 - 기타,안전거리미확보,건조,맑음,단일로 - 횡단보도상,승용,여,65세,부상신고,화물,남,43세,상해없음
2013101800100402,2013년 10월 18일 16시,금요일,충청북도 청주시 흥덕구 분평동,중상사고,0,1,0,0,차대사람 - 기타,보행자보호의무위반,건조,맑음,교차로 - 교차로부근,승용,남,54세,상해없음,보행자,남,7세,중상
2013101800100403,2013년 10월 18일 16시,금요일,충청북도 청주시 흥덕구 산남동,경상사고,0,0,1,0,차대차 - 기타,안전거리미확보,건조,맑음,단일로 - 기타,승용,남,38세,상해없음,승용,남,36세,경상
2013101800100443,2013년 10월 18일 17시,금요일,충청북도 청주시 상당구 수동,경상사고,0,0,2,0,차대사람 - 횡단중,안전운전불이행,건조,맑음,교차로 - 교차로안,승용,남,49세,상해없음,보행자,여,16세,경상
2013101800100444,2013년 10월 18일 17시,금요일,충청북도 영동군 황간면,경상사고,0,0,1,0,차대차 - 기타,중앙선침범,건조,맑음,교차로 - 교차로부근,자전거,여,47세,경상,승용,여,56세,상해없음
2013101800100445,2013년 10월 18일 17시,금요일,충청북도 청주시 흥덕구 사창동,경상사고,0,0,2,0,차대차 - 측면직각충돌,안전운전불이행,건조,맑음,교차로 - 교차로안,승용,여,45세,상해없음,승용,남,40세,경상
2013101800100565,2013년 10월 18일 19시,금요일,충청북도 충주시 산척면,중상사고,0,1,0,0,차량단독 - 공작물충돌,안전운전불이행,건조,맑음,단일로 - 기타,승용,남,62세,중상,,,,
2013101800100659,2013년 10월 18일 21시,금요일,충청북도 제천시 명동,경상사고,0,0,1,0,차대차 - 기타,신호위반,건조,맑음,교차로 - 교차로안,자전거,남,19세,경상,승용,남,48세,상해없음
2013101800100660,2013년 10월 18일 21시,금요일,충청북도 제천시 의림동,경상사고,0,0,1,0,차대사람 - 기타,안전운전불이행,건조,맑음,단일로 - 기타,승용,여,35세,상해없음,보행자,여,88세,경상
2013101800100693,2013년 10월 18일 22시,금요일,충청북도 제천시 청전동,경상사고,0,0,1,0,차대차 - 기타,안전거리미확보,건조,맑음,교차로 - 교차로부근,승용,남,44세,상해없음,이륜,남,23세,경상
2013101800100694,2013년 10월 18일 22시,금요일,충청북도 청주시 흥덕구 사창동,경상사고,0,0,1,0,차대사람 - 길가장자리구역통행중,안전운전불이행,건조,맑음,단일로 - 기타,승용,남,29세,상해없음,보행자,남,19세,경상
2013101800100718,2013년 10월 18일 23시,금요일,충청북도 청주시 상당구 우암동,경상사고,0,0,1,0,차대차 - 기타,안전운전불이행,건조,맑음,교차로 - 교차로안,승용,남,52세,상해없음,승용,남,61세,상해없음
2013101800100719,2013년 10월 18일 23시,금요일,충청북도 청주시 상당구 용암동,중상사고,0,2,0,0,차대차 - 측면직각충돌,안전운전불이행,건조,맑음,교차로 - 교차로부근,승용,남,49세,상해없음,승용,남,53세,중상
2013101900100062,2013년 10월 19일 02시,토요일,충청북도 청주시 상당구 우암동,중상사고,0,2,0,0,차대사람 - 기타,안전운전불이행,건조,맑음,단일로 - 횡단보도부근,승용,여,49세,상해없음,보행자,남,23세,중상
2013101900100063,2013년 10월 19일 02시,토요일,충청북도 청주시 상당구 용암동,경상사고,0,0,5,0,차대차 - 측면직각충돌,교차로운행방법위반,건조,맑음,교차로 - 교차로안,승용,남,20세,경상,승용,남,56세,경상
2013101900100101,2013년 10월 19일 05시,토요일,충청북도 충주시 교현동,부상신고사고,0,0,0,1,차량단독 - 기타,안전운전불이행,건조,맑음,단일로 - 기타,원동기,여,54세,부상신고,,,,
2013101900100102,2013년 10월 19일 05시,토요일,충청북도 제천시 신백동,중상사고,0,1,0,0,차대사람 - 기타,안전운전불이행,건조,맑음,단일로 - 기타,승용,남,54세,상해없음,보행자,여,40세,중상
2013101900100120,2013년 10월 19일 06시,토요일,충청북도 청주시 상당구 용암동,중상사고,0,1,1,0,차대차 - 기타,신호위반,건조,맑음,교차로 - 교차로안,승용,남,45세,경상,승용,여,66세,중상
2013101900100146,2013년 10월 19일 08시,토요일,충청북도 청주시 상당구 율량동,중상사고,0,1,0,0,차대차 - 추돌 - 진행중,안전운전불이행,건조,맑음,단일로 - 기타,화물,남,64세,상해없음,원동기,남,77세,중상
2013101900100147,2013년 10월 19일 08시,토요일,충청북도 청주시 상당구 금천동,경상사고,0,0,1,0,차대차 - 기타,안전운전불이행,건조,맑음,교차로 - 교차로안,승용,남,31세,상해없음,원동기,남,61세,경상
2013101900100148,2013년 10월 19일 08시,토요일,충청북도 청주시 흥덕구 가경동,경상사고,0,0,2,0,차대차 - 측면직각충돌,신호위반,건조,맑음,교차로 - 교차로안,승용,남,55세,상해없음,승용,남,52세,경상
2013101900100149,2013년 10월 19일 08시,토요일,충청북도 청원군 현도면,중상사고,0,1,1,0,차대차 - 기타,교차로운행방법위반,건조,맑음,교차로 - 교차로안,승용,남,43세,경상,승용,남,62세,중상
2013101900100175,2013년 10월 19일 09시,토요일,충청북도 충주시 문화동,부상신고사고,0,0,0,1,차대차 - 추돌 - 진행중,안전거리미확보,건조,맑음,단일로 - 기타,원동기,남,61세,부상신고,승용,여,46세,상해없음
2013101900100176,2013년 10월 19일 09시,토요일,충청북도 청주시 흥덕구 성화동,중상사고,0,1,0,0,차대차 - 측면직각충돌,안전운전불이행,건조,맑음,교차로 - 교차로부근,승용,남,49세,상해없음,자전거,여,41세,중상
2013101900100197,2013년 10월 19일 10시,토요일,충청북도 제천시 왕암동,중상사고,0,1,0,0,차대차 - 기타,직진우회전진행방해,건조,맑음,교차로 - 교차로안,화물,남,61세,상해없음,승용,여,45세,중상
2013101900100280,2013년 10월 19일 13시,토요일,충청북도 제천시 백운면,경상사고,0,0,3,0,차대차 - 기타,안전운전불이행,건조,맑음,기타 - 기타,승용,남,26세,상해없음,승용,남,47세,경상
2013101900100281,2013년 10월 19일 13시,토요일,충청북도 음성군 감곡면,중상사고,0,3,4,1,차대차 - 기타,직진우회전진행방해,건조,맑음,교차로 - 교차로안,승합,남,24세,상해없음,승용,남,38세,경상
2013101900100348,2013년 10월 19일 15시,토요일,충청북도 영동군 영동읍,경상사고,0,0,1,0,차대차 - 기타,중앙선침범,건조,맑음,단일로 - 기타,원동기,남,49세,경상,승합,남,75세,상해없음
2013101900100349,2013년 10월 19일 15시,토요일,충청북도 보은군 보은읍,경상사고,0,0,1,0,차대차 - 기타,안전운전불이행,건조,맑음,단일로 - 기타,이륜,남,83세,경상,화물,남,77세,상해없음
2013101900100381,2013년 10월 19일 16시,토요일,충청북도 진천군 이월면,경상사고,0,0,1,0,차대차 - 측면직각충돌,교차로운행방법위반,건조,맑음,교차로 - 교차로안,화물,여,34세,상해없음,승합,남,47세,상해없음
2013101900100456,2013년 10월 19일 18시,토요일,충청북도 괴산군 청천면,사망사고,1,3,0,0,차량단독 - 공작물충돌,안전운전불이행,건조,맑음,단일로 - 기타,승용,남,53세,사망,,,,
2013101900100457,2013년 10월 19일 18시,토요일,충청북도 보은군 보은읍,중상사고,0,1,2,0,차대차 - 기타,교차로운행방법위반,건조,맑음,교차로 - 교차로부근,이륜,남,70세,중상,승합,남,38세,경상
2013101900100506,2013년 10월 19일 19시,토요일,충청북도 충주시 충인동,경상사고,0,0,1,0,차대차 - 기타,교차로운행방법위반,건조,맑음,단일로 - 기타,승용,남,21세,상해없음,자전거,남,16세,경상
2013101900100507,2013년 10월 19일 19시,토요일,충청북도 음성군 금왕읍,경상사고,0,0,2,0,차대차 - 기타,중앙선침범,건조,맑음,단일로 - 기타,승합,남,46세,상해없음,화물,여,51세,경상
2013101900100541,2013년 10월 19일 20시,토요일,충청북도 충주시 문화동,중상사고,0,1,0,0,차대차 - 추돌 - 진행중,신호위반,건조,맑음,교차로 - 교차로안,승용,여,24세,상해없음,원동기,남,16세,중상
2013101900100542,2013년 10월 19일 20시,토요일,충청북도 청주시 상당구 용암동,중상사고,0,1,0,0,차대사람 - 기타,신호위반,건조,맑음,교차로 - 교차로안,승용,남,51세,상해없음,보행자,남,72세,중상
2013101900100581,2013년 10월 19일 21시,토요일,충청북도 진천군 초평면,중상사고,0,2,1,0,차대차 - 추돌 - 주정차중,안전운전불이행,건조,맑음,교차로 - 교차로부근,승용,남,36세,상해없음,승용,남,36세,중상
2013101900100606,2013년 10월 19일 22시,토요일,충청북도 제천시 서부동,경상사고,0,0,5,0,차대차 - 기타,안전거리미확보,건조,맑음,교차로 - 교차로부근,승용,여,37세,상해없음,승용,남,18세,경상
2013101900100642,2013년 10월 19일 23시,토요일,충청북도 청주시 흥덕구 사직동,중상사고,0,2,1,0,차대차 - 측면직각충돌,신호위반,건조,맑음,교차로 - 교차로안,승용,남,23세,상해없음,승용,남,33세,경상
2013101900100643,2013년 10월 19일 23시,토요일,충청북도 청주시 흥덕구 복대동,중상사고,0,1,0,0,차대차 - 측면직각충돌,안전운전불이행,건조,맑음,단일로 - 기타,승용,남,22세,상해없음,이륜,남,30세,중상
2013102000100011,2013년 10월 20일 00시,일요일,충청북도 보은군 장안면,중상사고,0,1,0,0,차대차 - 기타,중앙선침범,건조,맑음,단일로 - 기타,특수,남,34세,상해없음,화물,남,56세,중상
2013102000100012,2013년 10월 20일 00시,일요일,충청북도 청원군 현도면,경상사고,0,0,2,0,차대차 - 기타,안전운전불이행,건조,맑음,단일로 - 기타,승용,여,22세,상해없음,승용,남,24세,경상
2013102000100035,2013년 10월 20일 01시,일요일,충청북도 청주시 흥덕구 복대동,중상사고,0,1,0,0,차대사람 - 횡단중,안전운전불이행,건조,맑음,단일로 - 기타,승용,남,33세,상해없음,보행자,남,23세,중상
2013102000100036,2013년 10월 20일 01시,일요일,충청북도 청주시 흥덕구 사직동,중상사고,0,1,0,0,차대사람 - 횡단중,안전운전불이행,건조,맑음,단일로 - 기타,승용,남,60세,상해없음,보행자,남,49세,중상
2013102000100116,2013년 10월 20일 07시,일요일,충청북도 제천시 청전동,중상사고,0,1,0,0,차대차 - 기타,안전운전불이행,건조,맑음,교차로 - 교차로안,승용,남,56세,상해없음,자전거,남,58세,중상
2013102000100129,2013년 10월 20일 08시,일요일,충청북도 충주시 문화동,중상사고,0,1,0,0,차대차 - 측면직각충돌,신호위반,건조,맑음,교차로 - 교차로부근,화물,남,54세,상해없음,화물,남,42세,중상
2013102000100130,2013년 10월 20일 08시,일요일,충청북도 증평군 증평읍,경상사고,0,0,1,0,차대차 - 기타,신호위반,건조,맑음,교차로 - 교차로안,화물,남,26세,상해없음,이륜,남,49세,경상
2013102000100197,2013년 10월 20일 11시,일요일,충청북도 청주시 흥덕구 석소동,중상사고,0,1,1,0,차대차 - 추돌 - 진행중,안전운전불이행,건조,맑음,단일로 - 기타,승합,남,58세,상해없음,승용,여,27세,중상
2013102000100218,2013년 10월 20일 12시,일요일,충청북도 청원군 오창읍,경상사고,0,0,1,0,차대차 - 추돌 - 진행중,안전운전불이행,건조,맑음,교차로 - 교차로부근,이륜,남,25세,상해없음,이륜,남,27세,경상
2013102000100219,2013년 10월 20일 12시,일요일,충청북도 충주시 용탄동,경상사고,0,0,1,0,차대사람 - 횡단중,안전운전불이행,건조,맑음,단일로 - 기타,화물,남,66세,상해없음,보행자,여,48세,경상
2013102000100247,2013년 10월 20일 13시,일요일,충청북도 충주시 동량면,중상사고,0,1,0,0,차량단독 - 공작물충돌,안전운전불이행,건조,맑음,단일로 - 기타,승용,남,26세,상해없음,,,,
2013102000100248,2013년 10월 20일 13시,일요일,충청북도 옥천군 옥천읍,사망사고,1,0,0,0,차량단독 - 전도전복,안전운전불이행,건조,맑음,단일로 - 기타,이륜,남,76세,사망,,,,
2013102000100275,2013년 10월 20일 14시,일요일,충청북도 진천군 초평면,중상사고,0,2,0,0,차대차 - 기타,중앙선침범,건조,맑음,단일로 - 기타,승용,남,52세,상해없음,승용,남,49세,중상
2013102000100301,2013년 10월 20일 15시,일요일,충청북도 충주시 살미면,경상사고,0,0,1,0,차대차 - 측면직각충돌,안전운전불이행,건조,맑음,단일로 - 기타,승용,남,51세,기타불명,이륜,남,33세,경상
2013102000100302,2013년 10월 20일 15시,일요일,충청북도 청원군 문의면,중상사고,0,1,2,0,차대차 - 기타,안전운전불이행,건조,맑음,단일로 - 기타,승용,남,73세,상해없음,승용,여,24세,경상
2013102000100345,2013년 10월 20일 16시,일요일,충청북도 제천시 청풍면,중상사고,0,1,0,0,차대차 - 기타,중앙선침범,건조,맑음,단일로 - 기타,승용,남,27세,상해없음,이륜,남,24세,중상
2013102000100346,2013년 10월 20일 16시,일요일,충청북도 음성군 대소면,부상신고사고,0,0,0,1,차대차 - 기타,안전거리미확보,건조,맑음,단일로 - 기타,원동기,남,17세,부상신고,승용,남,30세,상해없음
2013102000100347,2013년 10월 20일 16시,일요일,충청북도 옥천군 안내면,경상사고,0,0,1,0,차대차 - 측면직각충돌,중앙선침범,건조,맑음,단일로 - 기타,승용,남,48세,상해없음,승용,여,50세,경상
2013102000100348,2013년 10월 20일 16시,일요일,충청북도 청원군 남일면,경상사고,0,0,2,0,차대차 - 추돌 - 진행중,안전운전불이행,건조,맑음,교차로 - 교차로부근,화물,남,56세,상해없음,승용,남,60세,경상
2013102000100388,2013년 10월 20일 17시,일요일,충청북도 옥천군 군북면,경상사고,0,0,2,0,차대차 - 추돌 - 주정차중,안전운전불이행,건조,맑음,단일로 - 기타,화물,남,55세,상해없음,승용,남,54세,경상
2013102000100428,2013년 10월 20일 18시,일요일,충청북도 제천시 신백동,경상사고,0,0,1,0,차대사람 - 기타,안전운전불이행,건조,맑음,교차로 - 교차로부근,화물,남,73세,상해없음,보행자,남,43세,경상
2013102000100429,2013년 10월 20일 18시,일요일,충청북도 청주시 흥덕구 신봉동,경상사고,0,0,3,0,차대차 - 추돌 - 주정차중,안전운전불이행,건조,맑음,교차로 - 교차로부근,승용,남,58세,상해없음,승용,여,35세,경상
2013102000100528,2013년 10월 20일 21시,일요일,충청북도 충주시 대소원면,중상사고,0,6,13,0,차대차 - 추돌 - 주정차중,안전거리미확보,건조,맑음,단일로 - 기타,화물,남,42세,상해없음,승합,남,45세,경상
2013102000100549,2013년 10월 20일 22시,일요일,충청북도 청주시 상당구 사천동,중상사고,0,1,0,0,차대차 - 기타,중앙선침범,건조,맑음,기타 - 기타,화물,남,31세,상해없음,이륜,남,33세,중상
2013102000100550,2013년 10월 20일 22시,일요일,충청북도 청주시 흥덕구 분평동,중상사고,0,1,1,0,차대차 - 기타,신호위반,건조,맑음,교차로 - 교차로안,승용,여,46세,상해없음,승용,남,55세,중상
2013102100100021,2013년 10월 21일 01시,월요일,충청북도 청주시 흥덕구 사창동,경상사고,0,0,1,0,차대사람 - 기타,안전운전불이행,건조,맑음,단일로 - 기타,승용,여,43세,상해없음,보행자,남,35세,경상
2013102100100086,2013년 10월 21일 07시,월요일,충청북도 충주시 칠금동,경상사고,0,0,2,0,차대차 - 추돌 - 진행중,신호위반,건조,맑음,교차로 - 교차로안,승합,남,40세,상해없음,승용,남,30세,경상
2013102100100087,2013년 10월 21일 07시,월요일,충청북도 충주시 신니면,경상사고,0,0,2,0,차대차 - 추돌 - 진행중,신호위반,건조,맑음,교차로 - 교차로안,승용,남,52세,상해없음,승용,남,33세,상해없음
2013102100100088,2013년 10월 21일 07시,월요일,충청북도 제천시 신월동,중상사고,0,1,0,0,차대차 - 측면직각충돌,안전운전불이행,건조,맑음,교차로 - 교차로안,승합,남,44세,상해없음,원동기,남,65세,중상
2013102100100089,2013년 10월 21일 07시,월요일,충청북도 보은군 보은읍,중상사고,0,1,1,0,차대차 - 측면직각충돌,교차로운행방법위반,건조,흐림,교차로 - 교차로부근,원동기,남,72세,중상,승용,남,55세,경상
2013102100100090,2013년 10월 21일 07시,월요일,충청북도 진천군 초평면,중상사고,0,1,0,0,차대차 - 측면직각충돌,신호위반,건조,맑음,교차로 - 교차로안,승용,여,41세,상해없음,이륜,남,50세,중상
2013102100100091,2013년 10월 21일 07시,월요일,충청북도 청주시 흥덕구 가경동,경상사고,0,0,2,0,차대차 - 측면직각충돌,교차로운행방법위반,건조,맑음,교차로 - 교차로안,승용,남,28세,상해없음,승용,여,49세,경상
2013102100100092,2013년 10월 21일 07시,월요일,충청북도 청주시 흥덕구 신봉동,중상사고,0,1,0,0,차대차 - 측면직각충돌,안전운전불이행,건조,맑음,교차로 - 교차로안,이륜,남,35세,중상,승용,남,24세,상해없음
2013102100100121,2013년 10월 21일 08시,월요일,충청북도 청원군 옥산면,중상사고,0,1,0,0,차대차 - 측면직각충돌,안전운전불이행,건조,맑음,단일로 - 기타,화물,남,23세,상해없음,승용,여,38세,중상
2013102100100122,2013년 10월 21일 08시,월요일,충청북도 청주시 흥덕구 강서동,경상사고,0,0,2,0,차대차 - 측면직각충돌,교차로운행방법위반,건조,맑음,교차로 - 교차로안,승용,남,32세,경상,승용,여,30세,경상
2013102100100123,2013년 10월 21일 08시,월요일,충청북도 청원군 문의면,중상사고,0,1,0,0,차량단독 - 도로외이탈 - 추락,기타,건조,맑음,단일로 - 기타,승합,남,61세,상해없음,,,,
2013102100100150,2013년 10월 21일 09시,월요일,충청북도 괴산군 감물면,사망사고,1,0,0,0,차량단독 - 공작물충돌,안전운전불이행,건조,맑음,교차로 - 교차로부근,화물,남,75세,사망,,,,
2013102100100151,2013년 10월 21일 09시,월요일,충청북도 청원군 오송읍,경상사고,0,0,1,0,차대차 - 측면직각충돌,중앙선침범,건조,맑음,단일로 - 기타,화물,남,63세,상해없음,화물,남,50세,경상
2013102100100152,2013년 10월 21일 09시,월요일,충청북도 청주시 흥덕구 모충동,경상사고,0,0,1,0,차대차 - 추돌 - 진행중,안전운전불이행,건조,맑음,단일로 - 기타,승용,여,58세,상해없음,승용,남,27세,경상
2013102100100190,2013년 10월 21일 10시,월요일,충청북도 청주시 상당구 남문로1가동,경상사고,0,0,1,0,차대차 - 측면직각충돌,안전거리미확보,건조,맑음,기타 - 기타,승용,남,51세,상해없음,승용,여,19세,경상
2013102100100191,2013년 10월 21일 10시,월요일,충청북도 청원군 문의면,사망사고,1,0,0,0,차대차 - 측면직각충돌,중앙선침범,건조,맑음,단일로 - 기타,자전거,남,69세,사망,승용,남,28세,상해없음
2013102100100249,2013년 10월 21일 12시,월요일,충청북도 청주시 흥덕구 사창동,경상사고,0,0,1,0,차대사람 - 길가장자리구역통행중,안전운전불이행,건조,맑음,단일로 - 기타,승용,여,33세,상해없음,보행자,남,27세,경상
2013102100100348,2013년 10월 21일 15시,월요일,충청북도 제천시 중앙로1가,경상사고,0,0,1,0,차대차 - 추돌 - 진행중,안전거리미확보,건조,맑음,교차로 - 교차로부근,승용,남,47세,상해없음,승용,남,44세,경상
2013102100100349,2013년 10월 21일 15시,월요일,충청북도 청주시 흥덕구 지동동,경상사고,0,0,1,0,차량단독 - 공작물충돌,안전운전불이행,건조,맑음,단일로 - 기타,이륜,남,62세,경상,,,,
2013102100100350,2013년 10월 21일 15시,월요일,충청북도 청주시 흥덕구 사창동,경상사고,0,0,1,0,차대차 - 측면직각충돌,차로위반,건조,맑음,단일로 - 기타,승용,남,32세,상해없음,승용,남,52세,경상
2013102100100379,2013년 10월 21일 16시,월요일,충청북도 청주시 상당구 북문로2가동,중상사고,0,1,5,0,차대차 - 측면직각충돌,안전거리미확보,건조,맑음,단일로 - 기타,승용,여,38세,상해없음,승합,남,39세,상해없음
2013102100100474,2013년 10월 21일 18시,월요일,충청북도 청원군 오창읍,경상사고,0,0,2,0,차대차 - 추돌 - 진행중,안전운전불이행,건조,맑음,교차로 - 교차로부근,승용,남,47세,상해없음,승용,남,34세,경상
2013102100100475,2013년 10월 21일 18시,월요일,충청북도 충주시 살미면,부상신고사고,0,0,0,1,차대차 - 추돌 - 주정차중,안전운전불이행,건조,흐림,단일로 - 기타,승용,여,55세,부상신고,농기계,남,61세,상해없음
2013102100100476,2013년 10월 21일 18시,월요일,충청북도 음성군 생극면,경상사고,0,0,3,0,차대차 - 기타,중앙선침범,건조,맑음,단일로 - 기타,화물,남,20세,상해없음,화물,남,24세,경상
2013102100100569,2013년 10월 21일 20시,월요일,충청북도 청주시 상당구 북문로2가동,경상사고,0,0,4,0,차대차 - 추돌 - 주정차중,안전운전불이행,건조,맑음,교차로 - 교차로부근,승용,남,52세,상해없음,승용,남,38세,경상