사고번호,사고일시,요일,시군구,사고내용,사망자수,중상자수,경상자수,부상신고자수,사고유형,법규위반,노면상태,기상상태,도로형태,가해운전자 차종,가해운전자 성별,가해운전자 연령,가해운전자 상해정도,피해운전자 차종,피해운전자 성별,피해운전자 연령,피해운전자 상해정도
2013102500100272,2013년 10월 25일 12시,금요일,충청북도 청원군 오송읍,중상사고,0,1,0,0,차대차 - 추돌 - 진행중,중앙선침범,건조,맑음,교차로 - 교차로부근,승용,남,78세,상해없음,승용,남,32세,중상
2013102500100340,2013년 10월 25일 14시,금요일,충청북도 청주시 흥덕구 모충동,중상사고,0,2,1,0,차대차 - 추돌 - 진행중,차로위반,건조,맑음,단일로 - 기타,승용,여,55세,중상,승용,남,43세,상해없음
2013102500100425,2013년 10월 25일 16시,금요일,충청북도 충주시 목행동,경상사고,0,0,3,0,차대차 - 기타,교차로운행방법위반,건조,맑음,교차로 - 교차로안,승용,여,30세,경상,승용,남,55세,경상
2013102500100426,2013년 10월 25일 16시,금요일,충청북도 괴산군 괴산읍,경상사고,0,0,1,0,차대차 - 추돌 - 진행중,안전운전불이행,건조,맑음,단일로 - 기타,승용,남,54세,상해없음,승용,여,51세,경상
2013102500100427,2013년 10월 25일 16시,금요일,충청북도 청원군 오송읍,사망사고,1,0,0,0,차대차 - 측면직각충돌,안전운전불이행,건조,맑음,교차로 - 교차로안,승합,남,18세,상해없음,자전거,남,61세,사망
2013102500100469,2013년 10월 25일 17시,금요일,충청북도 청주시 흥덕구 복대동,경상사고,0,0,1,0,차대차 - 측면직각충돌,교차로운행방법위반,건조,맑음,교차로 - 교차로안,승용,남,65세,상해없음,원동기,남,16세,경상
2013102500100520,2013년 10월 25일 18시,금요일,충청북도 청주시 상당구 금천동,경상사고,0,0,1,0,차대차 - 측면직각충돌,교차로운행방법위반,건조,맑음,교차로 - 교차로안,승용,여,34세,상해없음,원동기,남,32세,경상
2013102500100521,2013년 10월 25일 18시,금요일,충청북도 제천시 고암동,중상사고,0,2,0,0,차대차 - 기타,중앙선침범,건조,맑음,단일로 - 기타,특수,남,38세,상해없음,원동기,남,20세,중상
2013102500100522,2013년 10월 25일 18시,금요일,충청북도 청주시 흥덕구 강서동,경상사고,0,0,1,0,차대차 - 측면직각충돌,안전거리미확보,건조,맑음,교차로 - 교차로부근,건설기계,남,49세,상해없음,승용,여,45세,경상
2013102500100523,2013년 10월 25일 18시,금요일,충청북도 청주시 흥덕구 사직동,경상사고,0,0,1,0,차대차 - 측면직각충돌,안전운전불이행,건조,맑음,교차로 - 교차로부근,승용,여,52세,상해없음,자전거,남,62세,경상
2013102500100587,2013년 10월 25일 19시,금요일,충청북도 청주시 상당구 금천동,경상사고,0,0,1,0,차대차 - 추돌 - 주정차중,안전운전불이행,건조,맑음,교차로 - 교차로부근,승합,남,54세,상해없음,승용,여,57세,경상
2013102500100621,2013년 10월 25일 20시,금요일,충청북도 충주시 칠금동,중상사고,0,1,0,0,차대차 - 추돌 - 진행중,안전운전불이행,건조,맑음,단일로 - 기타,화물,남,50세,상해없음,원동기,남,60세,중상
2013102500100622,2013년 10월 25일 20시,금요일,충청북도 청주시 흥덕구 죽림동,부상신고사고,0,0,0,1,차대차 - 측면직각충돌,안전운전불이행,건조,맑음,단일로 - 기타,화물,남,39세,상해없음,이륜,남,44세,부상신고
2013102500100623,2013년 10월 25일 20시,금요일,충청북도 청주시 흥덕구 가경동,중상사고,0,1,0,0,차대사람 - 횡단중,안전운전불이행,건조,맑음,교차로 - 교차로부근,승합,남,28세,상해없음,보행자,여,57세,중상
2013102500100649,2013년 10월 25일 21시,금요일,충청북도 청주시 상당구 수동,경상사고,0,0,1,0,차대차 - 기타,안전운전불이행,건조,맑음,교차로 - 교차로안,승용,남,35세,상해없음,승용,남,34세,상해없음
2013102500100650,2013년 10월 25일 21시,금요일,충청북도 진천군 백곡면,중상사고,0,1,0,0,차대차 - 추돌 - 주정차중,안전운전불이행,건조,맑음,단일로 - 기타,승합,여,78세,상해없음,농기계,남,75세,기타불명
2013102500100651,2013년 10월 25일 21시,금요일,충청북도 청주시 흥덕구 봉명동,경상사고,0,0,1,0,차대사람 - 기타,안전운전불이행,건조,맑음,교차로 - 교차로부근,승용,남,17세,상해없음,보행자,남,42세,경상
2013102500100652,2013년 10월 25일 21시,금요일,충청북도 청주시 흥덕구 개신동,경상사고,0,0,2,0,차대차 - 추돌 - 진행중,안전운전불이행,건조,맑음,교차로 - 교차로부근,승용,남,51세,상해없음,승용,남,40세,경상
2013102500100653,2013년 10월 25일 21시,금요일,충청북도 청원군 옥산면,경상사고,0,0,1,0,차량단독 - 공작물충돌,안전운전불이행,건조,맑음,단일로 - 기타,승용,남,33세,경상,,,,
2013102500100699,2013년 10월 25일 22시,금요일,충청북도 청주시 상당구 금천동,경상사고,0,0,2,0,차대차 - 측면직각충돌,교차로운행방법위반,건조,맑음,교차로 - 교차로부근,승용,남,51세,상해없음,승용,남,58세,경상
2013102500100700,2013년 10월 25일 22시,금요일,충청북도 청주시 흥덕구 가경동,경상사고,0,0,2,0,차대차 - 측면직각충돌,신호위반,건조,맑음,교차로 - 교차로안,승용,남,58세,상해없음,승용,남,26세,경상
2013102500100701,2013년 10월 25일 22시,금요일,충청북도 청주시 흥덕구 복대동,중상사고,0,1,2,0,차대차 - 추돌 - 주정차중,안전운전불이행,건조,맑음,단일로 - 기타,승용,남,56세,상해없음,승용,남,37세,중상
2013102500100703,2013년 10월 25일 22시,금요일,충청북도 영동군 용산면,사망사고,2,0,0,0,차량단독 - 전도전복,안전운전불이행,건조,맑음,단일로 - 기타,화물,남,40세,사망,,,,
2013102500100733,2013년 10월 25일 23시,금요일,충청북도 청주시 흥덕구 신봉동,경상사고,0,0,2,0,차대차 - 추돌 - 주정차중,안전운전불이행,건조,맑음,교차로 - 교차로부근,승용,여,43세,상해없음,승용,남,47세,경상
2013102600100012,2013년 10월 26일 00시,토요일,충청북도 청주시 상당구 영동,경상사고,0,0,2,0,차대차 - 기타,안전운전불이행,건조,맑음,교차로 - 교차로부근,승용,남,48세,상해없음,승용,남,66세,경상
2013102600100013,2013년 10월 26일 00시,토요일,충청북도 청주시 흥덕구 성화동,중상사고,0,1,1,0,차대차 - 측면직각충돌,교차로운행방법위반,건조,맑음,교차로 - 교차로안,승용,남,28세,중상,승용,여,47세,경상
2013102600100014,2013년 10월 26일 00시,토요일,충청북도 청주시 흥덕구 성화동,경상사고,0,0,1,0,차대차 - 추돌 - 주정차중,안전운전불이행,건조,맑음,단일로 - 기타,승용,남,38세,상해없음,승용,남,49세,경상
2013102600100033,2013년 10월 26일 01시,토요일,충청북도 청주시 흥덕구 개신동,경상사고,0,0,1,0,차대차 - 측면직각충돌,안전운전불이행,건조,맑음,단일로 - 기타,승용,남,64세,상해없음,원동기,남,36세,경상
2013102600100223,2013년 10월 26일 10시,토요일,충청북도 제천시 청전동,중상사고,0,1,0,0,차대차 - 기타,차로위반,건조,맑음,단일로 - 기타,승용,여,40세,상해없음,승용,남,52세,중상
2013102600100224,2013년 10월 26일 10시,토요일,충청북도 보은군 보은읍,경상사고,0,0,1,0,차대차 - 측면직각충돌,안전운전불이행,건조,맑음,단일로 - 기타,화물,남,68세,상해없음,원동기,남,71세,경상
2013102600100261,2013년 10월 26일 11시,토요일,충청북도 진천군 초평면,중상사고,0,1,1,0,차대차 - 측면직각충돌,안전운전불이행,건조,맑음,단일로 - 기타,화물,남,40세,상해없음,승용,남,51세,경상
2013102600100343,2013년 10월 26일 13시,토요일,충청북도 청원군 남이면,경상사고,0,0,5,0,차대차 - 기타,안전운전불이행,건조,맑음,교차로 - 교차로부근,승용,여,52세,상해없음,승용,남,25세,경상
2013102600100380,2013년 10월 26일 14시,토요일,충청북도 청주시 흥덕구 운천동,경상사고,0,0,1,0,차대차 - 측면직각충돌,중앙선침범,건조,맑음,교차로 - 교차로부근,승용,여,34세,상해없음,승용,남,49세,경상
2013102600100381,2013년 10월 26일 14시,토요일,충청북도 청주시 흥덕구 복대동,경상사고,0,0,1,0,차대차 - 측면직각충돌,불법유턴,건조,맑음,단일로 - 기타,승용,여,38세,상해없음,자전거,여,65세,경상
2013102600100487,2013년 10월 26일 17시,토요일,충청북도 청원군 오창읍,경상사고,0,0,1,0,차대차 - 기타,안전거리미확보,건조,맑음,단일로 - 기타,승용,남,42세,상해없음,승용,남,31세,경상
2013102600100488,2013년 10월 26일 17시,토요일,충청북도 청주시 흥덕구 복대동,경상사고,0,0,2,0,차대차 - 측면직각충돌,안전거리미확보,건조,맑음,단일로 - 기타,승용,남,57세,상해없음,승용,남,19세,경상
2013102600100535,2013년 10월 26일 18시,토요일,충청북도 제천시 봉양읍,중상사고,0,1,5,0,차대차 - 기타,안전운전불이행,건조,맑음,단일로 - 기타,승용,남,60세,상해없음,승용,남,55세,중상
2013102600100536,2013년 10월 26일 18시,토요일,충청북도 청주시 흥덕구 가경동,경상사고,0,0,1,0,차대차 - 추돌 - 진행중,안전운전불이행,건조,맑음,단일로 - 기타,승용,남,56세,상해없음,승용,남,53세,상해없음
2013102600100537,2013년 10월 26일 18시,토요일,충청북도 청주시 상당구 용정동,경상사고,0,0,1,0,차대차 - 측면직각충돌,안전운전불이행,건조,맑음,교차로 - 교차로안,승용,남,58세,상해없음,승용,여,32세,경상
2013102600100583,2013년 10월 26일 19시,토요일,충청북도 청원군 내수읍,사망사고,1,0,0,0,차대사람 - 횡단중,안전운전불이행,건조,맑음,단일로 - 기타,승용,남,30세,상해없음,보행자,남,71세,사망
2013102600100584,2013년 10월 26일 19시,토요일,충청북도 충주시 성남동,경상사고,0,0,1,0,차대차 - 기타,안전운전불이행,건조,맑음,교차로 - 교차로부근,승용,남,48세,상해없음,승용,남,22세,경상
2013102600100585,2013년 10월 26일 19시,토요일,충청북도 진천군 광혜원면,중상사고,0,1,2,0,차대차 - 측면직각충돌,신호위반,건조,맑음,교차로 - 교차로안,승용,남,36세,상해없음,승용,남,38세,중상
2013102600100586,2013년 10월 26일 19시,토요일,충청북도 청주시 흥덕구 복대동,경상사고,0,0,3,0,차대차 - 추돌 - 진행중,안전운전불이행,건조,맑음,단일로 - 기타,화물,남,59세,상해없음,승용,남,30세,경상
2013102600100635,2013년 10월 26일 20시,토요일,충청북도 제천시 천남동,경상사고,0,0,3,0,차대차 - 기타,안전운전불이행,건조,맑음,단일로 - 기타,승용,남,42세,경상,승용,여,48세,경상
2013102600100636,2013년 10월 26일 20시,토요일,충청북도 청주시 흥덕구 수곡동,경상사고,0,0,2,0,차대차 - 기타,안전운전불이행,건조,맑음,단일로 - 기타,승용,여,39세,경상,승용,남,52세,경상
2013102600100702,2013년 10월 26일 22시,토요일,충청북도 청주시 상당구 우암동,중상사고,0,1,2,0,차대차 - 측면직각충돌,신호위반,건조,맑음,교차로 - 교차로안,승용,남,53세,상해없음,승용,여,57세,중상
2013102600100732,2013년 10월 26일 23시,토요일,충청북도 청주시 흥덕구 복대동,경상사고,0,0,3,0,차대차 - 측면직각충돌,교차로운행방법위반,건조,맑음,교차로 - 교차로안,승용,남,26세,상해없음,승용,남,61세,경상
2013102600100733,2013년 10월 26일 23시,토요일,충청북도 청주시 상당구 평촌동,사망사고,1,0,1,0,차대차 - 기타,안전운전불이행,건조,맑음,교차로 - 교차로부근,승용,남,36세,사망,승용,여,29세,경상
2013102600100734,2013년 10월 26일 23시,토요일,충청북도 청주시 흥덕구 분평동,경상사고,0,0,1,0,차대차 - 기타,신호위반,건조,맑음,교차로 - 교차로안,원동기,남,15세,상해없음,원동기,남,54세,경상
2013102700100014,2013년 10월 27일 00시,일요일,충청북도 제천시 청전동,중상사고,0,1,0,0,차대사람 - 기타,안전운전불이행,건조,맑음,단일로 - 기타,승용,남,23세,상해없음,보행자,남,34세,중상
2013102700100015,2013년 10월 27일 00시,일요일,충청북도 청주시 흥덕구 휴암동,경상사고,0,0,3,0,차대차 - 추돌 - 진행중,안전운전불이행,건조,맑음,단일로 - 기타,승용,남,36세,경상,승용,여,55세,경상
2013102700100016,2013년 10월 27일 00시,일요일,충청북도 청주시 흥덕구 모충동,경상사고,0,0,1,0,차대차 - 기타,안전운전불이행,건조,맑음,교차로 - 교차로안,원동기,남,23세,경상,승용,남,36세,상해없음
2013102700100046,2013년 10월 27일 02시,일요일,충청북도 청주시 흥덕구 봉명동,경상사고,0,0,3,0,차대차 - 측면직각충돌,교차로운행방법위반,건조,맑음,교차로 - 교차로안,승용,여,40세,상해없음,승용,남,44세,경상
2013102700100138,2013년 10월 27일 08시,일요일,충청북도 증평군 증평읍,경상사고,0,0,1,0,차대사람 - 기타,안전운전불이행,건조,맑음,단일로 - 기타,승용,여,52세,상해없음,보행자,남,22세,경상
2013102700100139,2013년 10월 27일 08시,일요일,충청북도 음성군 음성읍,경상사고,0,0,1,0,차량단독 - 기타,안전운전불이행,건조,맑음,기타 - 기타,승합,남,43세,상해없음,,,,
2013102700100140,2013년 10월 27일 08시,일요일,충청북도 청주시 흥덕구 비하동,경상사고,0,0,3,0,차대차 - 측면직각충돌,안전운전불이행,건조,맑음,단일로 - 기타,승용,여,23세,상해없음,승용,여,32세,경상
2013102700100141,2013년 10월 27일 08시,일요일,충청북도 충주시 노은면,중상사고,0,1,2,0,차대차 - 추돌 - 진행중,안전거리미확보,건조,흐림,단일로 - 기타,승용,남,22세,상해없음,승용,여,42세,중상
2013102700100157,2013년 10월 27일 09시,일요일,충청북도 제천시 봉양읍,경상사고,0,0,1,0,차대차 - 기타,안전거리미확보,건조,맑음,기타 - 기타,승용,남,38세,상해없음,승합,남,54세,상해없음
2013102700100158,2013년 10월 27일 09시,일요일,충청북도 청주시 상당구 용암동,경상사고,0,0,1,0,차대사람 - 횡단중,보행자보호의무위반,건조,맑음,단일로 - 횡단보도상,화물,남,48세,상해없음,보행자,남,53세,경상
2013102700100175,2013년 10월 27일 10시,일요일,충청북도 청원군 남일면,경상사고,0,0,2,0,차대차 - 기타,안전운전불이행,건조,맑음,교차로 - 교차로부근,승용,남,63세,상해없음,원동기,남,72세,경상
2013102700100216,2013년 10월 27일 12시,일요일,충청북도 단양군 대강면,경상사고,0,0,1,0,차대차 - 측면직각충돌,직진우회전진행방해,건조,맑음,교차로 - 교차로안,승용,여,54세,상해없음,승용,남,58세,상해없음
2013102700100275,2013년 10월 27일 14시,일요일,충청북도 충주시 앙성면,중상사고,0,1,0,0,차대사람 - 기타,안전운전불이행,건조,맑음,단일로 - 기타,승용,남,64세,상해없음,보행자,남,13세,중상
2013102700100276,2013년 10월 27일 14시,일요일,충청북도 청주시 흥덕구 복대동,경상사고,0,0,5,0,차대차 - 측면직각충돌,안전거리미확보,건조,맑음,단일로 - 기타,승용,남,41세,경상,화물,남,29세,상해없음
2013102700100307,2013년 10월 27일 15시,일요일,충청북도 청주시 상당구 내덕동,경상사고,0,0,1,0,차대차 - 기타,중앙선침범,건조,맑음,교차로 - 교차로부근,승용,여,45세,상해없음,승용,남,29세,경상
2013102700100345,2013년 10월 27일 16시,일요일,충청북도 청주시 상당구 금천동,경상사고,0,0,1,0,차대차 - 측면직각충돌,안전운전불이행,건조,맑음,교차로 - 교차로부근,승용,남,31세,상해없음,승용,남,57세,경상
2013102700100431,2013년 10월 27일 18시,일요일,충청북도 청주시 상당구 우암동,경상사고,0,0,2,0,차대차 - 기타,안전운전불이행,건조,맑음,교차로 - 교차로안,승용,남,28세,상해없음,승용,남,59세,경상
2013102700100432,2013년 10월 27일 18시,일요일,충청북도 제천시 청전동,부상신고사고,0,0,0,1,차대차 - 추돌 - 주정차중,안전운전불이행,건조,맑음,교차로 - 교차로부근,승용,남,36세,상해없음,승용,남,51세,부상신고
2013102700100433,2013년 10월 27일 18시,일요일,충청북도 옥천군 옥천읍,중상사고,0,1,0,0,차대사람 - 기타,안전운전불이행,건조,맑음,교차로 - 교차로부근,화물,남,53세,상해없음,보행자,여,78세,중상
2013102700100434,2013년 10월 27일 18시,일요일,충청북도 청주시 흥덕구 복대동,경상사고,0,0,2,0,차대차 - 측면직각충돌,안전운전불이행,건조,맑음,교차로 - 교차로안,승용,남,60세,상해없음,승용,남,21세,경상
2013102700100435,2013년 10월 27일 18시,일요일,충청북도 청주시 흥덕구 성화동,경상사고,0,0,3,0,차대차 - 측면직각충돌,신호위반,건조,맑음,교차로 - 교차로안,승용,여,55세,경상,화물,여,47세,경상
2013102700100436,2013년 10월 27일 18시,일요일,충청북도 청주시 흥덕구 개신동,경상사고,0,0,1,0,차대차 - 측면직각충돌,안전운전불이행,건조,맑음,단일로 - 기타,화물,남,67세,상해없음,승용,여,48세,기타불명
2013102700100475,2013년 10월 27일 19시,일요일,충청북도 충주시 산척면,경상사고,0,0,5,0,차대차 - 추돌 - 주정차중,안전운전불이행,건조,맑음,교차로 - 교차로부근,승합,남,61세,상해없음,승용,남,35세,경상
2013102700100535,2013년 10월 27일 21시,일요일,충청북도 충주시 연수동,중상사고,0,1,0,0,차대차 - 측면직각충돌,안전운전불이행,습기,맑음,단일로 - 기타,승용,남,29세,상해없음,원동기,남,25세,중상
2013102800100006,2013년 10월 28일 00시,월요일,충청북도 진천군 초평면,중상사고,0,2,0,0,차대차 - 추돌 - 진행중,안전운전불이행,기타,안개,단일로 - 기타,승용,남,46세,중상,승용,남,57세,중상
2013102800100033,2013년 10월 28일 03시,월요일,충청북도 제천시 영천동,중상사고,0,1,1,0,차대차 - 기타,신호위반,건조,맑음,교차로 - 교차로안,승용,남,62세,상해없음,승용,남,50세,경상
2013102800100048,2013년 10월 28일 05시,월요일,충청북도 진천군 진천읍,사망사고,1,0,0,0,차대사람 - 차도통행중,안전운전불이행,습기,안개,단일로 - 기타,승용,남,38세,상해없음,보행자,여,73세,사망
2013102800100109,2013년 10월 28일 08시,월요일,충청북도 진천군 이월면,중상사고,0,1,2,0,차대차 - 추돌 - 주정차중,안전운전불이행,습기,안개,교차로 - 교차로부근,승용,여,61세,상해없음,승용,여,34세,중상
2013102800100171,2013년 10월 28일 10시,월요일,충청북도 진천군 초평면,경상사고,0,0,1,0,차대차 - 측면직각충돌,교차로운행방법위반,건조,맑음,교차로 - 교차로안,승용,남,58세,상해없음,건설기계,남,47세,상해없음
2013102800100201,2013년 10월 28일 11시,월요일,충청북도 청주시 흥덕구 모충동,경상사고,0,0,1,0,차대차 - 측면직각충돌,신호위반,건조,맑음,교차로 - 교차로안,승용,여,44세,상해없음,승용,남,59세,경상
2013102800100226,2013년 10월 28일 12시,월요일,충청북도 충주시 신니면,중상사고,0,3,0,0,차대차 - 추돌 - 진행중,신호위반,건조,맑음,교차로 - 교차로안,승용,남,25세,상해없음,승용,남,53세,중상
2013102800100338,2013년 10월 28일 16시,월요일,충청북도 청주시 흥덕구 장암동,사망사고,1,0,0,0,차대차 - 측면직각충돌,신호위반,건조,맑음,교차로 - 교차로안,자전거,남,80세,사망,승합,남,53세,상해없음
2013102800100427,2013년 10월 28일 18시,월요일,충청북도 제천시 청전동,경상사고,0,0,2,0,차대차 - 기타,안전거리미확보,건조,맑음,교차로 - 교차로부근,승용,남,31세,상해없음,승용,여,26세,경상
2013102800100428,2013년 10월 28일 18시,월요일,충청북도 보은군 수한면,경상사고,0,0,1,0,차대차 - 측면직각충돌,안전운전불이행,건조,맑음,교차로 - 교차로부근,원동기,남,74세,경상,승용,여,46세,상해없음
2013102800100509,2013년 10월 28일 20시,월요일,충청북도 음성군 감곡면,경상사고,0,0,1,0,차대차 - 기타,신호위반,건조,맑음,교차로 - 교차로안,승용,남,54세,상해없음,원동기,남,20세,경상
2013102800100575,2013년 10월 28일 22시,월요일,충청북도 보은군 보은읍,경상사고,0,0,2,0,차대차 - 측면직각충돌,안전운전불이행,건조,맑음,단일로 - 기타,원동기,남,22세,경상,승용,여,43세,경상
2013102800100576,2013년 10월 28일 22시,월요일,충청북도 청주시 상당구 용담동,경상사고,0,0,1,0,차대차 - 기타,신호위반,건조,맑음,교차로 - 교차로안,승용,여,43세,상해없음,승용,여,45세,경상
2013102900100017,2013년 10월 29일 00시,화요일,충청북도 청주시 흥덕구 가경동,경상사고,0,0,2,0,차대사람 - 보도통행중,안전운전불이행,건조,맑음,단일로 - 기타,승용,남,47세,상해없음,보행자,남,22세,경상
2013102900100096,2013년 10월 29일 07시,화요일,충청북도 음성군 금왕읍,중상사고,0,1,3,0,차대차 - 기타,신호위반,건조,맑음,교차로 - 교차로안,승용,남,28세,경상,화물,남,49세,경상
2013102900100133,2013년 10월 29일 08시,화요일,충청북도 청주시 상당구 금천동,경상사고,0,0,1,0,차대차 - 기타,안전운전불이행,건조,맑음,기타 - 기타,승용,여,55세,기타불명,승용,남,27세,경상
2013102900100134,2013년 10월 29일 08시,화요일,충청북도 청주시 흥덕구 송절동,중상사고,0,1,0,0,차대사람 - 차도통행중,보행자보호의무위반,건조,맑음,교차로 - 교차로부근,승용,남,49세,상해없음,보행자,남,53세,중상
2013102900100135,2013년 10월 29일 08시,화요일,충청북도 청원군 낭성면,중상사고,0,1,0,0,차량단독 - 기타,안전운전불이행,건조,맑음,교차로 - 교차로안,승합,남,46세,상해없음,,,,
2013102900100210,2013년 10월 29일 11시,화요일,충청북도 청주시 상당구 석교동,경상사고,0,0,2,0,차대차 - 기타,안전운전불이행,건조,맑음,교차로 - 교차로안,승용,남,53세,상해없음,화물,남,52세,상해없음
2013102900100211,2013년 10월 29일 11시,화요일,충청북도 청주시 흥덕구 가경동,경상사고,0,0,2,0,차량단독 - 기타,안전거리미확보,건조,맑음,단일로 - 기타,승합,남,54세,상해없음,,,,
2013102900100212,2013년 10월 29일 11시,화요일,충청북도 청원군 남일면,경상사고,0,0,3,0,차대차 - 기타,교차로운행방법위반,건조,맑음,교차로 - 교차로안,승용,여,60세,경상,승용,남,72세,경상
2013102900100238,2013년 10월 29일 12시,화요일,충청북도 증평군 증평읍,경상사고,0,0,1,0,차대사람 - 횡단중,보행자보호의무위반,건조,맑음,교차로 - 교차로안,승용,여,53세,상해없음,보행자,여,43세,경상
2013102900100267,2013년 10월 29일 13시,화요일,충청북도 청주시 상당구 석교동,중상사고,0,1,0,0,차대사람 - 기타,안전운전불이행,건조,맑음,단일로 - 기타,승용,남,69세,상해없음,보행자,남,62세,중상
2013102900100268,2013년 10월 29일 13시,화요일,충청북도 충주시 용산동,경상사고,0,0,1,0,차대사람 - 기타,안전운전불이행,건조,맑음,교차로 - 교차로부근,승용,여,39세,상해없음,보행자,남,64세,경상
2013102900100269,2013년 10월 29일 13시,화요일,충청북도 제천시 청전동,경상사고,0,0,2,0,차대사람 - 기타,보행자보호의무위반,건조,맑음,교차로 - 교차로부근,승용,남,36세,상해없음,보행자,여,20세,경상
2013102900100296,2013년 10월 29일 14시,화요일,충청북도 청주시 상당구 금천동,경상사고,0,0,1,0,차대차 - 기타,교차로운행방법위반,건조,맑음,교차로 - 교차로부근,승용,남,68세,상해없음,승용,남,33세,경상
2013102900100316,2013년 10월 29일 15시,화요일,충청북도 옥천군 옥천읍,경상사고,0,0,1,0,차대차 - 측면직각충돌,교차로운행방법위반,건조,맑음,교차로 - 교차로안,이륜,남,30세,경상,승용,여,66세,상해없음
2013102900100355,2013년 10월 29일 16시,화요일,충청북도 청주시 상당구 용담동,중상사고,0,1,0,0,차대사람 - 횡단중,안전운전불이행,건조,맑음,단일로 - 기타,승용,여,34세,상해없음,보행자,여,9세,중상
2013102900100401,2013년 10월 29일 17시,화요일,충청북도 제천시 영천동,경상사고,0,0,1,0,차대차 - 기타,안전거리미확보,건조,맑음,단일로 - 기타,화물,남,47세,상해없음,승용,남,40세,경상
2013102900100402,2013년 10월 29일 17시,화요일,충청북도 제천시 화산동,중상사고,0,1,2,0,차대차 - 기타,직진우회전진행방해,건조,맑음,교차로 - 교차로안,화물,남,33세,상해없음,승용,여,40세,중상
2013102900100403,2013년 10월 29일 17시,화요일,충청북도 제천시 송학면,부상신고사고,0,0,0,1,차량단독 - 공작물충돌,안전운전불이행,건조,맑음,단일로 - 기타,화물,남,54세,부상신고,,,,
2013102900100448,2013년 10월 29일 18시,화요일,충청북도 청원군 내수읍,중상사고,0,1,0,0,차대차 - 측면직각충돌,교차로운행방법위반,건조,맑음,교차로 - 교차로안,화물,남,60세,상해없음,승용,남,34세,중상
2013102900100449,2013년 10월 29일 18시,화요일,충청북도 충주시 가금면,경상사고,0,0,1,0,차대차 - 기타,안전운전불이행,건조,맑음,교차로 - 교차로안,승용,남,60세,상해없음,승용,남,42세,경상
2013102900100501,2013년 10월 29일 19시,화요일,충청북도 청주시 상당구 내덕동,경상사고,0,0,4,0,차대차 - 측면직각충돌,안전운전불이행,습기,비,교차로 - 교차로부근,승합,남,40세,상해없음,승용,여,56세,경상
2013102900100534,2013년 10월 29일 20시,화요일,충청북도 청원군 오송읍,경상사고,0,0,1,0,차대차 - 추돌 - 주정차중,안전운전불이행,습기,비,단일로 - 기타,화물,남,40세,상해없음,승용,여,27세,경상
2013102900100535,2013년 10월 29일 20시,화요일,충청북도 청주시 흥덕구 사직동,경상사고,0,0,1,0,차대차 - 기타,교차로운행방법위반,건조,맑음,교차로 - 교차로안,승용,남,57세,상해없음,승용,남,44세,상해없음
2013102900100568,2013년 10월 29일 21시,화요일,충청북도 청원군 오송읍,중상사고,0,1,0,0,차대사람 - 횡단중,안전운전불이행,습기,비,교차로 - 교차로안,승용,남,45세,상해없음,보행자,남,13세,중상
2013102900100569,2013년 10월 29일 21시,화요일,충청북도 청주시 상당구 용암동,경상사고,0,0,1,0,차대차 - 측면직각충돌,안전운전불이행,습기,비,교차로 - 교차로안,기타불명,기타불명,기타불명,기타불명,자전거,여,23세,경상
2013102900100601,2013년 10월 29일 22시,화요일,충청북도 충주시 목행동,중상사고,0,2,1,0,차대차 - 추돌 - 진행중,직진우회전진행방해,건조,맑음,교차로 - 교차로안,승용,여,55세,중상,승용,남,50세,경상
2013102900100602,2013년 10월 29일 22시,화요일,충청북도 진천군 광혜원면,중상사고,0,2,0,0,차대차 - 측면직각충돌,신호위반,건조,맑음,교차로 - 교차로안,승용,남,26세,상해없음,승용,남,37세,중상
2013102900100624,2013년 10월 29일 23시,화요일,충청북도 충주시 봉방동,경상사고,0,0,1,0,차대차 - 기타,안전운전불이행,건조,맑음,교차로 - 교차로부근,승용,남,54세,상해없음,원동기,남,17세,경상
2013103000100013,2013년 10월 30일 00시,수요일,충청북도 청주시 흥덕구 수곡동,경상사고,0,0,2,0,차대차 - 기타,교차로운행방법위반,건조,맑음,교차로 - 교차로안,승용,남,55세,경상,승용,남,29세,경상
2013103000100076,2013년 10월 30일 06시,수요일,충청북도 충주시 교현동,중상사고,0,1,0,1,차대차 - 기타,신호위반,건조,맑음,교차로 - 교차로안,승용,남,28세,부상신고,승용,남,36세,중상
2013103000100101,2013년 10월 30일 07시,수요일,충청북도 증평군 증평읍,중상사고,0,1,0,1,차대차 - 측면직각충돌,직진우회전진행방해,건조,맑음,교차로 - 교차로안,승합,남,37세,부상신고,승용,남,42세,상해없음
2013103000100134,2013년 10월 30일 08시,수요일,충청북도 단양군 매포읍,중상사고,0,1,0,0,차대차 - 기타,교차로운행방법위반,건조,맑음,교차로 - 교차로안,승용,여,33세,상해없음,원동기,남,70세,중상
2013103000100135,2013년 10월 30일 08시,수요일,충청북도 진천군 진천읍,중상사고,0,1,0,0,차대차 - 추돌 - 진행중,안전운전불이행,건조,맑음,교차로 - 교차로부근,화물,남,34세,상해없음,화물,남,54세,중상