사고번호,사고일시,요일,시군구,사고내용,사망자수,중상자수,경상자수,부상신고자수,사고유형,법규위반,노면상태,기상상태,도로형태,가해운전자 차종,가해운전자 성별,가해운전자 연령,가해운전자 상해정도,피해운전자 차종,피해운전자 성별,피해운전자 연령,피해운전자 상해정도
2013103000100136,2013년 10월 30일 08시,수요일,충청북도 청주시 흥덕구 사직동,중상사고,0,1,0,0,차대차 - 추돌 - 진행중,안전거리미확보,건조,맑음,교차로 - 교차로부근,승용,남,27세,상해없음,원동기,남,38세,중상
2013103000100137,2013년 10월 30일 08시,수요일,충청북도 청주시 상당구 용정동,경상사고,0,0,1,0,차대차 - 측면직각충돌,기타,건조,맑음,교차로 - 교차로안,승용,남,73세,상해없음,승용,남,41세,경상
2013103000100179,2013년 10월 30일 09시,수요일,충청북도 제천시 장락동,경상사고,0,0,1,0,차대차 - 기타,차로위반,건조,맑음,단일로 - 기타,화물,남,65세,상해없음,승용,남,63세,경상
2013103000100180,2013년 10월 30일 09시,수요일,충청북도 진천군 진천읍,경상사고,0,0,1,0,차대차 - 측면직각충돌,신호위반,건조,맑음,교차로 - 교차로안,건설기계,남,62세,상해없음,화물,남,46세,경상
2013103000100209,2013년 10월 30일 10시,수요일,충청북도 충주시 살미면,경상사고,0,0,1,2,차대차 - 추돌 - 진행중,중앙선침범,건조,맑음,단일로 - 기타,승용,여,68세,부상신고,승합,남,42세,경상
2013103000100249,2013년 10월 30일 11시,수요일,충청북도 제천시 왕암동,중상사고,0,2,0,0,차대차 - 기타,신호위반,건조,맑음,교차로 - 교차로안,건설기계,남,33세,상해없음,승용,남,32세,중상
2013103000100250,2013년 10월 30일 11시,수요일,충청북도 음성군 금왕읍,중상사고,0,1,0,0,차대차 - 기타,교차로운행방법위반,건조,맑음,교차로 - 교차로안,원동기,남,85세,중상,승용,여,48세,상해없음
2013103000100251,2013년 10월 30일 11시,수요일,충청북도 청주시 흥덕구 향정동,중상사고,0,1,0,0,차대사람 - 길가장자리구역통행중,불법유턴,건조,맑음,교차로 - 교차로안,승용,남,66세,상해없음,보행자,여,28세,중상
2013103000100330,2013년 10월 30일 14시,수요일,충청북도 청주시 상당구 남문로1가동,경상사고,0,0,1,0,차대차 - 추돌 - 진행중,안전거리미확보,건조,맑음,교차로 - 교차로부근,승용,남,37세,상해없음,승용,남,58세,경상
2013103000100361,2013년 10월 30일 15시,수요일,충청북도 충주시 봉방동,경상사고,0,0,2,0,차대차 - 추돌 - 진행중,교차로운행방법위반,건조,맑음,교차로 - 교차로안,화물,남,68세,상해없음,화물,남,36세,경상
2013103000100362,2013년 10월 30일 15시,수요일,충청북도 진천군 진천읍,경상사고,0,0,1,0,차대차 - 측면직각충돌,안전운전불이행,건조,맑음,단일로 - 기타,승합,남,62세,상해없음,화물,남,50세,경상
2013103000100393,2013년 10월 30일 16시,수요일,충청북도 청주시 상당구 주중동,경상사고,0,0,2,0,차대차 - 기타,안전운전불이행,건조,맑음,단일로 - 기타,승합,남,43세,상해없음,승용,남,27세,상해없음
2013103000100394,2013년 10월 30일 16시,수요일,충청북도 청주시 흥덕구 분평동,중상사고,0,1,0,0,차대차 - 기타,안전운전불이행,건조,맑음,교차로 - 교차로안,화물,남,42세,상해없음,자전거,남,13세,중상
2013103000100464,2013년 10월 30일 18시,수요일,충청북도 청원군 낭성면,중상사고,0,1,0,0,차대사람 - 길가장자리구역통행중,안전운전불이행,건조,맑음,단일로 - 기타,승용,여,38세,상해없음,보행자,여,71세,중상
2013103000100521,2013년 10월 30일 19시,수요일,충청북도 충주시 동량면,사망사고,1,1,0,0,차량단독 - 공작물충돌,안전운전불이행,건조,맑음,단일로 - 기타,승용,남,73세,중상,,,,
2013103000100554,2013년 10월 30일 20시,수요일,충청북도 제천시 덕산면,중상사고,0,1,0,0,차대사람 - 기타,안전운전불이행,건조,맑음,단일로 - 기타,승용,여,43세,상해없음,보행자,여,81세,중상
2013103000100555,2013년 10월 30일 20시,수요일,충청북도 청원군 옥산면,경상사고,0,0,1,0,차대차 - 측면직각충돌,중앙선침범,건조,맑음,교차로 - 교차로안,승용,남,33세,상해없음,승용,남,44세,경상
2013103100100014,2013년 10월 31일 00시,목요일,충청북도 제천시 청전동,경상사고,0,0,3,0,차대차 - 기타,안전운전불이행,건조,맑음,단일로 - 기타,승용,남,30세,상해없음,승용,남,37세,경상
2013103100100081,2013년 10월 31일 05시,목요일,충청북도 청원군 강내면,경상사고,0,0,1,0,차량단독 - 공작물충돌,안전운전불이행,건조,맑음,단일로 - 기타,승용,남,51세,경상,,,,
2013103100100110,2013년 10월 31일 07시,목요일,충청북도 청주시 상당구 오동동,사망사고,1,0,0,0,차대차 - 측면직각충돌,안전운전불이행,건조,맑음,단일로 - 기타,승용,남,69세,상해없음,원동기,남,60세,사망
2013103100100111,2013년 10월 31일 07시,목요일,충청북도 청주시 상당구 율량동,경상사고,0,0,2,0,차대차 - 기타,교차로운행방법위반,건조,맑음,교차로 - 교차로안,승용,남,24세,경상,승용,남,20세,경상
2013103100100138,2013년 10월 31일 08시,목요일,충청북도 제천시 동현동,중상사고,0,1,0,0,차대차 - 측면직각충돌,신호위반,건조,맑음,교차로 - 교차로안,화물,남,65세,상해없음,승용,여,42세,중상
2013103100100139,2013년 10월 31일 08시,목요일,충청북도 괴산군 괴산읍,경상사고,0,0,1,1,차대차 - 측면직각충돌,직진우회전진행방해,습기,안개,교차로 - 교차로안,승용,여,46세,부상신고,화물,남,47세,경상
2013103100100165,2013년 10월 31일 09시,목요일,충청북도 청주시 상당구 석교동,경상사고,0,0,1,0,차대사람 - 기타,기타,건조,맑음,단일로 - 기타,승용,남,52세,상해없음,보행자,여,30세,경상
2013103100100166,2013년 10월 31일 09시,목요일,충청북도 영동군 용화면,중상사고,0,1,0,0,차량단독 - 전도전복,안전운전불이행,건조,맑음,단일로 - 기타,이륜,남,71세,중상,,,,
2013103100100167,2013년 10월 31일 09시,목요일,충청북도 청주시 흥덕구 봉명동,경상사고,0,0,1,0,차대차 - 기타,안전운전불이행,건조,맑음,단일로 - 기타,특수,남,52세,상해없음,승합,남,26세,경상
2013103100100168,2013년 10월 31일 09시,목요일,충청북도 충주시 노은면,중상사고,0,6,9,0,차대차 - 기타,안전운전불이행,건조,맑음,단일로 - 기타,승합,남,36세,상해없음,화물,남,53세,경상
2013103100100201,2013년 10월 31일 10시,목요일,충청북도 청원군 오창읍,중상사고,0,1,0,0,차량단독 - 기타,안전운전불이행,건조,맑음,단일로 - 기타,이륜,남,76세,중상,,,,
2013103100100202,2013년 10월 31일 10시,목요일,충청북도 충주시 목행동,중상사고,0,1,1,0,차대차 - 추돌 - 진행중,안전거리미확보,건조,맑음,단일로 - 기타,승용,남,61세,중상,화물,남,46세,경상
2013103100100270,2013년 10월 31일 13시,목요일,충청북도 청주시 상당구 내덕동,경상사고,0,0,1,0,차대사람 - 기타,안전운전불이행,건조,맑음,교차로 - 교차로부근,승용,남,41세,상해없음,보행자,여,20세,경상
2013103100100371,2013년 10월 31일 16시,목요일,충청북도 청주시 흥덕구 복대동,중상사고,0,1,1,0,차대차 - 측면직각충돌,신호위반,건조,맑음,단일로 - 기타,원동기,남,23세,경상,원동기,남,47세,중상
2013103100100416,2013년 10월 31일 17시,목요일,충청북도 충주시 단월동,중상사고,0,1,1,0,차대차 - 추돌 - 진행중,안전운전불이행,건조,맑음,교차로 - 교차로안,승용,남,59세,상해없음,승합,남,68세,경상
2013103100100463,2013년 10월 31일 18시,목요일,충청북도 음성군 생극면,중상사고,0,1,0,0,차대차 - 기타,기타,건조,맑음,단일로 - 기타,화물,남,58세,상해없음,화물,남,43세,중상
2013103100100464,2013년 10월 31일 18시,목요일,충청북도 진천군 진천읍,경상사고,0,0,1,0,차대차 - 추돌 - 주정차중,안전운전불이행,건조,맑음,교차로 - 교차로부근,승용,남,61세,상해없음,승용,남,47세,경상
2013103100100505,2013년 10월 31일 19시,목요일,충청북도 충주시 봉방동,중상사고,0,1,0,0,차대차 - 추돌 - 진행중,안전거리미확보,건조,맑음,단일로 - 기타,승용,남,49세,상해없음,원동기,남,35세,중상
2013103100100506,2013년 10월 31일 19시,목요일,충청북도 청주시 흥덕구 신봉동,중상사고,0,1,0,0,차대사람 - 횡단중,보행자보호의무위반,건조,맑음,교차로 - 교차로부근,승용,남,36세,상해없음,보행자,남,49세,중상
2013103100100541,2013년 10월 31일 20시,목요일,충청북도 청주시 상당구 사천동,경상사고,0,0,2,0,차대차 - 기타,교차로운행방법위반,건조,맑음,교차로 - 교차로안,승용,여,48세,경상,승용,남,50세,경상
2013103100100542,2013년 10월 31일 20시,목요일,충청북도 청주시 흥덕구 성화동,중상사고,0,1,1,0,차대차 - 측면직각충돌,신호위반,건조,맑음,교차로 - 교차로안,승용,여,34세,경상,승용,남,28세,중상
2013103100100543,2013년 10월 31일 20시,목요일,충청북도 청주시 흥덕구 가경동,경상사고,0,0,1,0,차대차 - 측면직각충돌,기타,건조,맑음,교차로 - 교차로부근,승용,남,36세,상해없음,이륜,남,42세,경상
2013103100100544,2013년 10월 31일 20시,목요일,충청북도 청주시 상당구 용암동,중상사고,0,1,0,0,차대차 - 기타,안전운전불이행,건조,맑음,단일로 - 기타,이륜,남,17세,중상,승용,남,38세,상해없음
2013103100100575,2013년 10월 31일 21시,목요일,충청북도 충주시 단월동,부상신고사고,0,0,0,1,차대차 - 추돌 - 진행중,중앙선침범,건조,맑음,단일로 - 기타,승용,여,55세,부상신고,화물,남,51세,상해없음
2013103100100606,2013년 10월 31일 22시,목요일,충청북도 청주시 상당구 수동,중상사고,0,1,2,0,차대차 - 측면직각충돌,교차로운행방법위반,건조,맑음,교차로 - 교차로안,승용,남,34세,상해없음,승용,여,18세,중상
2013103100100642,2013년 10월 31일 23시,목요일,충청북도 제천시 백운면,경상사고,0,0,1,0,차대차 - 기타,기타,건조,맑음,단일로 - 기타,승용,남,72세,상해없음,승용,여,45세,경상
2013110100100015,2013년 11월 1일 00시,금요일,충청북도 청주시 흥덕구 복대동,중상사고,0,1,0,0,차대사람 - 횡단중,신호위반,건조,맑음,교차로 - 교차로부근,승용,남,27세,상해없음,보행자,남,59세,중상
2013110100100146,2013년 11월 1일 08시,금요일,충청북도 청주시 상당구 율량동,경상사고,0,0,1,0,차대사람 - 기타,중앙선침범,건조,맑음,단일로 - 기타,이륜,남,37세,상해없음,보행자,여,18세,경상
2013110100100147,2013년 11월 1일 08시,금요일,충청북도 청주시 흥덕구 봉명동,경상사고,0,0,1,0,차대차 - 측면직각충돌,안전운전불이행,건조,맑음,교차로 - 교차로안,승용,남,33세,상해없음,승용,여,37세,경상
2013110100100192,2013년 11월 1일 09시,금요일,충청북도 단양군 단양읍,중상사고,0,3,0,0,차대차 - 추돌 - 진행중,안전거리미확보,건조,맑음,단일로 - 기타,승용,남,73세,중상,승용,남,49세,상해없음
2013110100100220,2013년 11월 1일 10시,금요일,충청북도 제천시 중앙로1가,경상사고,0,0,1,0,차대사람 - 기타,안전운전불이행,건조,맑음,단일로 - 기타,승용,남,67세,상해없음,보행자,남,27세,경상
2013110100100221,2013년 11월 1일 10시,금요일,충청북도 청원군 남이면,경상사고,0,0,1,0,차대차 - 기타,안전운전불이행,건조,맑음,단일로 - 기타,화물,남,45세,상해없음,승용,남,34세,경상
2013110100100222,2013년 11월 1일 10시,금요일,충청북도 청원군 옥산면,경상사고,0,0,2,0,차대차 - 측면직각충돌,안전운전불이행,건조,맑음,단일로 - 기타,승용,남,30세,경상,승합,남,49세,상해없음
2013110100100267,2013년 11월 1일 12시,금요일,충청북도 청원군 내수읍,경상사고,0,0,1,0,차대차 - 측면직각충돌,안전운전불이행,건조,맑음,교차로 - 교차로부근,화물,남,35세,상해없음,농기계,남,74세,경상
2013110100100268,2013년 11월 1일 12시,금요일,충청북도 옥천군 안남면,중상사고,0,3,2,0,차대차 - 측면직각충돌,중앙선침범,건조,맑음,단일로 - 기타,승용,여,54세,중상,승용,남,82세,중상
2013110100100293,2013년 11월 1일 13시,금요일,충청북도 청원군 남이면,경상사고,0,0,3,0,차대차 - 추돌 - 진행중,안전운전불이행,건조,맑음,교차로 - 교차로안,승용,여,30세,경상,승용,여,39세,경상
2013110100100328,2013년 11월 1일 14시,금요일,충청북도 청주시 흥덕구 송절동,중상사고,0,1,0,0,차대차 - 측면직각충돌,중앙선침범,건조,맑음,단일로 - 기타,승용,남,47세,상해없음,원동기,남,36세,중상
2013110100100357,2013년 11월 1일 15시,금요일,충청북도 제천시 송학면,중상사고,0,1,0,0,차대차 - 기타,중앙선침범,건조,맑음,단일로 - 기타,승용,여,62세,상해없음,원동기,남,80세,중상
2013110100100423,2013년 11월 1일 17시,금요일,충청북도 제천시 산곡동,중상사고,0,1,0,0,차대차 - 기타,안전운전불이행,건조,맑음,단일로 - 기타,승용,여,47세,상해없음,화물,남,61세,중상
2013110100100479,2013년 11월 1일 18시,금요일,충청북도 청주시 흥덕구 가경동,중상사고,0,1,0,0,차대차 - 측면직각충돌,안전운전불이행,건조,맑음,단일로 - 기타,승합,여,37세,상해없음,원동기,남,64세,중상
2013110100100480,2013년 11월 1일 18시,금요일,충청북도 청원군 옥산면,경상사고,0,0,4,0,차대차 - 추돌 - 주정차중,안전운전불이행,건조,맑음,단일로 - 기타,화물,남,46세,경상,승용,남,34세,경상
2013110100100537,2013년 11월 1일 19시,금요일,충청북도 충주시 용탄동,중상사고,0,1,0,0,차대차 - 기타,기타,건조,맑음,교차로 - 교차로안,승용,남,30세,상해없음,승용,남,41세,중상
2013110100100574,2013년 11월 1일 20시,금요일,충청북도 영동군 황간면,중상사고,0,1,1,0,차대차 - 기타,안전운전불이행,건조,맑음,단일로 - 기타,승용,여,26세,중상,건설기계,남,54세,경상
2013110100100575,2013년 11월 1일 20시,금요일,충청북도 음성군 음성읍,경상사고,0,0,1,0,차대사람 - 기타,안전운전불이행,건조,맑음,교차로 - 교차로부근,승용,남,28세,상해없음,보행자,남,35세,경상
2013110100100608,2013년 11월 1일 21시,금요일,충청북도 청주시 상당구 정하동,중상사고,0,1,4,0,차대차 - 기타,신호위반,건조,맑음,교차로 - 교차로안,승용,여,40세,경상,승용,남,26세,경상
2013110100100609,2013년 11월 1일 21시,금요일,충청북도 진천군 초평면,중상사고,0,2,0,0,차대차 - 정면충돌,교차로운행방법위반,건조,맑음,교차로 - 교차로안,승용,남,47세,상해없음,승용,여,53세,중상
2013110100100610,2013년 11월 1일 21시,금요일,충청북도 청주시 흥덕구 죽림동,경상사고,0,0,1,0,차대차 - 측면직각충돌,안전운전불이행,건조,맑음,교차로 - 교차로안,기타불명,기타불명,기타불명,기타불명,원동기,남,68세,경상
2013110100100631,2013년 11월 1일 22시,금요일,충청북도 청주시 흥덕구 수곡동,경상사고,0,0,4,0,차대차 - 기타,안전운전불이행,건조,맑음,교차로 - 교차로안,승용,남,30세,상해없음,화물,남,47세,경상
2013110100100656,2013년 11월 1일 23시,금요일,충청북도 음성군 원남면,경상사고,0,0,4,0,차대차 - 기타,안전운전불이행,건조,맑음,교차로 - 교차로안,승용,남,28세,상해없음,승용,남,42세,경상
2013110100100657,2013년 11월 1일 23시,금요일,충청북도 청주시 흥덕구 복대동,중상사고,0,1,5,0,차대차 - 추돌 - 진행중,안전운전불이행,건조,맑음,교차로 - 교차로부근,승용,남,35세,상해없음,승용,남,46세,중상
2013110200100009,2013년 11월 2일 00시,토요일,충청북도 청주시 흥덕구 가경동,경상사고,0,0,2,0,차대차 - 추돌 - 진행중,안전운전불이행,건조,맑음,단일로 - 기타,승용,남,29세,상해없음,화물,남,58세,경상
2013110200100034,2013년 11월 2일 01시,토요일,충청북도 청주시 흥덕구 수곡동,경상사고,0,0,1,0,차대차 - 추돌 - 진행중,안전운전불이행,건조,맑음,단일로 - 기타,승용,남,50세,상해없음,승용,여,25세,경상
2013110200100092,2013년 11월 2일 05시,토요일,충청북도 청원군 남이면,중상사고,0,1,1,0,차대차 - 기타,중앙선침범,건조,맑음,단일로 - 기타,승용,남,26세,상해없음,승용,여,47세,중상
2013110200100115,2013년 11월 2일 07시,토요일,충청북도 청주시 흥덕구 복대동,경상사고,0,0,2,0,차대차 - 측면직각충돌,중앙선침범,건조,맑음,교차로 - 교차로부근,승용,남,23세,상해없음,승용,남,59세,경상
2013110200100158,2013년 11월 2일 09시,토요일,충청북도 충주시 달천동,중상사고,0,2,0,0,차대차 - 측면직각충돌,신호위반,건조,맑음,교차로 - 교차로안,승용,여,40세,상해없음,승용,남,41세,중상
2013110200100159,2013년 11월 2일 09시,토요일,충청북도 제천시 화산동,부상신고사고,0,0,0,1,차대차 - 기타,직진우회전진행방해,건조,맑음,교차로 - 교차로안,승용,여,55세,부상신고,승합,남,43세,상해없음
2013110200100192,2013년 11월 2일 10시,토요일,충청북도 청주시 상당구 우암동,경상사고,0,0,1,0,차대차 - 추돌 - 진행중,안전운전불이행,건조,맑음,교차로 - 교차로부근,승합,남,40세,상해없음,승용,여,44세,경상
2013110200100193,2013년 11월 2일 10시,토요일,충청북도 청원군 오송읍,중상사고,0,1,0,0,차대사람 - 횡단중,안전운전불이행,건조,맑음,교차로 - 교차로부근,승용,남,33세,상해없음,보행자,남,82세,중상
2013110200100224,2013년 11월 2일 11시,토요일,충청북도 제천시 동현동,중상사고,0,1,0,0,차대사람 - 기타,안전운전불이행,건조,맑음,교차로 - 교차로부근,승용,여,57세,상해없음,보행자,여,55세,중상
2013110200100262,2013년 11월 2일 12시,토요일,충청북도 청주시 상당구 사천동,중상사고,0,1,0,0,차대차 - 추돌 - 진행중,안전운전불이행,습기,비,단일로 - 기타,화물,남,58세,상해없음,승용,남,28세,중상
2013110200100263,2013년 11월 2일 12시,토요일,충청북도 청원군 낭성면,중상사고,0,2,6,0,차대차 - 측면직각충돌,중앙선침범,습기,비,단일로 - 기타,승용,여,45세,상해없음,승용,남,75세,중상
2013110200100300,2013년 11월 2일 13시,토요일,충청북도 청원군 오창읍,경상사고,0,0,3,0,차대차 - 기타,안전운전불이행,건조,맑음,단일로 - 기타,승용,남,53세,기타불명,승용,여,29세,경상
2013110200100301,2013년 11월 2일 13시,토요일,충청북도 충주시 연수동,경상사고,0,0,2,0,차대차 - 기타,신호위반,습기,비,교차로 - 교차로안,원동기,남,24세,경상,승용,남,48세,경상
2013110200100302,2013년 11월 2일 13시,토요일,충청북도 청원군 옥산면,경상사고,0,0,3,0,차대차 - 측면직각충돌,신호위반,습기,비,교차로 - 교차로안,승용,남,21세,상해없음,승용,남,35세,경상
2013110200100345,2013년 11월 2일 14시,토요일,충청북도 청주시 상당구 내덕동,중상사고,0,1,0,0,차대차 - 기타,안전거리미확보,습기,비,단일로 - 기타,승용,남,58세,상해없음,이륜,남,42세,중상
2013110200100346,2013년 11월 2일 14시,토요일,충청북도 제천시 고암동,중상사고,0,1,0,0,차대차 - 측면직각충돌,직진우회전진행방해,습기,비,교차로 - 교차로안,승용,남,69세,상해없음,승용,남,52세,중상
2013110200100347,2013년 11월 2일 14시,토요일,충청북도 음성군 맹동면,중상사고,0,1,0,0,차대차 - 기타,교차로운행방법위반,건조,맑음,교차로 - 교차로안,화물,남,38세,상해없음,승용,남,45세,상해없음
2013110200100348,2013년 11월 2일 14시,토요일,충청북도 청주시 흥덕구 복대동,경상사고,0,0,2,0,차대차 - 측면직각충돌,교차로운행방법위반,건조,맑음,교차로 - 교차로안,승용,남,73세,경상,승용,남,29세,상해없음
2013110200100385,2013년 11월 2일 15시,토요일,충청북도 음성군 금왕읍,경상사고,0,0,2,0,차대차 - 기타,안전운전불이행,습기,비,단일로 - 기타,승용,여,40세,상해없음,승용,남,34세,경상
2013110200100422,2013년 11월 2일 16시,토요일,충청북도 청원군 내수읍,경상사고,0,0,1,0,차대차 - 추돌 - 진행중,안전운전불이행,건조,맑음,교차로 - 교차로부근,승용,남,53세,상해없음,승용,여,26세,경상
2013110200100423,2013년 11월 2일 16시,토요일,충청북도 청주시 상당구 남문로1가동,경상사고,0,0,1,0,차대사람 - 길가장자리구역통행중,안전운전불이행,건조,맑음,단일로 - 기타,승용,여,71세,상해없음,보행자,남,52세,경상
2013110200100464,2013년 11월 2일 17시,토요일,충청북도 괴산군 청안면,중상사고,0,1,2,0,차대차 - 측면직각충돌,교차로운행방법위반,습기,비,교차로 - 교차로안,승용,남,47세,상해없음,승용,남,33세,경상
2013110200100519,2013년 11월 2일 18시,토요일,충청북도 보은군 마로면,경상사고,0,0,1,0,차대사람 - 보도통행중,안전운전불이행,습기,비,단일로 - 기타,승용,남,20세,상해없음,보행자,여,49세,경상
2013110200100520,2013년 11월 2일 18시,토요일,충청북도 청주시 흥덕구 사직동,경상사고,0,0,2,0,차대차 - 추돌 - 주정차중,안전운전불이행,습기,비,교차로 - 교차로부근,승용,남,59세,기타불명,승용,남,32세,경상
2013110200100521,2013년 11월 2일 18시,토요일,충청북도 청주시 흥덕구 사직동,중상사고,0,2,0,0,차대차 - 측면직각충돌,안전운전불이행,건조,맑음,교차로 - 교차로부근,승용,남,33세,상해없음,승용,여,60세,상해없음
2013110200100522,2013년 11월 2일 18시,토요일,충청북도 청주시 상당구 용암동,경상사고,0,0,1,0,차대차 - 추돌 - 진행중,안전운전불이행,습기,비,단일로 - 기타,승용,남,53세,상해없음,승용,남,31세,경상
2013110200100598,2013년 11월 2일 19시,토요일,충청북도 충주시 지현동,중상사고,0,2,0,0,차대차 - 추돌 - 주정차중,안전운전불이행,습기,비,교차로 - 교차로안,승용,남,46세,상해없음,승용,남,54세,중상
2013110200100599,2013년 11월 2일 19시,토요일,충청북도 충주시 연수동,중상사고,0,1,0,0,차대차 - 기타,기타,습기,비,단일로 - 기타,승용,남,50세,상해없음,자전거,남,15세,중상
2013110200100600,2013년 11월 2일 19시,토요일,충청북도 제천시 교동,경상사고,0,0,1,0,차대차 - 측면직각충돌,직진우회전진행방해,습기,비,교차로 - 교차로안,승용,남,47세,상해없음,원동기,남,18세,경상
2013110200100601,2013년 11월 2일 19시,토요일,충청북도 진천군 진천읍,중상사고,0,1,0,0,차대사람 - 길가장자리구역통행중,안전운전불이행,습기,흐림,단일로 - 기타,화물,남,53세,상해없음,보행자,여,63세,중상
2013110200100602,2013년 11월 2일 19시,토요일,충청북도 청주시 흥덕구 서촌동,중상사고,0,1,0,0,차대사람 - 횡단중,안전운전불이행,습기,비,교차로 - 교차로부근,승용,남,31세,상해없음,보행자,남,70세,중상
2013110200100603,2013년 11월 2일 19시,토요일,충청북도 청원군 현도면,중상사고,0,2,2,0,차대차 - 추돌 - 진행중,안전운전불이행,습기,비,단일로 - 기타,승용,남,50세,상해없음,승용,남,53세,중상
2013110200100638,2013년 11월 2일 20시,토요일,충청북도 충주시 연수동,중상사고,0,1,0,0,차대차 - 측면직각충돌,직진우회전진행방해,건조,맑음,단일로 - 기타,승용,남,55세,상해없음,원동기,남,18세,중상
2013110200100639,2013년 11월 2일 20시,토요일,충청북도 청주시 흥덕구 가경동,중상사고,0,2,0,0,차대차 - 측면직각충돌,신호위반,건조,맑음,교차로 - 교차로안,승용,남,42세,상해없음,승용,남,30세,중상
2013110200100640,2013년 11월 2일 20시,토요일,충청북도 청주시 흥덕구 비하동,경상사고,0,0,1,0,차대차 - 추돌 - 주정차중,안전운전불이행,건조,맑음,단일로 - 기타,승용,남,42세,상해없음,승용,남,30세,경상
2013110200100641,2013년 11월 2일 20시,토요일,충청북도 청주시 흥덕구 봉명동,경상사고,0,0,1,0,차대차 - 추돌 - 주정차중,안전운전불이행,건조,맑음,기타 - 기타,승용,남,50세,상해없음,승용,여,27세,경상
2013110200100642,2013년 11월 2일 20시,토요일,충청북도 청주시 흥덕구 산남동,경상사고,0,0,3,0,차대차 - 정면충돌,중앙선침범,건조,맑음,교차로 - 교차로부근,승용,여,40세,상해없음,승용,여,31세,경상
2013110200100676,2013년 11월 2일 21시,토요일,충청북도 청주시 상당구 문화동,경상사고,0,0,2,0,차대차 - 측면직각충돌,신호위반,건조,흐림,교차로 - 교차로안,승용,남,49세,상해없음,승용,남,29세,경상
2013110200100677,2013년 11월 2일 21시,토요일,충청북도 충주시 노은면,부상신고사고,0,0,0,1,차량단독 - 도로외이탈 - 기타,안전운전불이행,건조,흐림,단일로 - 기타,승용,남,66세,부상신고,,,,
2013110200100712,2013년 11월 2일 22시,토요일,충청북도 충주시 봉방동,사망사고,1,0,0,0,차대사람 - 기타,안전운전불이행,건조,맑음,단일로 - 기타,승용,남,53세,상해없음,보행자,남,66세,사망
2013110200100713,2013년 11월 2일 22시,토요일,충청북도 청주시 흥덕구 강서동,경상사고,0,0,2,0,차대차 - 추돌 - 주정차중,안전운전불이행,건조,맑음,교차로 - 교차로부근,승용,여,25세,상해없음,승용,남,40세,경상
2013110200100743,2013년 11월 2일 23시,토요일,충청북도 청주시 흥덕구 분평동,경상사고,0,0,1,0,차대차 - 측면직각충돌,안전운전불이행,건조,맑음,단일로 - 기타,승용,남,34세,상해없음,승용,남,40세,경상
2013110300100017,2013년 11월 3일 00시,일요일,충청북도 충주시 연수동,중상사고,0,1,0,0,차대차 - 측면직각충돌,안전운전불이행,건조,맑음,단일로 - 기타,승용,남,52세,상해없음,원동기,남,28세,중상
2013110300100018,2013년 11월 3일 00시,일요일,충청북도 제천시 신백동,경상사고,0,0,1,0,차대차 - 기타,직진우회전진행방해,건조,맑음,교차로 - 교차로안,승용,남,56세,상해없음,승용,남,27세,경상
2013110300100019,2013년 11월 3일 00시,일요일,충청북도 진천군 진천읍,경상사고,0,0,1,0,차대차 - 측면직각충돌,안전운전불이행,건조,맑음,단일로 - 기타,승용,남,28세,상해없음,승용,남,43세,경상
2013110300100072,2013년 11월 3일 03시,일요일,충청북도 청주시 흥덕구 분평동,경상사고,0,0,2,0,차대차 - 측면직각충돌,기타,습기,흐림,단일로 - 기타,승용,남,36세,경상,승용,남,36세,경상
2013110300100082,2013년 11월 3일 04시,일요일,충청북도 청주시 흥덕구 봉명동,경상사고,0,0,2,0,차대차 - 측면직각충돌,안전운전불이행,건조,맑음,교차로 - 교차로안,승합,남,18세,상해없음,승용,남,37세,경상
2013110300100097,2013년 11월 3일 05시,일요일,충청북도 충주시 안림동,중상사고,0,1,0,1,차대차 - 측면직각충돌,신호위반,건조,흐림,교차로 - 교차로안,승용,남,66세,부상신고,승용,여,31세,중상
2013110300100115,2013년 11월 3일 07시,일요일,충청북도 증평군 증평읍,중상사고,0,1,0,0,차량단독 - 공작물충돌,안전운전불이행,건조,맑음,단일로 - 기타,승용,남,20세,중상,,,,
2013110300100141,2013년 11월 3일 09시,일요일,충청북도 청주시 흥덕구 수곡동,경상사고,0,0,1,0,차대차 - 추돌 - 진행중,안전운전불이행,건조,맑음,단일로 - 기타,승용,남,28세,상해없음,승용,남,67세,상해없음
2013110300100223,2013년 11월 3일 13시,일요일,충청북도 제천시 장락동,경상사고,0,0,2,0,차대차 - 기타,직진우회전진행방해,건조,맑음,교차로 - 교차로안,승용,남,47세,상해없음,승용,남,61세,경상
2013110300100251,2013년 11월 3일 14시,일요일,충청북도 청주시 상당구 율량동,경상사고,0,0,1,0,차대사람 - 길가장자리구역통행중,안전운전불이행,건조,맑음,교차로 - 교차로부근,승용,남,53세,상해없음,보행자,남,44세,경상