사고번호,사고일시,요일,시군구,사고내용,사망자수,중상자수,경상자수,부상신고자수,사고유형,법규위반,노면상태,기상상태,도로형태,가해운전자 차종,가해운전자 성별,가해운전자 연령,가해운전자 상해정도,피해운전자 차종,피해운전자 성별,피해운전자 연령,피해운전자 상해정도
2013110300100252,2013년 11월 3일 14시,일요일,충청북도 제천시 고명동,경상사고,0,0,2,0,차대차 - 기타,안전거리미확보,건조,맑음,단일로 - 기타,승용,남,55세,상해없음,승용,남,30세,경상
2013110300100253,2013년 11월 3일 14시,일요일,충청북도 제천시 중앙로1가,중상사고,0,1,0,0,차대차 - 기타,안전거리미확보,건조,맑음,단일로 - 기타,승용,여,53세,상해없음,원동기,남,64세,중상
2013110300100254,2013년 11월 3일 14시,일요일,충청북도 청주시 흥덕구 가경동,경상사고,0,0,2,0,차대차 - 측면직각충돌,교차로운행방법위반,건조,맑음,교차로 - 교차로안,승용,남,70세,경상,승용,남,30세,경상
2013110300100281,2013년 11월 3일 15시,일요일,충청북도 옥천군 군서면,경상사고,0,0,1,0,차대차 - 추돌 - 진행중,안전거리미확보,건조,맑음,교차로 - 교차로부근,승합,남,47세,상해없음,승용,남,47세,상해없음
2013110300100305,2013년 11월 3일 16시,일요일,충청북도 보은군 속리산면,중상사고,0,1,0,0,차대사람 - 기타,안전운전불이행,건조,맑음,기타 - 기타,승용,남,25세,상해없음,보행자,남,71세,중상
2013110300100306,2013년 11월 3일 16시,일요일,충청북도 진천군 광혜원면,경상사고,0,0,6,0,차대차 - 추돌 - 진행중,안전거리미확보,건조,맑음,단일로 - 터널,승용,남,27세,상해없음,승용,남,31세,경상
2013110300100333,2013년 11월 3일 17시,일요일,충청북도 괴산군 괴산읍,중상사고,0,1,0,0,차량단독 - 기타,안전운전불이행,건조,맑음,단일로 - 기타,승용,남,64세,상해없음,,,,
2013110300100373,2013년 11월 3일 18시,일요일,충청북도 괴산군 청안면,중상사고,0,1,0,0,차대차 - 추돌 - 진행중,안전운전불이행,건조,맑음,단일로 - 기타,승용,남,60세,상해없음,승용,남,45세,상해없음
2013110300100374,2013년 11월 3일 18시,일요일,충청북도 음성군 금왕읍,중상사고,0,2,0,0,차대차 - 기타,교차로운행방법위반,건조,맑음,교차로 - 교차로안,승용,여,55세,상해없음,원동기,남,71세,중상
2013110300100375,2013년 11월 3일 18시,일요일,충청북도 청주시 흥덕구 사직동,경상사고,0,0,1,0,차량단독 - 공작물충돌,기타,건조,맑음,단일로 - 기타,승합,남,58세,상해없음,,,,
2013110300100414,2013년 11월 3일 19시,일요일,충청북도 음성군 맹동면,중상사고,0,1,0,0,차대사람 - 기타,안전운전불이행,건조,맑음,단일로 - 기타,화물,남,47세,상해없음,보행자,남,54세,중상
2013110300100438,2013년 11월 3일 20시,일요일,충청북도 청주시 상당구 명암동,경상사고,0,0,1,0,차대사람 - 차도통행중,안전운전불이행,건조,맑음,기타 - 기타,승용,남,27세,기타불명,보행자,남,21세,경상
2013110300100488,2013년 11월 3일 22시,일요일,충청북도 청주시 흥덕구 강서동,경상사고,0,0,1,0,차대차 - 추돌 - 주정차중,안전운전불이행,건조,맑음,교차로 - 교차로부근,승용,여,61세,상해없음,승용,남,30세,경상
2013110300100507,2013년 11월 3일 23시,일요일,충청북도 청주시 흥덕구 운천동,경상사고,0,0,3,0,차대차 - 추돌 - 진행중,안전거리미확보,건조,맑음,교차로 - 교차로부근,승용,남,22세,상해없음,승용,남,29세,경상
2013110400100083,2013년 11월 4일 07시,월요일,충청북도 제천시 청풍면,경상사고,0,0,2,0,차대차 - 기타,중앙선침범,습기,맑음,단일로 - 기타,승용,남,43세,경상,화물,남,40세,경상
2013110400100084,2013년 11월 4일 07시,월요일,충청북도 청주시 흥덕구 사직동,경상사고,0,0,1,0,차대차 - 측면직각충돌,안전거리미확보,건조,맑음,단일로 - 기타,특수,남,56세,상해없음,승용,남,40세,경상
2013110400100127,2013년 11월 4일 08시,월요일,충청북도 청주시 흥덕구 봉명동,중상사고,0,2,3,0,차대차 - 측면직각충돌,안전운전불이행,건조,맑음,교차로 - 교차로부근,승용,남,48세,상해없음,승용,남,30세,중상
2013110400100128,2013년 11월 4일 08시,월요일,충청북도 청주시 흥덕구 분평동,경상사고,0,0,1,0,차대차 - 기타,차로위반,건조,맑음,단일로 - 기타,화물,남,43세,상해없음,승용,남,30세,경상
2013110400100167,2013년 11월 4일 09시,월요일,충청북도 제천시 신백동,경상사고,0,0,1,0,차대차 - 기타,안전운전불이행,건조,맑음,단일로 - 기타,승용,여,46세,상해없음,자전거,남,84세,경상
2013110400100168,2013년 11월 4일 09시,월요일,충청북도 괴산군 칠성면,경상사고,0,0,1,0,차대차 - 추돌 - 진행중,안전운전불이행,건조,맑음,단일로 - 기타,승용,남,52세,상해없음,승용,남,55세,경상
2013110400100169,2013년 11월 4일 09시,월요일,충청북도 음성군 음성읍,중상사고,0,1,0,0,차대사람 - 기타,안전운전불이행,건조,맑음,단일로 - 기타,기타불명,기타불명,기타불명,기타불명,보행자,남,74세,중상
2013110400100170,2013년 11월 4일 09시,월요일,충청북도 진천군 광혜원면,경상사고,0,0,1,0,차대차 - 정면충돌,교차로운행방법위반,건조,맑음,교차로 - 교차로안,건설기계,남,52세,상해없음,화물,남,65세,경상
2013110400100201,2013년 11월 4일 10시,월요일,충청북도 옥천군 옥천읍,경상사고,0,0,1,0,차대차 - 추돌 - 진행중,안전운전불이행,건조,맑음,단일로 - 기타,원동기,남,64세,상해없음,승용,남,63세,경상
2013110400100252,2013년 11월 4일 12시,월요일,충청북도 청주시 흥덕구 복대동,경상사고,0,0,1,0,차량단독 - 공작물충돌,안전운전불이행,건조,맑음,교차로 - 교차로안,승용,남,46세,상해없음,,,,
2013110400100297,2013년 11월 4일 14시,월요일,충청북도 제천시 신백동,중상사고,0,1,1,0,차대차 - 기타,직진우회전진행방해,건조,맑음,교차로 - 교차로안,승용,남,67세,상해없음,승용,남,49세,중상
2013110400100298,2013년 11월 4일 14시,월요일,충청북도 괴산군 괴산읍,중상사고,0,1,0,0,차대사람 - 횡단중,보행자보호의무위반,건조,맑음,단일로 - 횡단보도상,승용,남,45세,상해없음,보행자,여,11세,중상
2013110400100299,2013년 11월 4일 14시,월요일,충청북도 청주시 상당구 용암동,중상사고,0,1,0,0,차대차 - 기타,교차로운행방법위반,건조,맑음,교차로 - 교차로안,승용,여,41세,상해없음,원동기,남,17세,중상
2013110400100331,2013년 11월 4일 15시,월요일,충청북도 제천시 화산동,중상사고,0,1,0,0,차대사람 - 기타,안전운전불이행,건조,맑음,단일로 - 기타,승용,남,39세,상해없음,보행자,여,58세,중상
2013110400100332,2013년 11월 4일 15시,월요일,충청북도 청주시 흥덕구 복대동,중상사고,0,1,0,0,차대차 - 측면직각충돌,신호위반,건조,맑음,교차로 - 교차로부근,화물,남,30세,상해없음,자전거,남,73세,중상
2013110400100393,2013년 11월 4일 17시,월요일,충청북도 제천시 청전동,중상사고,0,1,0,0,차대차 - 기타,직진우회전진행방해,건조,맑음,교차로 - 교차로안,승용,남,41세,상해없음,승합,남,54세,중상
2013110400100394,2013년 11월 4일 17시,월요일,충청북도 제천시 남천동,중상사고,0,1,0,0,차대차 - 측면직각충돌,안전운전불이행,건조,맑음,교차로 - 교차로부근,승용,여,41세,상해없음,자전거,남,68세,중상
2013110400100395,2013년 11월 4일 17시,월요일,충청북도 보은군 보은읍,경상사고,0,0,1,0,차량단독 - 전도전복,안전운전불이행,건조,맑음,단일로 - 기타,승용,남,57세,경상,,,,
2013110400100441,2013년 11월 4일 18시,월요일,충청북도 증평군 증평읍,경상사고,0,0,1,0,차대차 - 기타,안전운전불이행,건조,기타,교차로 - 교차로안,자전거,여,22세,경상,승용,여,35세,상해없음
2013110400100442,2013년 11월 4일 18시,월요일,충청북도 청주시 흥덕구 복대동,중상사고,0,1,0,0,차대사람 - 횡단중,보행자보호의무위반,건조,맑음,교차로 - 교차로부근,승용,여,42세,상해없음,보행자,여,39세,중상
2013110400100443,2013년 11월 4일 18시,월요일,충청북도 청원군 낭성면,사망사고,1,0,0,0,차대사람 - 횡단중,신호위반,건조,맑음,교차로 - 교차로안,승합,남,56세,상해없음,보행자,남,64세,사망
2013110400100489,2013년 11월 4일 19시,월요일,충청북도 청원군 오창읍,중상사고,0,1,0,0,차대차 - 기타,신호위반,건조,맑음,단일로 - 기타,자전거,남,63세,중상,승용,남,52세,상해없음
2013110400100490,2013년 11월 4일 19시,월요일,충청북도 충주시 대소원면,중상사고,0,1,0,0,차대사람 - 기타,안전운전불이행,건조,맑음,단일로 - 기타,화물,남,61세,상해없음,보행자,남,73세,중상
2013110400100491,2013년 11월 4일 19시,월요일,충청북도 괴산군 괴산읍,경상사고,0,0,1,0,차량단독 - 공작물충돌,안전운전불이행,건조,맑음,단일로 - 기타,승용,남,29세,경상,,,,
2013110400100492,2013년 11월 4일 19시,월요일,충청북도 청주시 흥덕구 봉명동,경상사고,0,0,1,0,차대사람 - 차도통행중,안전운전불이행,건조,흐림,교차로 - 교차로부근,승합,남,61세,상해없음,보행자,여,55세,경상
2013110400100533,2013년 11월 4일 20시,월요일,충청북도 청원군 오창읍,중상사고,0,1,1,0,차대차 - 기타,신호위반,건조,맑음,교차로 - 교차로안,승용,남,24세,상해없음,승용,남,33세,경상
2013110400100534,2013년 11월 4일 20시,월요일,충청북도 청주시 흥덕구 가경동,경상사고,0,0,3,0,차대차 - 측면직각충돌,신호위반,건조,맑음,교차로 - 교차로안,이륜,남,29세,경상,승용,여,38세,경상
2013110400100561,2013년 11월 4일 21시,월요일,충청북도 청주시 흥덕구 복대동,경상사고,0,0,1,0,차대차 - 측면직각충돌,신호위반,건조,맑음,교차로 - 교차로안,승용,남,50세,상해없음,이륜,남,44세,경상
2013110400100590,2013년 11월 4일 22시,월요일,충청북도 충주시 성서동,경상사고,0,0,1,0,차대차 - 추돌 - 진행중,안전거리미확보,건조,맑음,단일로 - 기타,승용,남,60세,상해없음,승용,남,48세,상해없음
2013110400100612,2013년 11월 4일 23시,월요일,충청북도 청주시 상당구 금천동,중상사고,0,1,0,0,차대차 - 측면직각충돌,안전거리미확보,건조,맑음,단일로 - 기타,승용,남,72세,상해없음,원동기,남,35세,중상
2013110400100613,2013년 11월 4일 23시,월요일,충청북도 청주시 흥덕구 모충동,경상사고,0,0,1,0,차대차 - 기타,교차로운행방법위반,건조,맑음,교차로 - 교차로안,승용,여,54세,상해없음,승용,남,52세,상해없음
2013110500100008,2013년 11월 5일 00시,화요일,충청북도 청원군 내수읍,경상사고,0,0,4,0,차대차 - 기타,안전운전불이행,건조,맑음,교차로 - 교차로부근,승용,남,46세,상해없음,승용,남,51세,경상
2013110500100026,2013년 11월 5일 01시,화요일,충청북도 청주시 흥덕구 봉명동,경상사고,0,0,3,0,차대차 - 측면직각충돌,안전운전불이행,건조,맑음,단일로 - 기타,승용,남,34세,상해없음,승합,남,32세,경상
2013110500100097,2013년 11월 5일 07시,화요일,충청북도 청주시 상당구 수동,중상사고,0,1,0,0,차대차 - 측면직각충돌,교차로운행방법위반,건조,맑음,교차로 - 교차로안,승용,남,59세,중상,승용,남,48세,상해없음
2013110500100098,2013년 11월 5일 07시,화요일,충청북도 제천시 청전동,중상사고,0,1,0,0,차대사람 - 기타,안전운전불이행,건조,맑음,교차로 - 교차로부근,승용,남,56세,상해없음,보행자,남,17세,중상
2013110500100099,2013년 11월 5일 07시,화요일,충청북도 옥천군 옥천읍,경상사고,0,0,1,0,차대차 - 측면직각충돌,안전운전불이행,건조,맑음,교차로 - 교차로안,화물,남,62세,상해없음,승용,남,26세,경상
2013110500100100,2013년 11월 5일 07시,화요일,충청북도 청원군 옥산면,경상사고,0,0,2,0,차대차 - 기타,안전운전불이행,건조,맑음,단일로 - 기타,화물,남,47세,상해없음,화물,남,38세,경상
2013110500100144,2013년 11월 5일 08시,화요일,충청북도 괴산군 괴산읍,경상사고,0,0,2,0,차대차 - 측면직각충돌,안전거리미확보,건조,맑음,단일로 - 기타,화물,남,60세,경상,화물,남,42세,경상
2013110500100174,2013년 11월 5일 09시,화요일,충청북도 충주시 문화동,부상신고사고,0,0,0,1,차대차 - 측면직각충돌,중앙선침범,건조,맑음,단일로 - 기타,원동기,남,55세,부상신고,승용,남,52세,상해없음
2013110500100175,2013년 11월 5일 09시,화요일,충청북도 제천시 백운면,중상사고,0,1,0,0,차대차 - 기타,안전운전불이행,건조,맑음,단일로 - 기타,건설기계,남,48세,상해없음,농기계,남,64세,중상
2013110500100176,2013년 11월 5일 09시,화요일,충청북도 청주시 흥덕구 봉명동,중상사고,0,1,0,0,차대사람 - 횡단중,보행자보호의무위반,건조,맑음,교차로 - 교차로부근,승용,기타불명,기타불명,기타불명,보행자,남,23세,중상
2013110500100196,2013년 11월 5일 10시,화요일,충청북도 충주시 호암동,부상신고사고,0,0,0,1,차량단독 - 전도전복,안전운전불이행,건조,맑음,단일로 - 기타,승용,여,51세,부상신고,,,,
2013110500100197,2013년 11월 5일 10시,화요일,충청북도 충주시 노은면,경상사고,0,0,2,0,차대차 - 측면직각충돌,직진우회전진행방해,건조,맑음,교차로 - 교차로안,화물,남,38세,경상,승용,남,71세,경상
2013110500100230,2013년 11월 5일 11시,화요일,충청북도 청주시 상당구 우암동,중상사고,0,1,0,0,차대차 - 정면충돌,중앙선침범,건조,맑음,단일로 - 기타,화물,남,41세,상해없음,승용,여,41세,중상
2013110500100231,2013년 11월 5일 11시,화요일,충청북도 충주시 목행동,경상사고,0,0,2,0,차대차 - 추돌 - 진행중,안전운전불이행,건조,맑음,단일로 - 기타,승용,남,50세,상해없음,승용,남,43세,경상
2013110500100281,2013년 11월 5일 13시,화요일,충청북도 청주시 상당구 용암동,중상사고,0,1,0,0,차대차 - 기타,안전운전불이행,건조,맑음,교차로 - 교차로안,승용,여,27세,상해없음,자전거,여,54세,중상
2013110500100313,2013년 11월 5일 14시,화요일,충청북도 제천시 봉양읍,중상사고,0,1,2,0,차대차 - 추돌 - 진행중,안전거리미확보,건조,맑음,교차로 - 교차로부근,승용,남,45세,경상,승용,여,51세,중상
2013110500100314,2013년 11월 5일 14시,화요일,충청북도 제천시 봉양읍,경상사고,0,0,1,0,차대차 - 기타,교차로운행방법위반,건조,맑음,교차로 - 교차로안,원동기,남,76세,상해없음,승용,여,40세,경상
2013110500100315,2013년 11월 5일 14시,화요일,충청북도 증평군 증평읍,중상사고,0,1,0,0,차대차 - 측면직각충돌,직진우회전진행방해,건조,맑음,교차로 - 교차로안,자전거,남,66세,중상,승용,남,68세,상해없음
2013110500100316,2013년 11월 5일 14시,화요일,충청북도 보은군 보은읍,중상사고,0,1,0,0,차대차 - 측면직각충돌,안전거리미확보,건조,맑음,단일로 - 기타,승용,남,58세,상해없음,화물,남,65세,중상
2013110500100344,2013년 11월 5일 15시,화요일,충청북도 영동군 매곡면,경상사고,0,0,2,0,차대차 - 기타,교차로운행방법위반,건조,맑음,교차로 - 교차로안,승용,여,51세,상해없음,농기계,남,73세,경상
2013110500100378,2013년 11월 5일 16시,화요일,충청북도 청주시 흥덕구 모충동,경상사고,0,0,12,0,차대차 - 기타,직진우회전진행방해,건조,맑음,교차로 - 교차로안,승용,남,60세,경상,승합,여,37세,경상
2013110500100420,2013년 11월 5일 17시,화요일,충청북도 충주시 목행동,경상사고,0,0,4,0,차대차 - 측면직각충돌,직진우회전진행방해,건조,맑음,교차로 - 교차로안,승용,남,56세,경상,승용,여,36세,경상
2013110500100421,2013년 11월 5일 17시,화요일,충청북도 제천시 봉양읍,중상사고,0,1,0,0,차대차 - 기타,안전운전불이행,건조,맑음,기타 - 기타,화물,남,43세,상해없음,화물,남,60세,중상
2013110500100422,2013년 11월 5일 17시,화요일,충청북도 영동군 양강면,중상사고,0,1,0,0,차대차 - 추돌 - 진행중,안전운전불이행,건조,맑음,단일로 - 기타,화물,남,62세,상해없음,농기계,남,57세,중상
2013110500100469,2013년 11월 5일 18시,화요일,충청북도 음성군 금왕읍,사망사고,1,0,0,0,차대차 - 추돌 - 진행중,안전운전불이행,건조,맑음,단일로 - 기타,승용,남,69세,상해없음,농기계,남,51세,사망
2013110500100512,2013년 11월 5일 19시,화요일,충청북도 음성군 금왕읍,경상사고,0,0,2,0,차대차 - 기타,교차로운행방법위반,건조,맑음,교차로 - 교차로안,승용,여,56세,경상,화물,남,39세,경상
2013110500100513,2013년 11월 5일 19시,화요일,충청북도 청주시 흥덕구 비하동,경상사고,0,0,1,0,차대차 - 측면직각충돌,안전운전불이행,건조,맑음,단일로 - 기타,승용,남,44세,상해없음,승용,남,42세,경상
2013110500100544,2013년 11월 5일 20시,화요일,충청북도 청주시 상당구 율량동,중상사고,0,1,0,0,차대사람 - 기타,안전운전불이행,건조,맑음,교차로 - 교차로안,승용,남,57세,상해없음,보행자,여,50세,중상
2013110500100585,2013년 11월 5일 21시,화요일,충청북도 제천시 화산동,경상사고,0,0,2,0,차대차 - 기타,직진우회전진행방해,건조,흐림,교차로 - 교차로안,승용,여,60세,상해없음,승용,남,40세,경상
2013110500100618,2013년 11월 5일 22시,화요일,충청북도 청주시 흥덕구 사창동,중상사고,0,1,1,0,차대차 - 측면직각충돌,안전운전불이행,건조,맑음,교차로 - 교차로부근,승용,여,61세,중상,승용,남,55세,경상
2013110500100619,2013년 11월 5일 22시,화요일,충청북도 청주시 흥덕구 사직동,경상사고,0,0,1,0,차대사람 - 횡단중,안전운전불이행,건조,맑음,교차로 - 교차로부근,건설기계,남,52세,상해없음,보행자,여,24세,경상
2013110600100098,2013년 11월 6일 07시,수요일,충청북도 제천시 서부동,중상사고,0,1,0,0,차대차 - 기타,신호위반,건조,맑음,교차로 - 교차로안,승용,남,83세,상해없음,승용,남,54세,중상
2013110600100176,2013년 11월 6일 10시,수요일,충청북도 청주시 흥덕구 산남동,경상사고,0,0,3,0,차대차 - 추돌 - 진행중,안전운전불이행,습기,비,교차로 - 교차로부근,승용,남,51세,상해없음,승용,여,44세,경상
2013110600100243,2013년 11월 6일 13시,수요일,충청북도 진천군 덕산면,중상사고,0,1,0,0,차대차 - 측면직각충돌,안전운전불이행,건조,맑음,단일로 - 기타,승용,남,51세,상해없음,화물,남,46세,중상
2013110600100302,2013년 11월 6일 15시,수요일,충청북도 충주시 교현동,경상사고,0,0,1,0,차대차 - 추돌 - 진행중,안전거리미확보,건조,맑음,단일로 - 기타,자전거,여,54세,경상,승용,여,56세,상해없음
2013110600100371,2013년 11월 6일 17시,수요일,충청북도 청주시 상당구 금천동,경상사고,0,0,1,0,차대사람 - 기타,안전운전불이행,건조,맑음,단일로 - 기타,기타불명,기타불명,기타불명,기타불명,보행자,여,12세,경상
2013110600100372,2013년 11월 6일 17시,수요일,충청북도 청주시 흥덕구 가경동,경상사고,0,0,1,0,차대차 - 측면직각충돌,중앙선침범,건조,맑음,단일로 - 기타,승용,여,44세,상해없음,원동기,남,22세,경상
2013110600100373,2013년 11월 6일 17시,수요일,충청북도 청주시 흥덕구 복대동,중상사고,0,2,1,0,차대차 - 측면직각충돌,신호위반,습기,비,교차로 - 교차로안,화물,남,71세,중상,승용,남,29세,경상
2013110600100374,2013년 11월 6일 17시,수요일,충청북도 청주시 흥덕구 개신동,경상사고,0,0,2,0,차대차 - 추돌 - 주정차중,안전운전불이행,건조,맑음,교차로 - 교차로안,승용,남,30세,경상,승용,남,40세,경상
2013110600100426,2013년 11월 6일 18시,수요일,충청북도 괴산군 청안면,사망사고,1,0,0,0,차대차 - 추돌 - 진행중,안전운전불이행,습기,비,단일로 - 기타,화물,남,63세,상해없음,자전거,여,71세,사망
2013110600100427,2013년 11월 6일 18시,수요일,충청북도 진천군 덕산면,중상사고,0,1,0,0,차대사람 - 기타,안전운전불이행,습기,맑음,단일로 - 기타,승용,남,41세,상해없음,보행자,남,66세,중상
2013110600100500,2013년 11월 6일 19시,수요일,충청북도 청주시 상당구 율량동,경상사고,0,0,1,0,차대사람 - 기타,안전운전불이행,습기,비,기타 - 기타,승용,여,50세,상해없음,보행자,남,47세,경상
2013110600100501,2013년 11월 6일 19시,수요일,충청북도 청주시 흥덕구 가경동,경상사고,0,0,1,0,차대차 - 측면직각충돌,교차로운행방법위반,건조,맑음,교차로 - 교차로안,승용,남,61세,상해없음,이륜,남,20세,경상
2013110600100542,2013년 11월 6일 20시,수요일,충청북도 보은군 삼승면,경상사고,0,0,4,0,차대차 - 추돌 - 진행중,신호위반,습기,맑음,교차로 - 교차로안,승용,여,54세,경상,화물,남,52세,경상
2013110600100543,2013년 11월 6일 20시,수요일,충청북도 음성군 음성읍,중상사고,0,1,0,0,차대사람 - 기타,안전운전불이행,습기,흐림,단일로 - 기타,승용,남,53세,상해없음,보행자,남,35세,중상
2013110600100544,2013년 11월 6일 20시,수요일,충청북도 음성군 맹동면,경상사고,0,0,1,0,차량단독 - 기타,안전운전불이행,습기,비,단일로 - 기타,원동기,남,27세,경상,,,,
2013110600100578,2013년 11월 6일 21시,수요일,충청북도 청원군 오창읍,경상사고,0,0,1,0,차대차 - 기타,신호위반,건조,맑음,교차로 - 교차로안,화물,남,73세,상해없음,승용,남,32세,경상
2013110600100579,2013년 11월 6일 21시,수요일,충청북도 청원군 남일면,경상사고,0,0,2,0,차대차 - 추돌 - 진행중,안전운전불이행,건조,맑음,단일로 - 기타,화물,남,48세,기타불명,승용,남,32세,경상
2013110600100634,2013년 11월 6일 23시,수요일,충청북도 제천시 중앙로2가,중상사고,0,1,0,0,차대차 - 추돌 - 진행중,안전운전불이행,습기,흐림,단일로 - 기타,승용,남,47세,상해없음,승용,여,55세,중상
2013110600100635,2013년 11월 6일 23시,수요일,충청북도 옥천군 동이면,경상사고,0,0,2,0,차대차 - 추돌 - 진행중,안전운전불이행,습기,안개,교차로 - 교차로안,승용,남,38세,상해없음,승용,남,21세,경상
2013110700100014,2013년 11월 7일 00시,목요일,충청북도 제천시 중앙로1가,중상사고,0,1,0,0,차대사람 - 기타,안전운전불이행,건조,맑음,교차로 - 교차로부근,승용,남,52세,상해없음,보행자,남,60세,중상
2013110700100030,2013년 11월 7일 01시,목요일,충청북도 청주시 상당구 용암동,경상사고,0,0,1,0,차대차 - 기타,안전운전불이행,습기,비,단일로 - 기타,승용,남,43세,상해없음,승용,남,34세,경상
2013110700100072,2013년 11월 7일 05시,목요일,충청북도 청주시 흥덕구 개신동,경상사고,0,0,1,0,차대차 - 측면직각충돌,안전운전불이행,건조,맑음,단일로 - 기타,승용,남,60세,상해없음,승용,여,26세,경상
2013110700100073,2013년 11월 7일 05시,목요일,충청북도 청주시 흥덕구 수곡동,중상사고,0,1,0,0,차대사람 - 횡단중,보행자보호의무위반,건조,맑음,교차로 - 교차로부근,기타불명,기타불명,기타불명,기타불명,보행자,여,52세,중상
2013110700100086,2013년 11월 7일 06시,목요일,충청북도 충주시 연수동,중상사고,0,1,0,0,차대사람 - 기타,안전운전불이행,건조,맑음,교차로 - 교차로안,화물,남,45세,상해없음,보행자,여,72세,중상
2013110700100111,2013년 11월 7일 07시,목요일,충청북도 청원군 오창읍,경상사고,0,0,3,0,차대차 - 측면직각충돌,안전거리미확보,건조,맑음,교차로 - 교차로부근,승용,여,44세,경상,화물,남,33세,경상
2013110700100177,2013년 11월 7일 09시,목요일,충청북도 음성군 원남면,경상사고,0,0,1,0,차대차 - 기타,차로위반,건조,맑음,단일로 - 기타,원동기,남,76세,경상,승용,남,39세,상해없음
2013110700100178,2013년 11월 7일 09시,목요일,충청북도 청주시 흥덕구 복대동,중상사고,0,1,0,0,차대차 - 추돌 - 진행중,차로위반,건조,맑음,단일로 - 기타,승용,여,27세,상해없음,원동기,남,21세,중상
2013110700100257,2013년 11월 7일 12시,목요일,충청북도 제천시 장락동,경상사고,0,0,1,0,차대차 - 기타,안전거리미확보,건조,맑음,단일로 - 기타,승용,남,55세,경상,승용,남,36세,상해없음
2013110700100282,2013년 11월 7일 13시,목요일,충청북도 충주시 앙성면,중상사고,0,1,2,0,차대차 - 기타,교차로운행방법위반,건조,맑음,교차로 - 교차로안,승용,남,56세,경상,승용,남,59세,경상
2013110700100283,2013년 11월 7일 13시,목요일,충청북도 괴산군 괴산읍,중상사고,0,1,0,0,차대차 - 측면직각충돌,안전운전불이행,건조,맑음,단일로 - 기타,승용,남,66세,상해없음,승용,여,65세,상해없음
2013110700100284,2013년 11월 7일 13시,목요일,충청북도 단양군 가곡면,중상사고,0,2,0,0,차대차 - 정면충돌,중앙선침범,건조,맑음,단일로 - 기타,화물,남,54세,상해없음,승용,남,63세,중상
2013110700100312,2013년 11월 7일 14시,목요일,충청북도 청주시 흥덕구 사직동,경상사고,0,0,1,0,차대차 - 측면직각충돌,교차로운행방법위반,건조,맑음,교차로 - 교차로안,승용,남,52세,기타불명,승용,여,49세,경상
2013110700100313,2013년 11월 7일 14시,목요일,충청북도 청주시 상당구 용암동,중상사고,0,1,1,0,차대차 - 측면직각충돌,신호위반,건조,맑음,교차로 - 교차로안,승용,남,49세,경상,승용,여,42세,중상
2013110700100356,2013년 11월 7일 15시,목요일,충청북도 음성군 감곡면,중상사고,0,4,4,0,차대차 - 추돌 - 진행중,안전거리미확보,건조,맑음,단일로 - 기타,승용,남,30세,상해없음,승용,남,33세,경상
2013110700100358,2013년 11월 7일 15시,목요일,충청북도 청원군 옥산면,사망사고,1,1,0,0,차량단독 - 전도전복,안전운전불이행,건조,맑음,단일로 - 기타,승용,남,20세,사망,,,,
2013110700100389,2013년 11월 7일 16시,목요일,충청북도 청원군 내수읍,중상사고,0,1,0,0,차대차 - 추돌 - 진행중,안전운전불이행,건조,맑음,교차로 - 교차로부근,승용,여,35세,상해없음,승용,여,49세,중상
2013110700100390,2013년 11월 7일 16시,목요일,충청북도 청주시 흥덕구 향정동,경상사고,0,0,2,0,차대차 - 측면직각충돌,안전운전불이행,건조,맑음,교차로 - 교차로안,승용,남,43세,상해없음,승용,남,43세,경상
2013110700100391,2013년 11월 7일 16시,목요일,충청북도 청원군 남일면,경상사고,0,0,5,1,차대차 - 측면직각충돌,안전운전불이행,건조,맑음,단일로 - 기타,승용,남,35세,경상,승합,남,51세,경상
2013110700100423,2013년 11월 7일 17시,목요일,충청북도 제천시 장락동,경상사고,0,0,1,0,차대차 - 기타,신호위반,건조,맑음,교차로 - 교차로안,승용,여,44세,상해없음,승용,남,51세,경상
2013110700100424,2013년 11월 7일 17시,목요일,충청북도 청주시 흥덕구 사직동,중상사고,0,1,0,0,차대사람 - 횡단중,신호위반,건조,맑음,단일로 - 기타,승용,남,79세,기타불명,보행자,남,86세,중상
2013110700100425,2013년 11월 7일 17시,목요일,충청북도 청주시 흥덕구 사창동,경상사고,0,0,1,0,차대사람 - 횡단중,안전운전불이행,건조,맑음,교차로 - 교차로부근,승용,남,45세,상해없음,보행자,남,5세,경상
2013110700100469,2013년 11월 7일 18시,목요일,충청북도 음성군 삼성면,경상사고,0,0,1,0,차대차 - 기타,중앙선침범,건조,맑음,교차로 - 교차로안,승용,기타불명,기타불명,기타불명,승용,남,46세,경상
2013110700100470,2013년 11월 7일 18시,목요일,충청북도 옥천군 청산면,경상사고,0,0,1,0,차대차 - 추돌 - 진행중,안전거리미확보,건조,맑음,교차로 - 교차로부근,화물,남,71세,상해없음,승용,남,65세,경상
2013110700100471,2013년 11월 7일 18시,목요일,충청북도 청주시 상당구 영운동,경상사고,0,0,2,0,차대차 - 측면직각충돌,안전운전불이행,건조,맑음,단일로 - 기타,승용,남,52세,경상,승용,남,45세,경상
2013110700100507,2013년 11월 7일 19시,목요일,충청북도 청주시 흥덕구 송정동,경상사고,0,0,1,0,차대차 - 측면직각충돌,신호위반,건조,맑음,교차로 - 교차로안,승용,여,54세,상해없음,승용,남,26세,경상