사고번호,사고일시,요일,시군구,사고내용,사망자수,중상자수,경상자수,부상신고자수,사고유형,법규위반,노면상태,기상상태,도로형태,가해운전자 차종,가해운전자 성별,가해운전자 연령,가해운전자 상해정도,피해운전자 차종,피해운전자 성별,피해운전자 연령,피해운전자 상해정도
2013110700100573,2013년 11월 7일 21시,목요일,충청북도 제천시 장락동,경상사고,0,0,1,0,차대차 - 기타,안전거리미확보,건조,맑음,교차로 - 교차로안,화물,남,41세,상해없음,승용,남,48세,경상
2013110700100619,2013년 11월 7일 23시,목요일,충청북도 제천시 영천동,중상사고,0,2,0,0,차대차 - 측면직각충돌,신호위반,건조,맑음,교차로 - 교차로안,승용,남,40세,상해없음,승합,남,27세,중상
2013110800100047,2013년 11월 8일 04시,금요일,충청북도 청주시 흥덕구 산남동,경상사고,0,0,1,0,차대차 - 측면직각충돌,안전운전불이행,건조,맑음,교차로 - 교차로부근,화물,남,24세,상해없음,승용,여,26세,경상
2013110800100048,2013년 11월 8일 04시,금요일,충청북도 청원군 옥산면,경상사고,0,0,1,0,차대차 - 추돌 - 진행중,안전운전불이행,건조,맑음,단일로 - 기타,승용,남,28세,상해없음,화물,남,40세,경상
2013110800100075,2013년 11월 8일 06시,금요일,충청북도 제천시 명동,경상사고,0,0,1,0,차대차 - 기타,신호위반,건조,맑음,교차로 - 교차로안,승용,남,56세,상해없음,승용,남,55세,경상
2013110800100096,2013년 11월 8일 07시,금요일,충청북도 음성군 금왕읍,경상사고,0,0,1,0,차대차 - 기타,교차로운행방법위반,건조,맑음,교차로 - 교차로안,승용,여,43세,상해없음,승용,여,59세,경상
2013110800100121,2013년 11월 8일 08시,금요일,충청북도 충주시 교현동,경상사고,0,0,1,0,차대사람 - 횡단중,신호위반,건조,맑음,단일로 - 횡단보도상,승용,남,25세,상해없음,보행자,여,44세,경상
2013110800100122,2013년 11월 8일 08시,금요일,충청북도 영동군 황간면,중상사고,0,1,0,0,차대차 - 측면직각충돌,과속,건조,맑음,교차로 - 교차로안,화물,남,45세,상해없음,승용,남,30세,중상
2013110800100123,2013년 11월 8일 08시,금요일,충청북도 청주시 흥덕구 복대동,경상사고,0,0,3,0,차대차 - 측면직각충돌,안전운전불이행,건조,맑음,단일로 - 기타,승합,남,66세,상해없음,승용,남,50세,경상
2013110800100124,2013년 11월 8일 08시,금요일,충청북도 청원군 오송읍,중상사고,0,1,0,0,차대차 - 측면직각충돌,기타,건조,맑음,교차로 - 교차로안,승용,여,39세,상해없음,이륜,남,83세,중상
2013110800100191,2013년 11월 8일 10시,금요일,충청북도 청주시 상당구 내덕동,경상사고,0,0,1,0,차대차 - 기타,안전운전불이행,건조,맑음,단일로 - 기타,승용,남,59세,상해없음,원동기,남,78세,경상
2013110800100286,2013년 11월 8일 13시,금요일,충청북도 괴산군 칠성면,경상사고,0,0,1,0,차대차 - 정면충돌,안전운전불이행,건조,맑음,단일로 - 기타,화물,남,51세,상해없음,승용,여,50세,경상
2013110800100287,2013년 11월 8일 13시,금요일,충청북도 옥천군 청산면,사망사고,1,1,0,0,차대차 - 측면직각충돌,안전운전불이행,건조,맑음,교차로 - 교차로안,화물,남,61세,상해없음,농기계,남,62세,사망
2013110800100396,2013년 11월 8일 16시,금요일,충청북도 청주시 상당구 석교동,경상사고,0,0,1,0,차대차 - 기타,안전운전불이행,건조,맑음,교차로 - 교차로부근,승용,남,68세,상해없음,승용,여,27세,경상
2013110800100397,2013년 11월 8일 16시,금요일,충청북도 진천군 진천읍,중상사고,0,1,0,0,차대사람 - 기타,안전운전불이행,건조,맑음,단일로 - 기타,승용,여,52세,상해없음,보행자,여,59세,중상
2013110800100398,2013년 11월 8일 16시,금요일,충청북도 청주시 흥덕구 사창동,중상사고,0,1,0,0,차대차 - 추돌 - 주정차중,안전운전불이행,건조,맑음,교차로 - 교차로부근,승용,남,52세,상해없음,화물,여,66세,중상
2013110800100429,2013년 11월 8일 17시,금요일,충청북도 옥천군 옥천읍,경상사고,0,0,1,0,차대사람 - 보도통행중,보행자보호의무위반,건조,맑음,교차로 - 교차로안,승용,남,29세,상해없음,보행자,남,12세,경상
2013110800100430,2013년 11월 8일 17시,금요일,충청북도 청주시 흥덕구 복대동,중상사고,0,1,0,0,차대차 - 측면직각충돌,신호위반,건조,맑음,교차로 - 교차로부근,승합,남,57세,상해없음,자전거,남,53세,중상
2013110800100482,2013년 11월 8일 18시,금요일,충청북도 청원군 북이면,중상사고,0,1,0,0,차대차 - 기타,안전운전불이행,건조,맑음,교차로 - 교차로부근,승용,남,64세,상해없음,승용,남,50세,중상
2013110800100483,2013년 11월 8일 18시,금요일,충청북도 제천시 백운면,부상신고사고,0,0,0,1,차대차 - 기타,안전운전불이행,건조,맑음,단일로 - 기타,승용,남,35세,부상신고,승합,남,55세,상해없음
2013110800100484,2013년 11월 8일 18시,금요일,충청북도 청주시 흥덕구 가경동,경상사고,0,0,1,0,차대사람 - 차도통행중,안전운전불이행,건조,맑음,단일로 - 기타,승용,남,52세,상해없음,보행자,여,16세,경상
2013110800100485,2013년 11월 8일 18시,금요일,충청북도 청주시 상당구 용암동,경상사고,0,0,1,0,차대사람 - 기타,보행자보호의무위반,건조,맑음,교차로 - 교차로부근,기타불명,기타불명,기타불명,기타불명,보행자,남,23세,경상
2013110800100543,2013년 11월 8일 19시,금요일,충청북도 충주시 가금면,중상사고,0,1,0,0,차대사람 - 기타,안전운전불이행,건조,맑음,단일로 - 기타,승용,남,53세,상해없음,보행자,남,61세,중상
2013110800100588,2013년 11월 8일 20시,금요일,충청북도 증평군 증평읍,경상사고,0,0,1,0,차대차 - 기타,직진우회전진행방해,건조,맑음,교차로 - 교차로안,승용,남,59세,상해없음,자전거,남,14세,경상
2013110800100591,2013년 11월 8일 20시,금요일,충청북도 청원군 남이면,경상사고,0,0,1,0,차대차 - 기타,차로위반,건조,맑음,단일로 - 기타,승용,남,41세,상해없음,승용,남,68세,상해없음
2013110800100656,2013년 11월 8일 22시,금요일,충청북도 청주시 흥덕구 가경동,경상사고,0,0,1,0,차대차 - 정면충돌,안전운전불이행,건조,맑음,교차로 - 교차로부근,이륜,남,23세,상해없음,승용,여,50세,경상
2013110800100687,2013년 11월 8일 23시,금요일,충청북도 제천시 송학면,부상신고사고,0,0,0,1,차량단독 - 전도전복,안전운전불이행,건조,맑음,단일로 - 기타,승용,남,23세,부상신고,,,,
2013110800100688,2013년 11월 8일 23시,금요일,충청북도 청주시 흥덕구 복대동,경상사고,0,0,4,0,차대차 - 추돌 - 주정차중,안전운전불이행,건조,맑음,교차로 - 교차로부근,승용,남,30세,상해없음,승합,여,53세,경상
2013110900100034,2013년 11월 9일 01시,토요일,충청북도 청주시 상당구 주성동,중상사고,0,2,2,0,차대차 - 기타,안전운전불이행,건조,맑음,교차로 - 교차로부근,승용,남,34세,기타불명,승용,여,40세,중상
2013110900100035,2013년 11월 9일 01시,토요일,충청북도 충주시 성남동,경상사고,0,0,3,1,차대차 - 추돌 - 주정차중,안전운전불이행,건조,맑음,단일로 - 기타,화물,남,28세,부상신고,승용,남,50세,경상
2013110900100036,2013년 11월 9일 01시,토요일,충청북도 청주시 흥덕구 가경동,경상사고,0,0,1,0,차대차 - 추돌 - 주정차중,안전운전불이행,건조,맑음,교차로 - 교차로부근,승용,남,43세,상해없음,승용,남,33세,경상
2013110900100058,2013년 11월 9일 02시,토요일,충청북도 음성군 대소면,경상사고,0,0,1,0,차대차 - 기타,중앙선침범,건조,맑음,단일로 - 기타,승용,남,32세,상해없음,승용,남,33세,경상
2013110900100076,2013년 11월 9일 03시,토요일,충청북도 청주시 흥덕구 사창동,사망사고,1,0,0,0,차대사람 - 기타,안전운전불이행,건조,맑음,단일로 - 기타,승용,남,21세,상해없음,보행자,여,79세,사망
2013110900100087,2013년 11월 9일 04시,토요일,충청북도 청주시 흥덕구 신봉동,중상사고,0,3,0,0,차대차 - 측면직각충돌,중앙선침범,건조,맑음,단일로 - 기타,화물,남,54세,중상,승용,남,37세,중상
2013110900100138,2013년 11월 9일 07시,토요일,충청북도 충주시 교현동,중상사고,0,1,0,0,차대차 - 추돌 - 진행중,신호위반,건조,맑음,교차로 - 교차로안,화물,남,59세,상해없음,화물,남,59세,중상
2013110900100170,2013년 11월 9일 08시,토요일,충청북도 옥천군 옥천읍,중상사고,0,1,1,0,차대차 - 측면직각충돌,신호위반,건조,맑음,교차로 - 교차로안,화물,남,51세,상해없음,승용,남,47세,경상
2013110900100240,2013년 11월 9일 11시,토요일,충청북도 청원군 오창읍,경상사고,0,0,1,0,차대차 - 측면직각충돌,신호위반,건조,맑음,교차로 - 교차로안,승용,여,46세,상해없음,승용,남,29세,경상
2013110900100241,2013년 11월 9일 11시,토요일,충청북도 청주시 상당구 내덕동,중상사고,0,1,0,0,차대차 - 기타,교차로운행방법위반,건조,맑음,교차로 - 교차로안,승용,남,51세,상해없음,자전거,여,56세,중상
2013110900100242,2013년 11월 9일 11시,토요일,충청북도 증평군 증평읍,경상사고,0,0,5,0,차대차 - 추돌 - 진행중,안전운전불이행,건조,맑음,단일로 - 기타,승용,남,29세,상해없음,승용,여,33세,경상
2013110900100243,2013년 11월 9일 11시,토요일,충청북도 청주시 상당구 영운동,경상사고,0,0,2,0,차대차 - 측면직각충돌,직진우회전진행방해,건조,맑음,교차로 - 교차로부근,자전거,남,16세,경상,승용,남,52세,상해없음
2013110900100265,2013년 11월 9일 12시,토요일,충청북도 보은군 삼승면,경상사고,0,0,1,0,차대사람 - 기타,안전운전불이행,건조,맑음,단일로 - 기타,화물,남,57세,상해없음,보행자,남,52세,경상
2013110900100285,2013년 11월 9일 13시,토요일,충청북도 증평군 증평읍,경상사고,0,0,3,0,차대차 - 측면직각충돌,안전운전불이행,건조,흐림,교차로 - 교차로안,화물,남,71세,경상,승용,남,49세,경상
2013110900100286,2013년 11월 9일 13시,토요일,충청북도 단양군 단성면,중상사고,0,1,3,0,차대차 - 추돌 - 진행중,안전운전불이행,습기,비,단일로 - 기타,화물,남,62세,상해없음,승용,남,36세,경상
2013110900100325,2013년 11월 9일 14시,토요일,충청북도 청원군 오창읍,경상사고,0,0,3,0,차대차 - 측면직각충돌,교차로운행방법위반,습기,흐림,교차로 - 교차로안,건설기계,남,56세,상해없음,승용,남,39세,경상
2013110900100326,2013년 11월 9일 14시,토요일,충청북도 청주시 흥덕구 분평동,경상사고,0,0,2,0,차대차 - 측면직각충돌,안전운전불이행,습기,흐림,단일로 - 기타,승용,남,33세,경상,승용,여,24세,경상
2013110900100358,2013년 11월 9일 15시,토요일,충청북도 청원군 북이면,사망사고,1,0,0,0,차대차 - 측면직각충돌,안전운전불이행,건조,흐림,단일로 - 기타,승용,남,47세,상해없음,이륜,남,55세,사망
2013110900100359,2013년 11월 9일 15시,토요일,충청북도 청원군 남이면,경상사고,0,0,2,0,차대차 - 기타,안전운전불이행,습기,비,교차로 - 교차로부근,화물,남,49세,상해없음,화물,남,57세,경상
2013110900100468,2013년 11월 9일 17시,토요일,충청북도 충주시 대소원면,경상사고,0,0,1,0,차대차 - 기타,안전운전불이행,습기,비,단일로 - 기타,승용,남,66세,상해없음,승용,여,55세,경상
2013110900100469,2013년 11월 9일 17시,토요일,충청북도 제천시 남천동,경상사고,0,0,1,0,차대차 - 측면직각충돌,안전운전불이행,습기,비,교차로 - 교차로부근,승용,남,32세,상해없음,승용,남,42세,상해없음
2013110900100470,2013년 11월 9일 17시,토요일,충청북도 단양군 단양읍,경상사고,0,0,1,0,차대사람 - 횡단중,보행자보호의무위반,습기,비,단일로 - 횡단보도상,화물,남,51세,상해없음,보행자,여,36세,경상
2013110900100471,2013년 11월 9일 17시,토요일,충청북도 청원군 옥산면,중상사고,0,1,0,0,차대차 - 추돌 - 주정차중,안전운전불이행,건조,맑음,단일로 - 기타,승용,남,19세,상해없음,승용,남,34세,중상
2013110900100536,2013년 11월 9일 18시,토요일,충청북도 괴산군 청안면,중상사고,0,1,0,0,차대사람 - 길가장자리구역통행중,안전운전불이행,습기,비,단일로 - 기타,화물,남,60세,상해없음,보행자,남,81세,중상
2013110900100537,2013년 11월 9일 18시,토요일,충청북도 진천군 덕산면,경상사고,0,0,1,0,차대사람 - 길가장자리구역통행중,안전운전불이행,습기,비,교차로 - 교차로부근,승용,남,53세,상해없음,보행자,남,33세,경상
2013110900100538,2013년 11월 9일 18시,토요일,충청북도 청주시 흥덕구 향정동,경상사고,0,0,1,0,차대차 - 추돌 - 진행중,안전운전불이행,습기,비,교차로 - 교차로부근,승용,여,46세,상해없음,승용,여,25세,경상
2013110900100618,2013년 11월 9일 19시,토요일,충청북도 진천군 진천읍,중상사고,0,1,1,0,차대차 - 추돌 - 진행중,안전운전불이행,습기,비,교차로 - 교차로안,승용,남,50세,상해없음,승용,여,55세,경상
2013110900100683,2013년 11월 9일 20시,토요일,충청북도 청주시 흥덕구 봉명동,경상사고,0,0,1,0,차대차 - 측면직각충돌,안전운전불이행,습기,비,교차로 - 교차로안,화물,남,61세,상해없음,이륜,남,31세,경상
2013110900100684,2013년 11월 9일 20시,토요일,충청북도 청원군 현도면,경상사고,0,0,1,0,차대차 - 추돌 - 진행중,안전운전불이행,건조,맑음,단일로 - 기타,화물,남,54세,상해없음,승용,남,41세,경상
2013110900100685,2013년 11월 9일 20시,토요일,충청북도 청주시 흥덕구 산남동,경상사고,0,0,1,0,차대차 - 추돌 - 진행중,안전운전불이행,건조,맑음,단일로 - 기타,승용,남,46세,상해없음,승용,남,25세,경상
2013110900100741,2013년 11월 9일 21시,토요일,충청북도 옥천군 옥천읍,경상사고,0,0,4,0,차대차 - 측면직각충돌,중앙선침범,건조,흐림,교차로 - 교차로안,승용,남,35세,상해없음,승용,남,29세,경상
2013110900100742,2013년 11월 9일 21시,토요일,충청북도 청주시 상당구 용암동,경상사고,0,0,1,0,차대사람 - 기타,안전운전불이행,건조,맑음,교차로 - 교차로부근,승용,여,30세,상해없음,보행자,남,33세,경상
2013110900100848,2013년 11월 9일 23시,토요일,충청북도 청원군 남이면,경상사고,0,0,1,0,차대차 - 기타,안전운전불이행,습기,비,단일로 - 기타,승용,남,23세,상해없음,승용,남,59세,상해없음
2013111000100020,2013년 11월 10일 00시,일요일,충청북도 청원군 내수읍,경상사고,0,0,2,0,차량단독 - 공작물충돌,안전운전불이행,습기,비,단일로 - 기타,승용,남,20세,경상,,,,
2013111000100021,2013년 11월 10일 00시,일요일,충청북도 충주시 신니면,중상사고,0,1,0,0,차대차 - 추돌 - 진행중,안전운전불이행,습기,비,단일로 - 기타,화물,남,37세,상해없음,화물,남,62세,중상
2013111000100049,2013년 11월 10일 01시,일요일,충청북도 청주시 흥덕구 사직동,경상사고,0,0,1,0,차대차 - 측면직각충돌,안전운전불이행,건조,맑음,단일로 - 기타,승합,남,44세,상해없음,이륜,남,22세,경상
2013111000100080,2013년 11월 10일 02시,일요일,충청북도 청주시 상당구 우암동,중상사고,0,1,1,0,차대차 - 측면직각충돌,신호위반,습기,비,교차로 - 교차로안,승용,남,22세,상해없음,화물,남,30세,경상
2013111000100099,2013년 11월 10일 03시,일요일,충청북도 청원군 오창읍,경상사고,0,0,3,0,차대차 - 측면직각충돌,교차로운행방법위반,건조,맑음,교차로 - 교차로안,승용,남,31세,경상,승용,남,50세,경상
2013111000100155,2013년 11월 10일 07시,일요일,충청북도 제천시 청전동,중상사고,0,2,0,0,차대차 - 기타,안전운전불이행,건조,맑음,교차로 - 교차로부근,승용,남,45세,상해없음,화물,남,23세,중상
2013111000100173,2013년 11월 10일 08시,일요일,충청북도 청주시 상당구 용암동,중상사고,0,1,0,0,차대사람 - 기타,안전운전불이행,건조,맑음,단일로 - 기타,승용,여,54세,상해없음,보행자,남,51세,중상
2013111000100217,2013년 11월 10일 10시,일요일,충청북도 제천시 하소동,경상사고,0,0,1,0,차대사람 - 기타,안전운전불이행,건조,맑음,단일로 - 횡단보도상,승용,여,26세,상해없음,보행자,여,74세,경상
2013111000100241,2013년 11월 10일 11시,일요일,충청북도 충주시 수안보면,부상신고사고,0,0,0,2,차대차 - 기타,신호위반,건조,맑음,교차로 - 교차로안,화물,남,60세,부상신고,승용,남,34세,상해없음
2013111000100242,2013년 11월 10일 11시,일요일,충청북도 청주시 상당구 산성동,중상사고,0,3,1,0,차대차 - 기타,안전운전불이행,건조,맑음,교차로 - 교차로부근,승용,남,59세,경상,승용,남,72세,중상
2013111000100273,2013년 11월 10일 12시,일요일,충청북도 청원군 남이면,중상사고,0,1,0,0,차대사람 - 기타,안전운전불이행,건조,맑음,기타 - 기타,승용,남,74세,상해없음,보행자,남,55세,중상
2013111000100304,2013년 11월 10일 13시,일요일,충청북도 진천군 진천읍,경상사고,0,0,3,0,차대차 - 측면직각충돌,신호위반,건조,맑음,교차로 - 교차로안,승용,남,65세,상해없음,승용,남,25세,경상
2013111000100305,2013년 11월 10일 13시,일요일,충청북도 청주시 흥덕구 사직동,경상사고,0,0,2,0,차대차 - 추돌 - 진행중,안전운전불이행,건조,맑음,단일로 - 기타,승용,남,16세,상해없음,승용,남,15세,상해없음
2013111000100338,2013년 11월 10일 14시,일요일,충청북도 청주시 흥덕구 죽림동,경상사고,0,0,1,1,차대차 - 측면직각충돌,교차로운행방법위반,건조,맑음,교차로 - 교차로안,승합,남,41세,부상신고,승용,남,31세,경상
2013111000100339,2013년 11월 10일 14시,일요일,충청북도 청원군 문의면,경상사고,0,0,1,0,차대사람 - 기타,안전운전불이행,건조,맑음,단일로 - 기타,승용,남,36세,상해없음,보행자,남,66세,경상
2013111000100340,2013년 11월 10일 14시,일요일,충청북도 청주시 상당구 용암동,경상사고,0,0,1,0,차대차 - 기타,안전운전불이행,건조,맑음,교차로 - 교차로부근,승용,남,54세,상해없음,원동기,남,78세,경상
2013111000100368,2013년 11월 10일 15시,일요일,충청북도 제천시 하소동,중상사고,0,1,0,0,차대차 - 기타,안전운전불이행,건조,맑음,교차로 - 교차로부근,원동기,남,18세,상해없음,자전거,남,55세,중상
2013111000100369,2013년 11월 10일 15시,일요일,충청북도 제천시 중앙로2가,경상사고,0,0,2,0,차대차 - 기타,안전운전불이행,건조,맑음,단일로 - 기타,승용,남,32세,경상,승합,남,45세,경상
2013111000100370,2013년 11월 10일 15시,일요일,충청북도 청원군 남이면,경상사고,0,0,3,0,차대차 - 추돌 - 주정차중,안전운전불이행,건조,맑음,단일로 - 기타,승용,남,41세,상해없음,승용,남,39세,상해없음
2013111000100402,2013년 11월 10일 16시,일요일,충청북도 충주시 달천동,경상사고,0,0,4,0,차대차 - 기타,신호위반,건조,맑음,교차로 - 교차로안,승용,여,42세,경상,승합,남,24세,경상
2013111000100403,2013년 11월 10일 16시,일요일,충청북도 옥천군 옥천읍,중상사고,0,2,0,0,차대차 - 측면직각충돌,중앙선침범,건조,맑음,교차로 - 교차로안,승용,남,22세,상해없음,승용,남,56세,중상
2013111000100432,2013년 11월 10일 17시,일요일,충청북도 청원군 낭성면,경상사고,0,0,1,0,차대차 - 기타,안전운전불이행,건조,맑음,단일로 - 기타,화물,남,50세,상해없음,승용,남,61세,경상
2013111000100433,2013년 11월 10일 17시,일요일,충청북도 청원군 남이면,경상사고,0,0,1,0,차대차 - 기타,불법유턴,건조,맑음,교차로 - 교차로안,화물,남,47세,기타불명,승용,여,41세,경상
2013111000100474,2013년 11월 10일 18시,일요일,충청북도 청주시 흥덕구 봉명동,경상사고,0,0,1,0,차대차 - 측면직각충돌,안전운전불이행,건조,맑음,단일로 - 기타,승용,남,53세,상해없음,이륜,남,23세,경상
2013111000100518,2013년 11월 10일 19시,일요일,충청북도 청주시 흥덕구 가경동,경상사고,0,0,1,0,차대사람 - 보도통행중,기타,건조,맑음,단일로 - 기타,승용,남,51세,상해없음,보행자,남,44세,경상
2013111000100519,2013년 11월 10일 19시,일요일,충청북도 청주시 흥덕구 개신동,경상사고,0,0,1,0,차대차 - 측면직각충돌,안전운전불이행,건조,맑음,교차로 - 교차로안,승용,남,47세,상해없음,이륜,남,25세,경상
2013111000100552,2013년 11월 10일 20시,일요일,충청북도 제천시 하소동,경상사고,0,0,4,0,차대차 - 기타,안전운전불이행,건조,맑음,교차로 - 교차로부근,화물,남,49세,상해없음,승용,남,43세,경상
2013111000100553,2013년 11월 10일 20시,일요일,충청북도 제천시 하소동,중상사고,0,1,0,0,차대사람 - 기타,안전운전불이행,건조,맑음,단일로 - 횡단보도부근,승용,여,46세,상해없음,보행자,여,51세,중상
2013111000100554,2013년 11월 10일 20시,일요일,충청북도 음성군 원남면,중상사고,0,1,0,0,차대차 - 기타,안전운전불이행,건조,맑음,단일로 - 기타,승용,남,35세,상해없음,농기계,남,63세,중상
2013111000100583,2013년 11월 10일 21시,일요일,충청북도 제천시 청전동,경상사고,0,0,1,0,차대사람 - 기타,안전운전불이행,건조,맑음,교차로 - 교차로부근,기타불명,기타불명,기타불명,기타불명,보행자,남,51세,경상
2013111000100584,2013년 11월 10일 21시,일요일,충청북도 청주시 흥덕구 가경동,중상사고,0,2,0,0,차대차 - 측면직각충돌,안전운전불이행,건조,맑음,교차로 - 교차로부근,승용,남,52세,상해없음,승용,남,44세,중상
2013111000100585,2013년 11월 10일 21시,일요일,충청북도 청주시 흥덕구 사직동,경상사고,0,0,1,0,차대차 - 기타,안전운전불이행,건조,맑음,교차로 - 교차로안,승용,여,44세,상해없음,자전거,남,35세,경상
2013111000100617,2013년 11월 10일 22시,일요일,충청북도 청주시 상당구 용담동,사망사고,1,0,0,0,차대사람 - 기타,안전운전불이행,건조,맑음,단일로 - 기타,승용,남,53세,상해없음,보행자,남,81세,사망
2013111000100618,2013년 11월 10일 22시,일요일,충청북도 충주시 대소원면,경상사고,0,0,2,0,차대차 - 기타,안전운전불이행,건조,맑음,단일로 - 기타,승용,남,24세,상해없음,승용,남,29세,경상
2013111000100619,2013년 11월 10일 22시,일요일,충청북도 청주시 흥덕구 가경동,경상사고,0,0,2,0,차대차 - 측면직각충돌,신호위반,건조,맑음,교차로 - 교차로안,승용,여,45세,상해없음,승용,남,30세,경상
2013111100100010,2013년 11월 11일 00시,월요일,충청북도 충주시 대소원면,경상사고,0,0,2,0,차대차 - 기타,신호위반,건조,맑음,교차로 - 교차로안,승용,남,26세,상해없음,특수,남,48세,경상
2013111100100042,2013년 11월 11일 05시,월요일,충청북도 청원군 오창읍,경상사고,0,0,1,0,차대차 - 기타,안전운전불이행,건조,맑음,단일로 - 기타,승용,남,70세,상해없음,승용,남,45세,경상
2013111100100053,2013년 11월 11일 06시,월요일,충청북도 제천시 중앙로1가,중상사고,0,1,1,0,차대차 - 기타,신호위반,건조,맑음,교차로 - 교차로안,화물,남,62세,상해없음,승합,남,61세,경상
2013111100100054,2013년 11월 11일 06시,월요일,충청북도 충주시 가금면,중상사고,0,2,4,0,차대차 - 기타,기타,건조,맑음,단일로 - 기타,화물,남,34세,상해없음,승용,남,46세,중상
2013111100100076,2013년 11월 11일 07시,월요일,충청북도 충주시 교현동,경상사고,0,0,2,1,차대차 - 측면직각충돌,신호위반,건조,맑음,단일로 - 기타,승용,여,49세,부상신고,승용,남,24세,경상
2013111100100077,2013년 11월 11일 07시,월요일,충청북도 음성군 음성읍,중상사고,0,1,2,0,차대차 - 기타,신호위반,건조,맑음,교차로 - 교차로안,승용,여,40세,경상,승용,남,50세,경상
2013111100100122,2013년 11월 11일 08시,월요일,충청북도 충주시 문화동,사망사고,1,0,0,0,차대차 - 측면직각충돌,신호위반,건조,맑음,교차로 - 교차로안,화물,남,53세,상해없음,원동기,남,86세,사망
2013111100100123,2013년 11월 11일 08시,월요일,충청북도 제천시 하소동,중상사고,0,1,0,0,차대사람 - 기타,기타,건조,맑음,단일로 - 기타,승용,남,74세,상해없음,보행자,여,56세,중상
2013111100100124,2013년 11월 11일 08시,월요일,충청북도 음성군 생극면,경상사고,0,0,1,0,차대차 - 기타,교차로운행방법위반,건조,맑음,교차로 - 교차로안,원동기,남,73세,경상,화물,남,52세,상해없음
2013111100100125,2013년 11월 11일 08시,월요일,충청북도 청원군 남이면,중상사고,0,1,1,0,차대차 - 측면직각충돌,교차로운행방법위반,건조,맑음,교차로 - 교차로안,화물,남,48세,경상,승용,남,46세,중상
2013111100100211,2013년 11월 11일 11시,월요일,충청북도 청주시 상당구 우암동,경상사고,0,0,1,0,차대차 - 기타,안전운전불이행,건조,맑음,단일로 - 기타,승용,남,57세,상해없음,화물,남,43세,경상
2013111100100212,2013년 11월 11일 11시,월요일,충청북도 음성군 금왕읍,경상사고,0,0,1,0,차대차 - 추돌 - 주정차중,안전운전불이행,건조,맑음,교차로 - 교차로부근,화물,남,45세,상해없음,화물,남,33세,경상
2013111100100241,2013년 11월 11일 12시,월요일,충청북도 진천군 광혜원면,중상사고,0,1,1,0,차대차 - 추돌 - 주정차중,안전운전불이행,건조,맑음,단일로 - 기타,승용,남,46세,상해없음,승용,남,66세,경상
2013111100100277,2013년 11월 11일 13시,월요일,충청북도 청원군 강내면,중상사고,0,2,1,0,차대차 - 정면충돌,중앙선침범,건조,맑음,단일로 - 기타,승용,남,59세,상해없음,승용,여,52세,중상
2013111100100317,2013년 11월 11일 14시,월요일,충청북도 충주시 안림동,경상사고,0,0,2,0,차대차 - 추돌 - 주정차중,안전운전불이행,건조,맑음,단일로 - 기타,승용,여,46세,상해없음,승용,남,56세,경상
2013111100100318,2013년 11월 11일 14시,월요일,충청북도 충주시 달천동,중상사고,0,1,0,0,차대차 - 측면직각충돌,신호위반,건조,맑음,교차로 - 교차로안,승용,남,41세,상해없음,화물,남,55세,중상
2013111100100319,2013년 11월 11일 14시,월요일,충청북도 증평군 증평읍,경상사고,0,0,1,0,차대차 - 기타,안전운전불이행,건조,맑음,단일로 - 기타,이륜,남,72세,경상,농기계,남,78세,상해없음
2013111100100345,2013년 11월 11일 15시,월요일,충청북도 청주시 상당구 금천동,경상사고,0,0,2,0,차대차 - 측면직각충돌,중앙선침범,건조,맑음,교차로 - 교차로부근,승용,남,46세,경상,승용,여,45세,경상
2013111100100422,2013년 11월 11일 17시,월요일,충청북도 청주시 상당구 사천동,경상사고,0,0,2,0,차대차 - 측면직각충돌,안전운전불이행,건조,맑음,단일로 - 기타,승용,여,51세,상해없음,승용,남,24세,경상
2013111100100478,2013년 11월 11일 18시,월요일,충청북도 청주시 상당구 운동동,중상사고,0,1,1,0,차대차 - 측면직각충돌,안전거리미확보,건조,맑음,단일로 - 기타,승용,남,72세,중상,화물,남,28세,경상
2013111100100549,2013년 11월 11일 20시,월요일,충청북도 음성군 대소면,중상사고,0,1,0,0,차대차 - 기타,신호위반,건조,맑음,교차로 - 교차로부근,원동기,남,18세,중상,화물,남,56세,상해없음
2013111100100550,2013년 11월 11일 20시,월요일,충청북도 청주시 흥덕구 가경동,중상사고,0,1,0,0,차대차 - 추돌 - 주정차중,안전운전불이행,건조,맑음,교차로 - 교차로부근,화물,남,47세,상해없음,승용,남,55세,중상
2013111100100551,2013년 11월 11일 20시,월요일,충청북도 청원군 남이면,중상사고,0,1,1,0,차대차 - 측면직각충돌,안전운전불이행,건조,맑음,단일로 - 기타,화물,남,48세,상해없음,승합,남,57세,상해없음