사고번호,사고일시,요일,시군구,사고내용,사망자수,중상자수,경상자수,부상신고자수,사고유형,법규위반,노면상태,기상상태,도로형태,가해운전자 차종,가해운전자 성별,가해운전자 연령,가해운전자 상해정도,피해운전자 차종,피해운전자 성별,피해운전자 연령,피해운전자 상해정도
2013112100100265,2013년 11월 21일 13시,목요일,충청북도 청원군 강내면,경상사고,0,0,2,0,차대차 - 추돌 - 진행중,안전운전불이행,건조,맑음,단일로 - 기타,승용,기타불명,기타불명,기타불명,승용,남,43세,경상
2013112100100291,2013년 11월 21일 14시,목요일,충청북도 청주시 상당구 용암동,경상사고,0,0,2,0,차대차 - 추돌 - 주정차중,불법유턴,건조,맑음,기타 - 기타,화물,남,53세,상해없음,승용,남,30세,상해없음
2013112100100334,2013년 11월 21일 15시,목요일,충청북도 충주시 목행동,중상사고,0,1,0,0,차대차 - 추돌 - 진행중,안전거리미확보,건조,맑음,교차로 - 교차로부근,승용,여,42세,상해없음,승용,여,40세,중상
2013112100100335,2013년 11월 21일 15시,목요일,충청북도 청주시 흥덕구 외북동,중상사고,0,1,0,0,차대차 - 측면직각충돌,안전운전불이행,건조,맑음,단일로 - 기타,승용,여,51세,상해없음,자전거,남,85세,중상
2013112100100408,2013년 11월 21일 17시,목요일,충청북도 증평군 증평읍,경상사고,0,0,1,0,차대차 - 측면직각충돌,직진우회전진행방해,건조,맑음,교차로 - 교차로안,승용,남,63세,상해없음,자전거,남,60세,경상
2013112100100409,2013년 11월 21일 17시,목요일,충청북도 청주시 흥덕구 향정동,경상사고,0,0,1,0,차대차 - 측면직각충돌,안전거리미확보,건조,맑음,단일로 - 기타,특수,남,50세,상해없음,승용,남,34세,경상
2013112100100458,2013년 11월 21일 18시,목요일,충청북도 충주시 목행동,중상사고,0,1,0,0,차대차 - 추돌 - 진행중,안전거리미확보,건조,맑음,단일로 - 교량,승용,남,44세,상해없음,승용,여,49세,중상
2013112100100459,2013년 11월 21일 18시,목요일,충청북도 제천시 장락동,중상사고,0,2,0,0,차대차 - 기타,안전운전불이행,건조,맑음,교차로 - 교차로안,승용,남,51세,상해없음,화물,남,27세,중상
2013112100100460,2013년 11월 21일 18시,목요일,충청북도 영동군 영동읍,중상사고,0,1,0,0,차대차 - 기타,교차로운행방법위반,건조,맑음,교차로 - 교차로안,승용,남,41세,상해없음,자전거,남,19세,중상
2013112100100461,2013년 11월 21일 18시,목요일,충청북도 옥천군 옥천읍,경상사고,0,0,1,0,차대차 - 추돌 - 진행중,안전운전불이행,건조,맑음,단일로 - 기타,승용,남,36세,상해없음,승용,남,42세,경상
2013112100100507,2013년 11월 21일 19시,목요일,충청북도 청주시 상당구 내덕동,중상사고,0,1,0,0,차대사람 - 횡단중,안전운전불이행,건조,맑음,단일로 - 기타,승용,남,70세,상해없음,보행자,여,77세,중상
2013112100100508,2013년 11월 21일 19시,목요일,충청북도 충주시 성서동,경상사고,0,0,1,0,차대차 - 기타,안전운전불이행,건조,맑음,단일로 - 기타,승용,남,58세,상해없음,승용,남,56세,경상
2013112100100509,2013년 11월 21일 19시,목요일,충청북도 청주시 흥덕구 개신동,경상사고,0,0,1,0,차대사람 - 횡단중,안전운전불이행,건조,맑음,교차로 - 교차로안,승용,남,55세,상해없음,보행자,여,29세,경상
2013112100100540,2013년 11월 21일 20시,목요일,충청북도 청원군 오창읍,경상사고,0,0,1,0,차대차 - 기타,안전운전불이행,건조,맑음,교차로 - 교차로부근,승용,남,44세,상해없음,이륜,남,51세,경상
2013112100100578,2013년 11월 21일 21시,목요일,충청북도 음성군 대소면,경상사고,0,0,2,0,차대차 - 기타,신호위반,건조,맑음,교차로 - 교차로안,승용,여,51세,경상,승용,남,47세,경상
2013112200100048,2013년 11월 22일 02시,금요일,충청북도 충주시 목행동,경상사고,0,0,1,0,차대차 - 추돌 - 진행중,안전운전불이행,건조,맑음,단일로 - 기타,승용,남,31세,상해없음,승용,남,63세,상해없음
2013112200100076,2013년 11월 22일 05시,금요일,충청북도 충주시 문화동,경상사고,0,0,1,0,차량단독 - 공작물충돌,안전운전불이행,결빙,맑음,단일로 - 기타,승용,여,50세,경상,,,,
2013112200100148,2013년 11월 22일 08시,금요일,충청북도 충주시 봉방동,중상사고,0,1,0,0,차대사람 - 횡단중,안전운전불이행,건조,맑음,교차로 - 교차로안,승용,남,33세,상해없음,보행자,여,78세,중상
2013112200100149,2013년 11월 22일 08시,금요일,충청북도 충주시 연수동,경상사고,0,0,1,0,차대사람 - 기타,보행자보호의무위반,건조,맑음,단일로 - 기타,승용,여,52세,상해없음,보행자,남,10세,경상
2013112200100150,2013년 11월 22일 08시,금요일,충청북도 제천시 봉양읍,경상사고,0,0,2,0,차대차 - 측면직각충돌,직진우회전진행방해,건조,맑음,교차로 - 교차로안,승용,여,45세,상해없음,승용,여,49세,경상
2013112200100151,2013년 11월 22일 08시,금요일,충청북도 청주시 흥덕구 사창동,경상사고,0,0,1,0,차대차 - 추돌 - 주정차중,안전운전불이행,건조,맑음,단일로 - 기타,승용,여,43세,상해없음,특수,남,22세,경상
2013112200100234,2013년 11월 22일 11시,금요일,충청북도 제천시 강제동,경상사고,0,0,1,0,차대사람 - 기타,안전운전불이행,건조,맑음,단일로 - 기타,승용,여,53세,상해없음,보행자,여,72세,경상
2013112200100235,2013년 11월 22일 11시,금요일,충청북도 청주시 흥덕구 사직동,중상사고,0,1,0,0,차대차 - 측면직각충돌,교차로운행방법위반,건조,맑음,교차로 - 교차로안,승용,남,53세,상해없음,승용,남,57세,중상
2013112200100386,2013년 11월 22일 16시,금요일,충청북도 청주시 흥덕구 가경동,중상사고,0,1,0,0,차대사람 - 횡단중,안전운전불이행,건조,맑음,교차로 - 교차로안,승용,남,42세,상해없음,보행자,여,55세,중상
2013112200100421,2013년 11월 22일 17시,금요일,충청북도 단양군 적성면,중상사고,0,1,0,0,차대차 - 기타,안전운전불이행,건조,맑음,단일로 - 기타,농기계,남,61세,중상,화물,남,48세,상해없음
2013112200100474,2013년 11월 22일 18시,금요일,충청북도 제천시 의림동,중상사고,0,1,0,0,차대차 - 기타,교차로운행방법위반,건조,맑음,교차로 - 교차로안,원동기,남,19세,상해없음,자전거,여,63세,중상
2013112200100475,2013년 11월 22일 18시,금요일,충청북도 청원군 강내면,중상사고,0,1,0,0,차대차 - 측면직각충돌,중앙선침범,건조,맑음,단일로 - 기타,승용,여,39세,상해없음,승용,여,31세,중상
2013112200100476,2013년 11월 22일 18시,금요일,충청북도 청주시 상당구 용암동,경상사고,0,0,1,0,차대차 - 측면직각충돌,안전운전불이행,건조,맑음,교차로 - 교차로부근,승용,여,32세,상해없음,원동기,여,46세,경상
2013112200100523,2013년 11월 22일 19시,금요일,충청북도 충주시 목행동,중상사고,0,1,0,0,차대사람 - 기타,안전운전불이행,건조,맑음,단일로 - 기타,화물,남,25세,상해없음,보행자,남,21세,중상
2013112200100562,2013년 11월 22일 20시,금요일,충청북도 청주시 흥덕구 봉명동,중상사고,0,1,0,0,차대사람 - 횡단중,안전운전불이행,건조,맑음,단일로 - 기타,화물,남,60세,상해없음,보행자,여,70세,중상
2013112200100597,2013년 11월 22일 21시,금요일,충청북도 청주시 흥덕구 복대동,경상사고,0,0,3,0,차대차 - 측면직각충돌,교차로운행방법위반,건조,맑음,교차로 - 교차로안,승용,여,39세,경상,원동기,남,17세,경상
2013112200100659,2013년 11월 22일 23시,금요일,충청북도 충주시 호암동,경상사고,0,0,1,0,차대사람 - 기타,안전운전불이행,건조,맑음,교차로 - 교차로부근,승용,여,45세,상해없음,보행자,여,13세,경상
2013112200100660,2013년 11월 22일 23시,금요일,충청북도 청주시 상당구 용암동,경상사고,0,0,1,0,차대사람 - 길가장자리구역통행중,안전운전불이행,건조,맑음,단일로 - 기타,승용,남,26세,상해없음,보행자,남,39세,경상
2013112300100014,2013년 11월 23일 00시,토요일,충청북도 제천시 동현동,중상사고,0,1,0,0,차대차 - 기타,안전운전불이행,건조,맑음,단일로 - 기타,승용,남,37세,중상,화물,남,42세,상해없음
2013112300100040,2013년 11월 23일 01시,토요일,충청북도 청주시 상당구 율량동,경상사고,0,0,1,0,차대차 - 추돌 - 진행중,안전운전불이행,건조,맑음,교차로 - 교차로부근,승용,여,47세,상해없음,승용,남,50세,경상
2013112300100183,2013년 11월 23일 09시,토요일,충청북도 청주시 상당구 북문로1가동,중상사고,0,1,2,0,차대차 - 기타,신호위반,건조,맑음,교차로 - 교차로안,이륜,남,57세,중상,승용,여,52세,경상
2013112300100239,2013년 11월 23일 11시,토요일,충청북도 청주시 흥덕구 장암동,경상사고,0,0,2,0,차대차 - 기타,안전거리미확보,건조,맑음,단일로 - 기타,승용,남,32세,상해없음,승합,남,41세,경상
2013112300100282,2013년 11월 23일 12시,토요일,충청북도 청주시 흥덕구 복대동,경상사고,0,0,1,0,차대차 - 추돌 - 진행중,안전운전불이행,건조,맑음,교차로 - 교차로부근,승용,남,54세,상해없음,승용,여,50세,경상
2013112300100342,2013년 11월 23일 14시,토요일,충청북도 제천시 금성면,경상사고,0,0,4,0,차대차 - 기타,중앙선침범,건조,맑음,단일로 - 기타,화물,남,55세,상해없음,승용,남,41세,경상
2013112300100343,2013년 11월 23일 14시,토요일,충청북도 제천시 봉양읍,중상사고,0,1,0,0,차량단독 - 전도전복,안전운전불이행,건조,맑음,단일로 - 기타,승용,여,59세,상해없음,,,,
2013112300100372,2013년 11월 23일 15시,토요일,충청북도 청주시 흥덕구 복대동,경상사고,0,0,1,0,차대사람 - 횡단중,안전운전불이행,건조,맑음,단일로 - 횡단보도부근,승용,남,56세,상해없음,보행자,남,61세,경상
2013112300100493,2013년 11월 23일 18시,토요일,충청북도 청주시 상당구 용암동,경상사고,0,0,2,0,차대차 - 추돌 - 주정차중,안전운전불이행,건조,맑음,교차로 - 교차로부근,승용,남,53세,상해없음,승용,남,55세,경상
2013112300100534,2013년 11월 23일 19시,토요일,충청북도 충주시 앙성면,경상사고,0,0,1,0,차대차 - 측면직각충돌,안전거리미확보,건조,맑음,단일로 - 기타,승용,남,56세,상해없음,승용,남,56세,경상
2013112300100535,2013년 11월 23일 19시,토요일,충청북도 충주시 소태면,경상사고,0,0,1,0,차대차 - 추돌 - 주정차중,안전운전불이행,건조,흐림,단일로 - 기타,승용,여,45세,상해없음,승용,남,45세,상해없음
2013112300100536,2013년 11월 23일 19시,토요일,충청북도 제천시 고명동,중상사고,0,1,1,0,차대차 - 측면직각충돌,안전운전불이행,건조,맑음,단일로 - 기타,승용,남,24세,상해없음,화물,남,35세,중상
2013112300100537,2013년 11월 23일 19시,토요일,충청북도 청주시 흥덕구 사직동,중상사고,0,1,1,0,차대차 - 기타,안전운전불이행,건조,맑음,교차로 - 교차로부근,승용,남,48세,상해없음,승용,남,26세,경상
2013112300100607,2013년 11월 23일 21시,토요일,충청북도 청원군 오창읍,경상사고,0,0,2,0,차대차 - 기타,안전운전불이행,건조,맑음,기타 - 기타,승합,남,41세,상해없음,승용,남,33세,경상
2013112300100608,2013년 11월 23일 21시,토요일,충청북도 청주시 흥덕구 가경동,중상사고,0,1,4,0,차대차 - 측면직각충돌,신호위반,기타,안개,교차로 - 교차로안,화물,남,24세,상해없음,승용,남,55세,경상
2013112300100609,2013년 11월 23일 21시,토요일,충청북도 청주시 흥덕구 사창동,경상사고,0,0,3,0,차대차 - 추돌 - 주정차중,안전거리미확보,건조,맑음,단일로 - 기타,승용,남,32세,상해없음,승용,남,26세,경상
2013112300100631,2013년 11월 23일 22시,토요일,충청북도 충주시 금릉동,경상사고,0,0,2,0,차대차 - 추돌 - 주정차중,안전운전불이행,건조,맑음,단일로 - 기타,승용,남,25세,상해없음,승용,남,28세,경상
2013112300100632,2013년 11월 23일 22시,토요일,충청북도 제천시 청전동,경상사고,0,0,1,0,차대사람 - 횡단중,안전운전불이행,건조,맑음,교차로 - 교차로부근,원동기,남,18세,상해없음,보행자,남,39세,경상
2013112300100655,2013년 11월 23일 23시,토요일,충청북도 제천시 청전동,중상사고,0,1,0,0,차대사람 - 기타,안전운전불이행,건조,맑음,단일로 - 기타,승용,남,31세,상해없음,보행자,남,26세,중상
2013112400100006,2013년 11월 24일 00시,일요일,충청북도 청주시 상당구 율량동,경상사고,0,0,1,0,차대사람 - 기타,안전운전불이행,건조,맑음,교차로 - 교차로안,승용,여,46세,상해없음,보행자,남,27세,경상
2013112400100007,2013년 11월 24일 00시,일요일,충청북도 청주시 흥덕구 개신동,경상사고,0,0,2,0,차대차 - 측면직각충돌,교차로운행방법위반,건조,맑음,교차로 - 교차로안,승용,여,32세,상해없음,승용,남,59세,경상
2013112400100049,2013년 11월 24일 02시,일요일,충청북도 청주시 상당구 용암동,중상사고,0,1,0,0,차대차 - 기타,신호위반,건조,맑음,교차로 - 교차로안,승용,남,20세,상해없음,승용,여,48세,중상
2013112400100084,2013년 11월 24일 05시,일요일,충청북도 청주시 상당구 북문로2가동,중상사고,0,1,1,0,차대차 - 측면직각충돌,안전운전불이행,건조,맑음,교차로 - 교차로부근,승용,남,29세,상해없음,승용,남,58세,중상
2013112400100095,2013년 11월 24일 06시,일요일,충청북도 청원군 강내면,경상사고,0,0,1,0,차대차 - 측면직각충돌,안전거리미확보,건조,맑음,교차로 - 교차로안,승합,남,54세,상해없음,승용,여,31세,경상
2013112400100106,2013년 11월 24일 08시,일요일,충청북도 충주시 단월동,경상사고,0,0,1,0,차량단독 - 공작물충돌,안전운전불이행,건조,맑음,단일로 - 기타,승용,여,49세,경상,,,,
2013112400100107,2013년 11월 24일 08시,일요일,충청북도 청주시 흥덕구 수곡동,중상사고,0,1,2,0,차대차 - 추돌 - 진행중,안전운전불이행,건조,맑음,교차로 - 교차로부근,승용,여,19세,상해없음,승용,남,65세,중상
2013112400100135,2013년 11월 24일 10시,일요일,충청북도 충주시 노은면,중상사고,0,1,0,0,차대차 - 추돌 - 진행중,안전운전불이행,건조,맑음,단일로 - 기타,승용,남,39세,상해없음,원동기,남,66세,중상
2013112400100159,2013년 11월 24일 11시,일요일,충청북도 제천시 청전동,중상사고,0,3,0,0,차대차 - 기타,차로위반,건조,맑음,교차로 - 교차로부근,승용,남,64세,중상,승용,여,33세,중상
2013112400100182,2013년 11월 24일 12시,일요일,충청북도 청주시 상당구 우암동,부상신고사고,0,0,0,2,차대차 - 측면직각충돌,안전운전불이행,건조,맑음,교차로 - 교차로안,승용,남,41세,상해없음,화물,남,52세,부상신고
2013112400100183,2013년 11월 24일 12시,일요일,충청북도 진천군 진천읍,경상사고,0,0,2,0,차대차 - 추돌 - 주정차중,안전운전불이행,건조,맑음,교차로 - 교차로부근,승용,남,21세,상해없음,승용,남,54세,경상
2013112400100206,2013년 11월 24일 13시,일요일,충청북도 충주시 연수동,중상사고,0,1,0,0,차대차 - 추돌 - 진행중,안전운전불이행,건조,맑음,단일로 - 기타,승용,여,41세,상해없음,원동기,남,72세,중상
2013112400100207,2013년 11월 24일 13시,일요일,충청북도 청주시 흥덕구 사직동,중상사고,0,1,0,0,차대차 - 측면직각충돌,안전운전불이행,건조,맑음,교차로 - 교차로부근,승용,남,53세,상해없음,자전거,남,75세,중상
2013112400100208,2013년 11월 24일 13시,일요일,충청북도 청원군 오송읍,경상사고,0,0,4,0,차대차 - 추돌 - 주정차중,안전거리미확보,건조,맑음,교차로 - 교차로부근,승용,남,57세,경상,승용,남,34세,경상
2013112400100209,2013년 11월 24일 13시,일요일,충청북도 청원군 낭성면,중상사고,0,3,0,0,차대차 - 정면충돌,중앙선침범,건조,흐림,단일로 - 기타,승용,여,44세,중상,화물,여,46세,중상
2013112400100238,2013년 11월 24일 14시,일요일,충청북도 청주시 상당구 율량동,경상사고,0,0,1,0,차대차 - 측면직각충돌,안전거리미확보,건조,맑음,교차로 - 교차로부근,승용,여,30세,상해없음,이륜,남,16세,경상
2013112400100239,2013년 11월 24일 14시,일요일,충청북도 증평군 증평읍,중상사고,0,1,0,0,차대차 - 기타,중앙선침범,건조,기타,단일로 - 기타,농기계,남,75세,중상,화물,남,53세,상해없음
2013112400100258,2013년 11월 24일 15시,일요일,충청북도 청주시 상당구 용정동,중상사고,0,1,1,0,차대차 - 추돌 - 진행중,안전운전불이행,건조,흐림,단일로 - 기타,승용,남,48세,상해없음,승용,남,43세,경상
2013112400100259,2013년 11월 24일 15시,일요일,충청북도 청원군 남일면,중상사고,0,1,0,0,차대차 - 기타,안전운전불이행,건조,흐림,단일로 - 기타,승용,여,45세,상해없음,자전거,남,78세,중상
2013112400100285,2013년 11월 24일 16시,일요일,충청북도 제천시 송학면,중상사고,0,1,2,0,차대차 - 기타,안전운전불이행,건조,맑음,교차로 - 교차로부근,화물,남,58세,상해없음,승용,남,47세,경상
2013112400100387,2013년 11월 24일 18시,일요일,충청북도 제천시 봉양읍,중상사고,0,2,2,0,차대차 - 기타,안전거리미확보,습기,비,단일로 - 기타,승합,남,40세,상해없음,승용,남,72세,중상
2013112400100436,2013년 11월 24일 19시,일요일,충청북도 충주시 교현동,중상사고,0,1,0,0,차대사람 - 횡단중,보행자보호의무위반,습기,비,단일로 - 기타,승용,남,29세,상해없음,보행자,여,44세,중상
2013112400100492,2013년 11월 24일 20시,일요일,충청북도 청주시 흥덕구 가경동,중상사고,0,1,2,0,차대차 - 측면직각충돌,신호위반,습기,비,교차로 - 교차로안,승용,여,56세,중상,승용,남,35세,경상
2013112400100537,2013년 11월 24일 21시,일요일,충청북도 음성군 원남면,중상사고,0,3,2,0,차량단독 - 도로외이탈 - 기타,안전운전불이행,습기,비,단일로 - 기타,승용,남,47세,중상,,,,
2013112400100538,2013년 11월 24일 21시,일요일,충청북도 청주시 흥덕구 가경동,경상사고,0,0,1,0,차대차 - 측면직각충돌,안전운전불이행,건조,맑음,교차로 - 교차로부근,승용,남,51세,상해없음,승용,남,48세,상해없음
2013112400100583,2013년 11월 24일 22시,일요일,충청북도 청주시 흥덕구 가경동,중상사고,0,1,0,0,차대사람 - 횡단중,안전운전불이행,건조,맑음,교차로 - 교차로안,이륜,남,50세,상해없음,보행자,여,18세,중상
2013112400100627,2013년 11월 24일 23시,일요일,충청북도 보은군 보은읍,경상사고,0,0,2,0,차대차 - 추돌 - 진행중,안전운전불이행,습기,비,단일로 - 기타,승용,남,19세,상해없음,승용,남,44세,경상
2013112500100012,2013년 11월 25일 00시,월요일,충청북도 청주시 흥덕구 미평동,경상사고,0,0,1,0,차량단독 - 공작물충돌,안전운전불이행,습기,비,교차로 - 교차로안,승용,남,55세,상해없음,,,,
2013112500100013,2013년 11월 25일 00시,월요일,충청북도 청주시 흥덕구 비하동,중상사고,0,1,1,0,차대차 - 기타,안전운전불이행,습기,비,단일로 - 기타,화물,남,56세,중상,화물,남,42세,상해없음
2013112500100052,2013년 11월 25일 02시,월요일,충청북도 충주시 달천동,중상사고,0,1,1,0,차대차 - 추돌 - 진행중,안전거리미확보,습기,비,교차로 - 교차로부근,화물,남,59세,상해없음,승용,남,18세,경상
2013112500100053,2013년 11월 25일 02시,월요일,충청북도 충주시 연수동,경상사고,0,0,1,0,차대차 - 기타,안전운전불이행,건조,맑음,단일로 - 기타,승용,남,42세,상해없음,승용,남,61세,경상
2013112500100073,2013년 11월 25일 05시,월요일,충청북도 청주시 상당구 내덕동,사망사고,1,0,0,0,차대사람 - 기타,안전운전불이행,건조,맑음,단일로 - 기타,화물,남,47세,상해없음,보행자,남,50세,사망
2013112500100110,2013년 11월 25일 07시,월요일,충청북도 청주시 상당구 금천동,경상사고,0,0,1,0,차대사람 - 횡단중,안전운전불이행,건조,맑음,교차로 - 교차로부근,승용,남,49세,상해없음,보행자,여,16세,경상
2013112500100151,2013년 11월 25일 08시,월요일,충청북도 충주시 산척면,경상사고,0,0,2,0,차대차 - 추돌 - 진행중,안전거리미확보,습기,흐림,단일로 - 터널,화물,남,35세,상해없음,승용,여,53세,경상
2013112500100152,2013년 11월 25일 08시,월요일,충청북도 제천시 장락동,경상사고,0,0,1,0,차대차 - 기타,안전거리미확보,결빙,흐림,단일로 - 기타,승용,남,42세,상해없음,승용,남,32세,경상
2013112500100153,2013년 11월 25일 08시,월요일,충청북도 음성군 대소면,중상사고,0,1,1,0,차대차 - 추돌 - 진행중,안전운전불이행,습기,흐림,단일로 - 기타,승용,여,27세,중상,화물,남,38세,경상
2013112500100198,2013년 11월 25일 09시,월요일,충청북도 충주시 충의동,경상사고,0,0,1,0,차대사람 - 기타,안전운전불이행,습기,흐림,단일로 - 기타,승용,남,57세,상해없음,보행자,여,50세,경상
2013112500100199,2013년 11월 25일 09시,월요일,충청북도 제천시 봉양읍,중상사고,0,1,0,0,차량단독 - 전도전복,안전운전불이행,습기,비,단일로 - 기타,화물,남,53세,상해없음,,,,
2013112500100200,2013년 11월 25일 09시,월요일,충청북도 청주시 흥덕구 사창동,경상사고,0,0,1,0,차대차 - 추돌 - 진행중,안전운전불이행,습기,비,단일로 - 기타,승용,남,27세,상해없음,승용,남,33세,경상
2013112500100227,2013년 11월 25일 10시,월요일,충청북도 제천시 명지동,경상사고,0,0,3,0,차대차 - 기타,안전거리미확보,습기,비,단일로 - 기타,승합,남,40세,상해없음,화물,남,45세,경상
2013112500100228,2013년 11월 25일 10시,월요일,충청북도 증평군 증평읍,중상사고,0,1,0,1,차대차 - 측면직각충돌,직진우회전진행방해,건조,맑음,교차로 - 교차로안,화물,남,42세,부상신고,화물,여,54세,중상
2013112500100229,2013년 11월 25일 10시,월요일,충청북도 음성군 대소면,경상사고,0,0,1,0,차대차 - 기타,안전운전불이행,습기,흐림,단일로 - 기타,기타불명,기타불명,기타불명,기타불명,화물,남,45세,경상
2013112500100259,2013년 11월 25일 11시,월요일,충청북도 음성군 삼성면,경상사고,0,0,1,0,차량단독 - 기타,안전운전불이행,습기,비,교차로 - 교차로안,화물,남,40세,경상,,,,
2013112500100304,2013년 11월 25일 13시,월요일,충청북도 청원군 북이면,중상사고,0,1,2,0,차대차 - 추돌 - 주정차중,안전운전불이행,건조,맑음,단일로 - 기타,화물,남,53세,상해없음,승용,남,36세,경상
2013112500100305,2013년 11월 25일 13시,월요일,충청북도 충주시 칠금동,중상사고,0,1,0,1,차대차 - 추돌 - 주정차중,직진우회전진행방해,습기,비,교차로 - 교차로안,승용,남,66세,부상신고,승용,여,53세,중상
2013112500100306,2013년 11월 25일 13시,월요일,충청북도 영동군 황간면,경상사고,0,0,3,0,차량단독 - 공작물충돌,안전운전불이행,습기,비,단일로 - 기타,화물,남,68세,상해없음,,,,
2013112500100307,2013년 11월 25일 13시,월요일,충청북도 청주시 상당구 용암동,경상사고,0,0,2,0,차대차 - 정면충돌,안전운전불이행,습기,맑음,기타 - 기타,승용,여,54세,경상,승용,여,40세,경상
2013112500100334,2013년 11월 25일 14시,월요일,충청북도 청주시 상당구 남문로1가동,경상사고,0,0,1,0,차대차 - 기타,기타,건조,맑음,교차로 - 교차로안,원동기,여,63세,경상,승용,남,52세,상해없음
2013112500100335,2013년 11월 25일 14시,월요일,충청북도 보은군 보은읍,경상사고,0,0,2,0,차대차 - 측면직각충돌,교차로운행방법위반,건조,흐림,교차로 - 교차로안,승용,남,42세,경상,승용,남,51세,경상
2013112500100336,2013년 11월 25일 14시,월요일,충청북도 청주시 흥덕구 산남동,중상사고,0,1,0,0,차대차 - 기타,차로위반,습기,흐림,단일로 - 기타,기타불명,기타불명,기타불명,기타불명,승합,남,56세,상해없음
2013112500100385,2013년 11월 25일 16시,월요일,충청북도 영동군 영동읍,중상사고,0,1,0,0,차대차 - 기타,교차로운행방법위반,건조,흐림,교차로 - 교차로안,화물,남,43세,상해없음,원동기,남,49세,중상
2013112500100419,2013년 11월 25일 17시,월요일,충청북도 청주시 흥덕구 봉명동,경상사고,0,0,1,0,차대차 - 측면직각충돌,안전거리미확보,건조,맑음,단일로 - 기타,승용,남,76세,상해없음,승용,여,45세,상해없음
2013112500100420,2013년 11월 25일 17시,월요일,충청북도 청주시 흥덕구 사창동,중상사고,0,1,0,0,차대사람 - 횡단중,보행자보호의무위반,건조,맑음,단일로 - 횡단보도상,승용,여,66세,상해없음,보행자,여,70세,중상
2013112500100479,2013년 11월 25일 18시,월요일,충청북도 충주시 칠금동,중상사고,0,2,0,0,차대사람 - 횡단중,보행자보호의무위반,습기,비,단일로 - 횡단보도상,이륜,남,16세,상해없음,보행자,남,54세,중상
2013112500100527,2013년 11월 25일 19시,월요일,충청북도 청주시 상당구 문화동,경상사고,0,0,3,0,차대차 - 기타,안전운전불이행,건조,맑음,교차로 - 교차로안,승용,남,55세,상해없음,승용,남,44세,경상
2013112500100528,2013년 11월 25일 19시,월요일,충청북도 증평군 증평읍,경상사고,0,0,1,0,차대차 - 기타,안전운전불이행,습기,흐림,단일로 - 기타,이륜,남,34세,경상,승합,남,64세,상해없음
2013112500100597,2013년 11월 25일 22시,월요일,충청북도 충주시 문화동,경상사고,0,0,2,0,차대차 - 기타,안전운전불이행,건조,맑음,교차로 - 교차로부근,승용,남,50세,상해없음,승용,여,32세,경상
2013112600100097,2013년 11월 26일 07시,화요일,충청북도 옥천군 이원면,중상사고,0,1,0,0,차대사람 - 기타,안전운전불이행,건조,맑음,단일로 - 기타,승용,남,22세,상해없음,보행자,남,18세,중상
2013112600100098,2013년 11월 26일 07시,화요일,충청북도 청원군 옥산면,경상사고,0,0,1,1,차대차 - 측면직각충돌,중앙선침범,건조,맑음,단일로 - 기타,승용,남,43세,상해없음,승용,여,25세,경상
2013112600100138,2013년 11월 26일 08시,화요일,충청북도 청주시 흥덕구 개신동,중상사고,0,1,0,0,차대사람 - 횡단중,교차로운행방법위반,건조,맑음,교차로 - 교차로부근,승용,남,51세,상해없음,보행자,남,60세,중상
2013112600100194,2013년 11월 26일 09시,화요일,충청북도 제천시 봉양읍,중상사고,0,1,0,0,차대차 - 정면충돌,중앙선침범,건조,맑음,단일로 - 기타,승합,남,26세,상해없음,승용,남,63세,중상
2013112600100195,2013년 11월 26일 09시,화요일,충청북도 증평군 증평읍,중상사고,0,1,0,0,차대사람 - 횡단중,안전운전불이행,기타,맑음,교차로 - 교차로안,화물,남,52세,상해없음,보행자,여,53세,중상
2013112600100196,2013년 11월 26일 09시,화요일,충청북도 단양군 단양읍,중상사고,0,1,0,0,차대사람 - 횡단중,안전운전불이행,건조,맑음,단일로 - 횡단보도부근,승용,남,58세,상해없음,보행자,여,52세,중상
2013112600100197,2013년 11월 26일 09시,화요일,충청북도 청주시 흥덕구 개신동,경상사고,0,0,1,0,차대차 - 추돌 - 진행중,안전운전불이행,건조,맑음,교차로 - 교차로부근,승용,남,82세,상해없음,승용,여,35세,경상
2013112600100251,2013년 11월 26일 11시,화요일,충청북도 청주시 상당구 율량동,경상사고,0,0,1,0,차대차 - 측면직각충돌,안전운전불이행,건조,맑음,단일로 - 기타,승용,남,74세,경상,특수,남,43세,상해없음
2013112600100252,2013년 11월 26일 11시,화요일,충청북도 충주시 대소원면,경상사고,0,0,3,0,차대차 - 추돌 - 진행중,직진우회전진행방해,건조,흐림,교차로 - 교차로안,건설기계,남,52세,상해없음,화물,남,39세,경상
2013112600100253,2013년 11월 26일 11시,화요일,충청북도 충주시 봉방동,경상사고,0,0,1,0,차대차 - 추돌 - 진행중,안전운전불이행,건조,맑음,교차로 - 교차로부근,기타불명,기타불명,기타불명,기타불명,자전거,남,75세,경상