사고번호,사고일시,요일,시군구,사고내용,사망자수,중상자수,경상자수,부상신고자수,사고유형,법규위반,노면상태,기상상태,도로형태,가해운전자 차종,가해운전자 성별,가해운전자 연령,가해운전자 상해정도,피해운전자 차종,피해운전자 성별,피해운전자 연령,피해운전자 상해정도
2013112600100254,2013년 11월 26일 11시,화요일,충청북도 청원군 강내면,경상사고,0,0,1,0,차대사람 - 횡단중,안전운전불이행,건조,맑음,단일로 - 기타,화물,남,68세,상해없음,보행자,여,75세,경상
2013112600100274,2013년 11월 26일 12시,화요일,충청북도 청주시 흥덕구 복대동,경상사고,0,0,2,0,차대차 - 측면직각충돌,교차로운행방법위반,건조,맑음,교차로 - 교차로안,승용,여,57세,경상,화물,남,31세,경상
2013112600100305,2013년 11월 26일 13시,화요일,충청북도 청주시 상당구 남문로2가동,중상사고,0,1,0,0,차대사람 - 기타,안전운전불이행,습기,눈,단일로 - 기타,승용,남,50세,상해없음,보행자,여,79세,중상
2013112600100367,2013년 11월 26일 15시,화요일,충청북도 청주시 흥덕구 비하동,경상사고,0,0,1,0,차대차 - 추돌 - 주정차중,안전운전불이행,습기,비,단일로 - 기타,승합,남,50세,상해없음,화물,남,54세,경상
2013112600100400,2013년 11월 26일 16시,화요일,충청북도 진천군 진천읍,경상사고,0,0,1,0,차대사람 - 기타,안전운전불이행,건조,맑음,단일로 - 기타,승용,여,49세,상해없음,보행자,여,14세,경상
2013112600100401,2013년 11월 26일 16시,화요일,충청북도 청주시 흥덕구 사직동,경상사고,0,0,1,0,차대차 - 측면직각충돌,안전운전불이행,습기,흐림,교차로 - 교차로부근,승용,여,44세,상해없음,승용,여,51세,경상
2013112600100432,2013년 11월 26일 17시,화요일,충청북도 충주시 교현동,경상사고,0,0,1,0,차대차 - 측면직각충돌,안전운전불이행,건조,맑음,단일로 - 기타,승용,남,44세,상해없음,자전거,여,61세,경상
2013112600100433,2013년 11월 26일 17시,화요일,충청북도 충주시 교현동,중상사고,0,1,1,0,차대차 - 추돌 - 진행중,안전운전불이행,건조,맑음,교차로 - 교차로부근,화물,여,50세,상해없음,승용,남,58세,경상
2013112600100434,2013년 11월 26일 17시,화요일,충청북도 진천군 광혜원면,중상사고,0,1,0,0,차대사람 - 횡단중,보행자보호의무위반,습기,비,교차로 - 교차로안,승용,남,71세,상해없음,보행자,남,53세,중상
2013112600100491,2013년 11월 26일 18시,화요일,충청북도 충주시 문화동,부상신고사고,0,0,0,1,차대차 - 추돌 - 주정차중,안전운전불이행,건조,흐림,교차로 - 교차로부근,승용,남,64세,상해없음,승용,여,51세,부상신고
2013112600100492,2013년 11월 26일 18시,화요일,충청북도 음성군 대소면,부상신고사고,0,0,0,1,차대차 - 기타,안전운전불이행,건조,맑음,단일로 - 기타,승용,남,45세,부상신고,승용,남,45세,상해없음
2013112600100533,2013년 11월 26일 19시,화요일,충청북도 제천시 장락동,경상사고,0,0,1,0,차대사람 - 기타,안전운전불이행,적설,눈,기타 - 기타,승용,여,41세,상해없음,보행자,남,62세,경상
2013112600100562,2013년 11월 26일 20시,화요일,충청북도 단양군 매포읍,경상사고,0,0,1,0,차대사람 - 차도통행중,안전운전불이행,건조,맑음,교차로 - 교차로부근,승용,남,45세,상해없음,보행자,여,53세,경상
2013112600100563,2013년 11월 26일 20시,화요일,충청북도 청주시 흥덕구 사창동,경상사고,0,0,1,0,차대차 - 측면직각충돌,안전거리미확보,건조,맑음,교차로 - 교차로부근,화물,남,73세,상해없음,원동기,남,31세,경상
2013112600100594,2013년 11월 26일 21시,화요일,충청북도 충주시 문화동,중상사고,0,1,0,0,차대차 - 측면직각충돌,직진우회전진행방해,건조,흐림,교차로 - 교차로안,원동기,남,17세,상해없음,원동기,여,57세,중상
2013112600100595,2013년 11월 26일 21시,화요일,충청북도 증평군 증평읍,경상사고,0,0,5,0,차대차 - 추돌 - 진행중,안전운전불이행,습기,흐림,단일로 - 교량,화물,남,58세,상해없음,화물,여,35세,경상
2013112600100596,2013년 11월 26일 21시,화요일,충청북도 괴산군 사리면,부상신고사고,0,0,0,1,차대차 - 추돌 - 주정차중,안전운전불이행,결빙,흐림,미분류 - 미분류,승용,여,52세,부상신고,화물,남,37세,기타불명
2013112600100626,2013년 11월 26일 22시,화요일,충청북도 청주시 흥덕구 모충동,중상사고,0,2,0,0,차대차 - 기타,안전운전불이행,건조,흐림,단일로 - 기타,승용,남,32세,상해없음,특수,남,24세,중상
2013112600100658,2013년 11월 26일 23시,화요일,충청북도 청주시 상당구 용암동,경상사고,0,0,2,0,차대차 - 기타,안전운전불이행,건조,맑음,교차로 - 교차로안,승용,여,44세,상해없음,승용,남,51세,경상
2013112600100659,2013년 11월 26일 23시,화요일,충청북도 청주시 흥덕구 수곡동,중상사고,0,1,0,0,차대차 - 기타,신호위반,건조,맑음,교차로 - 교차로안,승용,남,21세,상해없음,이륜,남,50세,중상
2013112700100107,2013년 11월 27일 07시,수요일,충청북도 충주시 금릉동,중상사고,0,1,0,0,차대차 - 추돌 - 진행중,안전거리미확보,건조,맑음,단일로 - 기타,승용,남,51세,상해없음,원동기,남,31세,중상
2013112700100127,2013년 11월 27일 08시,수요일,충청북도 제천시 명동,경상사고,0,0,1,0,차대차 - 기타,안전운전불이행,결빙,맑음,기타 - 기타,특수,남,69세,상해없음,승용,남,43세,경상
2013112700100128,2013년 11월 27일 08시,수요일,충청북도 괴산군 소수면,중상사고,0,1,1,1,차대차 - 측면직각충돌,안전운전불이행,결빙,눈,단일로 - 기타,승용,남,54세,부상신고,승용,남,65세,중상
2013112700100129,2013년 11월 27일 08시,수요일,충청북도 청주시 흥덕구 산남동,중상사고,0,2,1,0,차대차 - 측면직각충돌,신호위반,습기,비,교차로 - 교차로안,승용,남,32세,중상,승용,여,20세,경상
2013112700100160,2013년 11월 27일 09시,수요일,충청북도 청원군 현도면,중상사고,0,1,0,0,차대차 - 측면직각충돌,신호위반,습기,눈,교차로 - 교차로안,승용,남,51세,상해없음,승용,남,31세,중상
2013112700100195,2013년 11월 27일 11시,수요일,충청북도 청원군 북이면,경상사고,0,0,1,0,차대차 - 추돌 - 진행중,안전운전불이행,결빙,흐림,교차로 - 교차로안,승용,남,31세,상해없음,화물,남,65세,경상
2013112700100196,2013년 11월 27일 11시,수요일,충청북도 청주시 흥덕구 가경동,중상사고,0,1,0,0,차대사람 - 횡단중,보행자보호의무위반,결빙,눈,단일로 - 횡단보도상,승용,남,32세,상해없음,보행자,여,71세,중상
2013112700100250,2013년 11월 27일 13시,수요일,충청북도 청주시 흥덕구 분평동,경상사고,0,0,2,0,차대차 - 측면직각충돌,신호위반,습기,눈,교차로 - 교차로안,승용,남,53세,상해없음,승용,남,39세,경상
2013112700100387,2013년 11월 27일 17시,수요일,충청북도 청원군 오창읍,경상사고,0,0,1,0,차대차 - 추돌 - 주정차중,안전운전불이행,결빙,눈,단일로 - 기타,화물,남,43세,상해없음,화물,남,34세,경상
2013112700100388,2013년 11월 27일 17시,수요일,충청북도 청주시 상당구 우암동,중상사고,0,1,2,0,차대차 - 추돌 - 주정차중,안전운전불이행,습기,흐림,미분류 - 미분류,승합,남,43세,상해없음,승용,남,62세,중상
2013112700100389,2013년 11월 27일 17시,수요일,충청북도 청주시 상당구 우암동,경상사고,0,0,2,0,차대차 - 측면직각충돌,안전운전불이행,습기,흐림,미분류 - 미분류,승용,남,62세,상해없음,화물,남,36세,경상
2013112700100390,2013년 11월 27일 17시,수요일,충청북도 충주시 신니면,중상사고,0,2,0,0,차대차 - 추돌 - 진행중,안전운전불이행,결빙,흐림,단일로 - 기타,승용,남,64세,중상,승용,여,59세,중상
2013112700100391,2013년 11월 27일 17시,수요일,충청북도 제천시 봉양읍,경상사고,0,0,2,0,차대차 - 기타,안전운전불이행,결빙,눈,단일로 - 기타,승용,남,62세,경상,건설기계,남,34세,경상
2013112700100392,2013년 11월 27일 17시,수요일,충청북도 증평군 증평읍,중상사고,0,1,1,0,차대차 - 추돌 - 진행중,안전운전불이행,결빙,눈,단일로 - 기타,화물,여,38세,상해없음,화물,남,49세,상해없음
2013112700100393,2013년 11월 27일 17시,수요일,충청북도 청주시 상당구 용암동,경상사고,0,0,2,0,차대차 - 측면직각충돌,안전운전불이행,건조,맑음,교차로 - 교차로안,승용,여,48세,상해없음,승용,여,55세,상해없음
2013112700100439,2013년 11월 27일 18시,수요일,충청북도 청원군 오창읍,중상사고,0,1,2,0,차대차 - 정면충돌,안전운전불이행,결빙,흐림,교차로 - 교차로부근,승용,남,53세,중상,승용,남,33세,경상
2013112700100440,2013년 11월 27일 18시,수요일,충청북도 제천시 고암동,중상사고,0,2,1,0,차대차 - 정면충돌,중앙선침범,결빙,눈,교차로 - 교차로부근,화물,남,43세,상해없음,화물,남,33세,상해없음
2013112700100441,2013년 11월 27일 18시,수요일,충청북도 청주시 흥덕구 휴암동,경상사고,0,0,3,0,차대차 - 추돌 - 진행중,안전운전불이행,결빙,눈,단일로 - 기타,승용,여,48세,경상,승용,남,54세,경상
2013112700100442,2013년 11월 27일 18시,수요일,충청북도 청주시 흥덕구 개신동,중상사고,0,1,3,0,차대차 - 추돌 - 진행중,안전운전불이행,결빙,눈,단일로 - 기타,승용,남,55세,경상,화물,남,60세,상해없음
2013112700100443,2013년 11월 27일 18시,수요일,충청북도 청주시 흥덕구 개신동,경상사고,0,0,2,0,차대차 - 추돌 - 진행중,안전운전불이행,결빙,눈,미분류 - 미분류,화물,남,67세,상해없음,승용,남,30세,경상
2013112700100444,2013년 11월 27일 18시,수요일,충청북도 청원군 남이면,중상사고,0,1,1,0,차대차 - 추돌 - 진행중,안전운전불이행,결빙,눈,단일로 - 기타,승용,여,22세,경상,화물,남,54세,중상
2013112700100445,2013년 11월 27일 18시,수요일,충청북도 청원군 남이면,중상사고,0,2,4,0,차대차 - 기타,안전운전불이행,결빙,눈,미분류 - 미분류,승용,남,60세,중상,승용,여,47세,경상
2013112700100446,2013년 11월 27일 18시,수요일,충청북도 청주시 상당구 평촌동,중상사고,0,2,0,0,차대사람 - 기타,기타,적설,눈,단일로 - 기타,승용,남,56세,중상,보행자,여,28세,중상
2013112700100447,2013년 11월 27일 18시,수요일,충청북도 청원군 남이면,중상사고,0,2,4,0,차대차 - 추돌 - 주정차중,안전운전불이행,결빙,눈,미분류 - 미분류,승용,남,41세,기타불명,승합,남,38세,상해없음
2013112700100496,2013년 11월 27일 19시,수요일,충청북도 충주시 문화동,부상신고사고,0,0,0,1,차대차 - 추돌 - 주정차중,안전운전불이행,건조,맑음,단일로 - 기타,승용,여,24세,부상신고,승합,남,64세,상해없음
2013112700100497,2013년 11월 27일 19시,수요일,충청북도 충주시 교현동,중상사고,0,2,0,0,차대차 - 추돌 - 진행중,안전운전불이행,건조,맑음,교차로 - 교차로부근,승용,여,47세,상해없음,승용,남,23세,중상
2013112700100498,2013년 11월 27일 19시,수요일,충청북도 청주시 흥덕구 산남동,중상사고,0,1,7,0,차대차 - 측면직각충돌,안전운전불이행,결빙,눈,단일로 - 기타,승용,남,54세,상해없음,승합,여,45세,경상
2013112700100499,2013년 11월 27일 19시,수요일,충청북도 보은군 회인면,중상사고,0,1,0,0,차대차 - 추돌 - 진행중,안전운전불이행,건조,맑음,단일로 - 기타,화물,남,50세,상해없음,승용,남,53세,중상
2013112700100531,2013년 11월 27일 20시,수요일,충청북도 진천군 문백면,경상사고,0,0,1,0,차대차 - 기타,안전운전불이행,적설,눈,단일로 - 기타,승합,남,53세,상해없음,승용,남,51세,경상
2013112700100570,2013년 11월 27일 21시,수요일,충청북도 옥천군 청산면,경상사고,0,0,1,0,차대차 - 측면직각충돌,중앙선침범,적설,눈,단일로 - 기타,화물,남,50세,상해없음,화물,여,46세,경상
2013112700100571,2013년 11월 27일 21시,수요일,충청북도 청주시 흥덕구 산남동,경상사고,0,0,1,0,차대사람 - 기타,안전운전불이행,결빙,흐림,단일로 - 기타,승용,여,26세,상해없음,보행자,남,41세,경상
2013112700100638,2013년 11월 27일 23시,수요일,충청북도 제천시 중앙로2가,경상사고,0,0,4,0,차대차 - 기타,중앙선침범,습기,흐림,교차로 - 교차로부근,승용,남,30세,상해없음,승용,남,39세,경상
2013112700100639,2013년 11월 27일 23시,수요일,충청북도 청주시 흥덕구 봉명동,경상사고,0,0,1,0,차대차 - 기타,안전운전불이행,건조,맑음,교차로 - 교차로안,승용,남,58세,상해없음,승용,여,48세,경상
2013112800100006,2013년 11월 28일 00시,목요일,충청북도 청주시 상당구 금천동,경상사고,0,0,1,0,차대차 - 추돌 - 진행중,안전운전불이행,결빙,맑음,단일로 - 기타,승용,여,44세,기타불명,승용,남,55세,경상
2013112800100007,2013년 11월 28일 00시,목요일,충청북도 청주시 상당구 명암동,중상사고,0,1,0,0,차량단독 - 공작물충돌,안전운전불이행,결빙,맑음,기타 - 기타,승용,여,39세,중상,,,,
2013112800100009,2013년 11월 28일 00시,목요일,충청북도 청원군 옥산면,경상사고,0,0,2,0,차대차 - 기타,안전운전불이행,적설,눈,단일로 - 기타,승용,남,44세,경상,승용,남,27세,경상
2013112800100031,2013년 11월 28일 01시,목요일,충청북도 청주시 흥덕구 복대동,경상사고,0,0,1,0,차대차 - 정면충돌,중앙선침범,결빙,눈,교차로 - 교차로부근,승용,남,43세,상해없음,승용,남,39세,경상
2013112800100072,2013년 11월 28일 06시,목요일,충청북도 청주시 상당구 내덕동,경상사고,0,0,1,0,차대사람 - 횡단중,보행자보호의무위반,적설,흐림,교차로 - 교차로안,승용,여,48세,상해없음,보행자,남,51세,경상
2013112800100073,2013년 11월 28일 06시,목요일,충청북도 청주시 흥덕구 가경동,경상사고,0,0,1,0,차량단독 - 공작물충돌,안전운전불이행,건조,맑음,단일로 - 기타,승용,남,50세,상해없음,,,,
2013112800100074,2013년 11월 28일 06시,목요일,충청북도 청주시 흥덕구 수곡동,중상사고,0,1,0,0,차대사람 - 기타,신호위반,습기,눈,단일로 - 횡단보도상,승용,여,44세,상해없음,보행자,여,20세,중상
2013112800100092,2013년 11월 28일 07시,목요일,충청북도 청원군 오창읍,경상사고,0,0,1,0,차대차 - 기타,안전운전불이행,결빙,맑음,교차로 - 교차로부근,승용,남,50세,상해없음,승용,남,52세,상해없음
2013112800100125,2013년 11월 28일 08시,목요일,충청북도 음성군 금왕읍,경상사고,0,0,2,0,차대차 - 기타,교차로운행방법위반,건조,맑음,교차로 - 교차로안,승용,남,28세,경상,승용,여,57세,경상
2013112800100126,2013년 11월 28일 08시,목요일,충청북도 청주시 흥덕구 복대동,경상사고,0,0,2,0,차대차 - 측면직각충돌,안전거리미확보,습기,맑음,단일로 - 기타,승용,남,43세,상해없음,승용,남,53세,경상
2013112800100170,2013년 11월 28일 09시,목요일,충청북도 음성군 금왕읍,경상사고,0,0,1,0,차대차 - 기타,교차로운행방법위반,건조,맑음,교차로 - 교차로안,승용,여,48세,상해없음,승용,남,32세,경상
2013112800100240,2013년 11월 28일 12시,목요일,충청북도 청원군 오창읍,경상사고,0,0,2,0,차대차 - 기타,교차로운행방법위반,건조,맑음,교차로 - 교차로안,승용,여,64세,상해없음,화물,남,57세,경상
2013112800100291,2013년 11월 28일 14시,목요일,충청북도 영동군 용산면,경상사고,0,0,1,0,차대차 - 기타,안전운전불이행,결빙,맑음,단일로 - 기타,승용,남,35세,상해없음,화물,남,55세,경상
2013112800100318,2013년 11월 28일 15시,목요일,충청북도 청주시 흥덕구 운천동,경상사고,0,0,1,0,차량단독 - 기타,안전운전불이행,건조,맑음,교차로 - 교차로부근,승용,남,60세,상해없음,,,,
2013112800100319,2013년 11월 28일 15시,목요일,충청북도 청주시 흥덕구 사창동,경상사고,0,0,1,0,차대차 - 측면직각충돌,중앙선침범,건조,맑음,교차로 - 교차로부근,승용,남,27세,상해없음,승용,남,49세,경상
2013112800100320,2013년 11월 28일 15시,목요일,충청북도 청주시 흥덕구 산남동,중상사고,0,1,0,0,차대사람 - 보도통행중,신호위반,건조,맑음,단일로 - 횡단보도상,승합,남,57세,상해없음,보행자,남,7세,중상
2013112800100348,2013년 11월 28일 16시,목요일,충청북도 제천시 하소동,경상사고,0,0,1,0,차대사람 - 기타,안전운전불이행,건조,맑음,교차로 - 교차로안,승용,여,47세,상해없음,보행자,여,85세,경상
2013112800100349,2013년 11월 28일 16시,목요일,충청북도 진천군 진천읍,중상사고,0,1,0,0,차대사람 - 횡단중,보행자보호의무위반,건조,맑음,단일로 - 기타,승용,여,48세,상해없음,보행자,남,73세,중상
2013112800100350,2013년 11월 28일 16시,목요일,충청북도 청주시 흥덕구 봉명동,경상사고,0,0,1,0,차대사람 - 길가장자리구역통행중,안전운전불이행,건조,맑음,단일로 - 기타,기타불명,기타불명,기타불명,기타불명,보행자,남,40세,경상
2013112800100379,2013년 11월 28일 17시,목요일,충청북도 충주시 목행동,중상사고,0,1,0,0,차대차 - 기타,안전운전불이행,건조,맑음,단일로 - 기타,승용,여,45세,상해없음,승용,여,52세,중상
2013112800100380,2013년 11월 28일 17시,목요일,충청북도 청주시 흥덕구 봉명동,경상사고,0,0,2,0,차대차 - 추돌 - 진행중,안전운전불이행,건조,맑음,교차로 - 교차로안,승용,남,59세,상해없음,승용,남,48세,상해없음
2013112800100381,2013년 11월 28일 17시,목요일,충청북도 청주시 상당구 용암동,경상사고,0,0,1,0,차대차 - 기타,안전운전불이행,습기,흐림,교차로 - 교차로안,승용,여,39세,상해없음,이륜,남,34세,경상
2013112800100424,2013년 11월 28일 18시,목요일,충청북도 충주시 칠금동,중상사고,0,1,0,0,차대사람 - 횡단중,신호위반,건조,맑음,교차로 - 교차로안,승용,여,54세,상해없음,보행자,여,14세,중상
2013112800100425,2013년 11월 28일 18시,목요일,충청북도 충주시 교현동,경상사고,0,0,1,0,차대사람 - 기타,안전운전불이행,건조,맑음,단일로 - 기타,승용,남,61세,상해없음,보행자,남,67세,경상
2013112800100426,2013년 11월 28일 18시,목요일,충청북도 음성군 삼성면,중상사고,0,1,1,0,차대차 - 추돌 - 진행중,안전거리미확보,건조,맑음,단일로 - 기타,승용,남,42세,상해없음,화물,남,51세,중상
2013112800100427,2013년 11월 28일 18시,목요일,충청북도 청주시 흥덕구 봉명동,경상사고,0,0,3,0,차대차 - 기타,안전거리미확보,건조,맑음,단일로 - 기타,승용,남,23세,상해없음,승용,남,30세,경상
2013112800100483,2013년 11월 28일 19시,목요일,충청북도 충주시 문화동,중상사고,0,1,0,0,차대사람 - 기타,안전운전불이행,건조,맑음,교차로 - 교차로안,화물,남,52세,상해없음,보행자,남,71세,중상
2013112800100550,2013년 11월 28일 21시,목요일,충청북도 청주시 상당구 용암동,중상사고,0,1,0,0,차대차 - 측면직각충돌,안전운전불이행,건조,기타,단일로 - 기타,승용,여,48세,상해없음,이륜,남,36세,중상
2013112800100580,2013년 11월 28일 22시,목요일,충청북도 음성군 삼성면,경상사고,0,0,1,0,차대차 - 기타,교차로운행방법위반,건조,맑음,교차로 - 교차로안,승합,남,48세,상해없음,이륜,남,31세,경상
2013112800100615,2013년 11월 28일 23시,목요일,충청북도 충주시 연수동,경상사고,0,0,2,0,차대차 - 추돌 - 주정차중,안전운전불이행,건조,맑음,단일로 - 기타,승용,여,50세,상해없음,승용,남,36세,경상
2013112900100011,2013년 11월 29일 00시,금요일,충청북도 청주시 흥덕구 송정동,경상사고,0,0,1,0,차대차 - 정면충돌,안전운전불이행,건조,맑음,교차로 - 교차로부근,승용,남,34세,상해없음,승용,남,33세,경상
2013112900100012,2013년 11월 29일 00시,금요일,충청북도 청주시 흥덕구 복대동,중상사고,0,1,0,0,차대사람 - 횡단중,보행자보호의무위반,건조,맑음,교차로 - 교차로부근,승용,남,20세,상해없음,보행자,남,19세,중상
2013112900100047,2013년 11월 29일 03시,금요일,충청북도 괴산군 장연면,경상사고,0,0,1,0,차대차 - 기타,안전운전불이행,건조,맑음,단일로 - 기타,기타불명,기타불명,기타불명,기타불명,화물,남,40세,상해없음
2013112900100093,2013년 11월 29일 07시,금요일,충청북도 청원군 내수읍,경상사고,0,0,1,0,차대사람 - 횡단중,안전운전불이행,결빙,흐림,교차로 - 교차로안,승용,남,37세,상해없음,보행자,남,75세,경상
2013112900100094,2013년 11월 29일 07시,금요일,충청북도 충주시 금가면,중상사고,0,2,0,0,차대차 - 추돌 - 진행중,안전거리미확보,건조,맑음,단일로 - 기타,화물,남,64세,중상,승용,남,76세,중상
2013112900100180,2013년 11월 29일 09시,금요일,충청북도 제천시 덕산면,경상사고,0,0,2,0,차대차 - 기타,직진우회전진행방해,건조,맑음,교차로 - 교차로안,승용,남,34세,상해없음,승용,여,32세,경상
2013112900100205,2013년 11월 29일 10시,금요일,충청북도 청원군 오창읍,사망사고,1,0,0,0,차대차 - 기타,안전운전불이행,건조,맑음,교차로 - 교차로부근,화물,남,63세,사망,화물,남,46세,상해없음
2013112900100238,2013년 11월 29일 11시,금요일,충청북도 제천시 화산동,중상사고,0,1,0,0,차대사람 - 기타,안전운전불이행,건조,맑음,교차로 - 교차로부근,기타불명,기타불명,기타불명,기타불명,보행자,여,86세,중상
2013112900100239,2013년 11월 29일 11시,금요일,충청북도 음성군 대소면,경상사고,0,0,1,0,차대차 - 기타,교차로운행방법위반,건조,맑음,교차로 - 교차로안,화물,남,58세,상해없음,승용,여,28세,경상
2013112900100297,2013년 11월 29일 13시,금요일,충청북도 제천시 금성면,중상사고,0,1,0,0,차량단독 - 기타,안전운전불이행,건조,맑음,기타 - 기타,화물,남,34세,중상,,,,
2013112900100298,2013년 11월 29일 13시,금요일,충청북도 청주시 흥덕구 복대동,경상사고,0,0,1,0,차대사람 - 횡단중,안전운전불이행,건조,맑음,단일로 - 기타,승용,남,57세,상해없음,보행자,남,78세,경상
2013112900100332,2013년 11월 29일 14시,금요일,충청북도 옥천군 옥천읍,경상사고,0,0,1,0,차대차 - 측면직각충돌,중앙선침범,건조,맑음,단일로 - 기타,자전거,남,39세,경상,승용,남,39세,상해없음
2013112900100333,2013년 11월 29일 14시,금요일,충청북도 청주시 흥덕구 복대동,중상사고,0,1,0,0,차대차 - 추돌 - 주정차중,안전운전불이행,건조,맑음,교차로 - 교차로부근,승용,남,73세,상해없음,승용,여,44세,상해없음
2013112900100363,2013년 11월 29일 15시,금요일,충청북도 청주시 흥덕구 복대동,중상사고,0,1,0,0,차대차 - 추돌 - 진행중,신호위반,건조,맑음,단일로 - 기타,승용,남,37세,상해없음,화물,남,44세,중상
2013112900100392,2013년 11월 29일 16시,금요일,충청북도 청주시 상당구 금천동,경상사고,0,0,1,0,차대차 - 기타,안전운전불이행,건조,맑음,단일로 - 기타,승합,남,52세,상해없음,승용,남,53세,상해없음
2013112900100393,2013년 11월 29일 16시,금요일,충청북도 청원군 내수읍,중상사고,0,2,0,0,차대차 - 측면직각충돌,신호위반,건조,맑음,교차로 - 교차로안,승용,남,53세,상해없음,승용,남,72세,중상
2013112900100394,2013년 11월 29일 16시,금요일,충청북도 충주시 주덕읍,중상사고,0,1,0,0,차대차 - 추돌 - 진행중,안전거리미확보,건조,맑음,단일로 - 기타,건설기계,남,50세,상해없음,원동기,남,67세,중상
2013112900100483,2013년 11월 29일 18시,금요일,충청북도 청주시 상당구 내덕동,경상사고,0,0,1,0,차대차 - 추돌 - 진행중,안전운전불이행,건조,맑음,단일로 - 기타,승용,남,28세,상해없음,승용,남,29세,경상
2013112900100484,2013년 11월 29일 18시,금요일,충청북도 음성군 삼성면,중상사고,0,1,0,0,차대사람 - 기타,안전운전불이행,건조,맑음,단일로 - 기타,승용,남,23세,상해없음,보행자,남,74세,중상
2013112900100485,2013년 11월 29일 18시,금요일,충청북도 진천군 진천읍,중상사고,0,1,0,0,차대차 - 추돌 - 주정차중,안전운전불이행,건조,맑음,교차로 - 교차로부근,승용,남,63세,상해없음,승용,남,44세,중상
2013112900100486,2013년 11월 29일 18시,금요일,충청북도 옥천군 옥천읍,중상사고,0,1,1,0,차대차 - 기타,안전운전불이행,건조,맑음,단일로 - 기타,승용,남,31세,중상,승용,남,32세,경상
2013112900100532,2013년 11월 29일 19시,금요일,충청북도 청원군 내수읍,경상사고,0,0,1,0,차대차 - 측면직각충돌,안전운전불이행,건조,맑음,교차로 - 교차로안,승용,여,40세,경상,승합,남,40세,상해없음
2013112900100595,2013년 11월 29일 21시,금요일,충청북도 청주시 상당구 북문로1가동,경상사고,0,0,1,0,차대사람 - 기타,안전운전불이행,건조,맑음,단일로 - 기타,승용,남,39세,상해없음,보행자,남,17세,경상
2013112900100596,2013년 11월 29일 21시,금요일,충청북도 청주시 흥덕구 개신동,중상사고,0,1,0,0,차대차 - 측면직각충돌,안전운전불이행,건조,맑음,교차로 - 교차로부근,승용,남,26세,상해없음,자전거,남,21세,중상
2013112900100597,2013년 11월 29일 21시,금요일,충청북도 청주시 흥덕구 강서동,경상사고,0,0,12,0,차대차 - 추돌 - 진행중,안전거리미확보,건조,맑음,교차로 - 교차로안,승용,남,42세,상해없음,승합,여,33세,경상
2013112900100598,2013년 11월 29일 21시,금요일,충청북도 청주시 흥덕구 분평동,경상사고,0,0,1,0,차대차 - 기타,신호위반,결빙,흐림,교차로 - 교차로안,승용,남,30세,상해없음,원동기,남,59세,경상
2013112900100599,2013년 11월 29일 21시,금요일,충청북도 청원군 낭성면,경상사고,0,0,2,0,차대차 - 측면직각충돌,안전운전불이행,습기,맑음,단일로 - 기타,승용,남,44세,상해없음,승용,남,52세,경상
2013112900100637,2013년 11월 29일 22시,금요일,충청북도 진천군 진천읍,경상사고,0,0,2,0,차대차 - 추돌 - 주정차중,안전운전불이행,건조,맑음,교차로 - 교차로부근,이륜,남,58세,상해없음,승용,남,30세,경상
2013112900100676,2013년 11월 29일 23시,금요일,충청북도 음성군 대소면,부상신고사고,0,0,0,1,차대사람 - 기타,안전운전불이행,건조,맑음,기타 - 기타,승용,여,39세,상해없음,보행자,남,50세,부상신고
2013113000100040,2013년 11월 30일 01시,토요일,충청북도 충주시 연수동,경상사고,0,0,1,0,차대차 - 측면직각충돌,직진우회전진행방해,건조,맑음,교차로 - 교차로안,승용,남,59세,상해없음,승용,남,34세,경상
2013113000100093,2013년 11월 30일 05시,토요일,충청북도 보은군 마로면,중상사고,0,1,0,0,차대차 - 측면직각충돌,교차로운행방법위반,건조,맑음,교차로 - 교차로안,승용,남,24세,상해없음,승용,여,44세,중상
2013113000100094,2013년 11월 30일 05시,토요일,충청북도 청주시 흥덕구 사창동,경상사고,0,0,2,0,차대차 - 추돌 - 주정차중,안전운전불이행,건조,맑음,교차로 - 교차로부근,화물,남,47세,상해없음,승용,남,43세,경상
2013113000100108,2013년 11월 30일 06시,토요일,충청북도 청주시 흥덕구 사창동,경상사고,0,0,1,0,차대차 - 측면직각충돌,신호위반,건조,맑음,교차로 - 교차로안,승용,남,69세,상해없음,승용,남,37세,경상
2013113000100160,2013년 11월 30일 09시,토요일,충청북도 청주시 상당구 율량동,경상사고,0,0,1,0,차대차 - 측면직각충돌,중앙선침범,건조,맑음,교차로 - 교차로부근,승용,남,51세,상해없음,승용,여,52세,경상
2013113000100161,2013년 11월 30일 09시,토요일,충청북도 청주시 흥덕구 가경동,중상사고,0,1,0,0,차대사람 - 횡단중,보행자보호의무위반,건조,맑음,교차로 - 교차로부근,승합,남,72세,상해없음,보행자,남,17세,중상
2013113000100181,2013년 11월 30일 10시,토요일,충청북도 진천군 초평면,경상사고,0,0,2,0,차대차 - 측면직각충돌,안전운전불이행,건조,맑음,교차로 - 교차로부근,화물,남,45세,상해없음,화물,남,52세,상해없음