사고번호,사고일시,요일,시군구,사고내용,사망자수,중상자수,경상자수,부상신고자수,사고유형,법규위반,노면상태,기상상태,도로형태,가해운전자 차종,가해운전자 성별,가해운전자 연령,가해운전자 상해정도,피해운전자 차종,피해운전자 성별,피해운전자 연령,피해운전자 상해정도
2013122100100231,2013년 12월 21일 08시,토요일,충청북도 청원군 내수읍,중상사고,0,3,5,0,차대차 - 추돌 - 진행중,안전운전불이행,결빙,눈,단일로 - 기타,승합,남,74세,상해없음,화물,남,41세,경상
2013122100100254,2013년 12월 21일 09시,토요일,충청북도 청주시 상당구 용암동,중상사고,0,1,0,0,차대차 - 기타,안전운전불이행,건조,맑음,교차로 - 교차로부근,승용,남,21세,상해없음,승용,남,66세,중상
2013122100100277,2013년 12월 21일 10시,토요일,충청북도 청주시 상당구 석교동,중상사고,0,3,5,0,차대차 - 추돌 - 주정차중,안전운전불이행,건조,맑음,단일로 - 기타,화물,남,63세,중상,승합,남,47세,경상
2013122100100278,2013년 12월 21일 10시,토요일,충청북도 음성군 음성읍,중상사고,0,1,0,0,차대사람 - 기타,안전운전불이행,결빙,맑음,교차로 - 교차로안,화물,남,33세,상해없음,보행자,여,79세,중상
2013122100100337,2013년 12월 21일 12시,토요일,충청북도 단양군 단양읍,중상사고,0,1,0,0,차대사람 - 횡단중,안전운전불이행,건조,맑음,단일로 - 기타,승용,남,26세,상해없음,보행자,남,60세,중상
2013122100100392,2013년 12월 21일 14시,토요일,충청북도 청원군 옥산면,중상사고,0,1,0,0,차대사람 - 횡단중,안전운전불이행,건조,맑음,단일로 - 기타,화물,남,51세,상해없음,보행자,남,71세,중상
2013122100100393,2013년 12월 21일 14시,토요일,충청북도 청주시 흥덕구 정봉동,경상사고,0,0,1,0,차대차 - 추돌 - 주정차중,안전운전불이행,건조,맑음,교차로 - 교차로부근,기타불명,기타불명,기타불명,기타불명,승용,남,51세,경상
2013122100100425,2013년 12월 21일 15시,토요일,충청북도 청주시 흥덕구 사직동,경상사고,0,0,1,0,차대차 - 추돌 - 주정차중,안전거리미확보,건조,맑음,단일로 - 기타,승용,남,45세,상해없음,승용,여,49세,경상
2013122100100455,2013년 12월 21일 16시,토요일,충청북도 괴산군 청천면,경상사고,0,0,1,0,차량단독 - 도로외이탈 - 추락,안전운전불이행,적설,눈,단일로 - 교량,화물,남,56세,경상,,,,
2013122100100456,2013년 12월 21일 16시,토요일,충청북도 청주시 흥덕구 분평동,경상사고,0,0,3,0,차대차 - 측면직각충돌,교차로운행방법위반,건조,맑음,교차로 - 교차로안,승용,여,40세,상해없음,승용,여,31세,경상
2013122100100524,2013년 12월 21일 18시,토요일,충청북도 청원군 내수읍,경상사고,0,0,2,0,차대차 - 추돌 - 진행중,안전운전불이행,습기,맑음,단일로 - 기타,승용,남,42세,상해없음,농기계,남,42세,경상
2013122100100568,2013년 12월 21일 19시,토요일,충청북도 청주시 상당구 석교동,중상사고,0,2,2,0,차대차 - 측면직각충돌,신호위반,건조,맑음,교차로 - 교차로안,승용,남,56세,경상,승용,남,59세,경상
2013122100100692,2013년 12월 21일 23시,토요일,충청북도 청주시 상당구 석교동,중상사고,0,1,1,0,차대차 - 기타,안전운전불이행,건조,맑음,단일로 - 기타,화물,남,49세,중상,화물,남,71세,기타불명
2013122100100693,2013년 12월 21일 23시,토요일,충청북도 청원군 강내면,중상사고,0,1,0,0,차대사람 - 횡단중,안전운전불이행,건조,맑음,단일로 - 기타,승용,남,49세,상해없음,보행자,남,57세,중상
2013122200100054,2013년 12월 22일 02시,일요일,충청북도 충주시 호암동,중상사고,0,1,0,0,차량단독 - 전도전복,안전운전불이행,건조,맑음,단일로 - 기타,승용,남,18세,중상,,,,
2013122200100055,2013년 12월 22일 02시,일요일,충청북도 청주시 흥덕구 복대동,사망사고,1,0,0,0,차대사람 - 차도통행중,안전운전불이행,건조,맑음,단일로 - 기타,승용,남,53세,상해없음,보행자,남,24세,사망
2013122200100074,2013년 12월 22일 03시,일요일,충청북도 청주시 상당구 금천동,경상사고,0,0,1,0,차대차 - 기타,안전거리미확보,건조,맑음,단일로 - 기타,화물,남,25세,상해없음,승합,남,24세,경상
2013122200100126,2013년 12월 22일 08시,일요일,충청북도 제천시 송학면,경상사고,0,0,1,0,차대차 - 정면충돌,안전운전불이행,결빙,흐림,단일로 - 기타,승용,여,51세,상해없음,승용,남,33세,경상
2013122200100146,2013년 12월 22일 09시,일요일,충청북도 제천시 덕산면,중상사고,0,1,1,0,차대차 - 기타,안전거리미확보,건조,맑음,단일로 - 기타,건설기계,남,61세,상해없음,화물,남,43세,중상
2013122200100187,2013년 12월 22일 12시,일요일,충청북도 청주시 상당구 율량동,중상사고,0,1,0,0,차대차 - 측면직각충돌,교차로운행방법위반,건조,맑음,교차로 - 교차로안,승용,여,47세,상해없음,이륜,남,71세,중상
2013122200100188,2013년 12월 22일 12시,일요일,충청북도 청원군 오송읍,중상사고,0,2,0,0,차대차 - 측면직각충돌,안전운전불이행,건조,맑음,교차로 - 교차로안,승용,여,44세,중상,승용,여,69세,중상
2013122200100234,2013년 12월 22일 14시,일요일,충청북도 청주시 상당구 서문동,경상사고,0,0,1,0,차대차 - 기타,안전운전불이행,건조,맑음,교차로 - 교차로안,승용,여,40세,상해없음,승용,여,24세,경상
2013122200100301,2013년 12월 22일 17시,일요일,충청북도 충주시 성남동,경상사고,0,0,1,0,차대차 - 기타,안전운전불이행,건조,맑음,단일로 - 기타,승용,남,22세,상해없음,원동기,남,29세,경상
2013122200100302,2013년 12월 22일 17시,일요일,충청북도 충주시 주덕읍,중상사고,0,1,1,0,차대차 - 정면충돌,교차로운행방법위반,건조,맑음,교차로 - 교차로안,화물,남,59세,상해없음,원동기,남,17세,중상
2013122200100303,2013년 12월 22일 17시,일요일,충청북도 청주시 흥덕구 복대동,경상사고,0,0,1,0,차대차 - 추돌 - 진행중,안전운전불이행,건조,맑음,교차로 - 교차로안,승용,남,43세,상해없음,승용,남,30세,경상
2013122200100340,2013년 12월 22일 18시,일요일,충청북도 청주시 상당구 북문로1가동,경상사고,0,0,1,0,차량단독 - 기타,안전운전불이행,건조,맑음,단일로 - 기타,승합,남,53세,상해없음,,,,
2013122200100373,2013년 12월 22일 19시,일요일,충청북도 청주시 흥덕구 봉명동,경상사고,0,0,1,0,차대사람 - 횡단중,안전운전불이행,건조,맑음,단일로 - 기타,승용,남,52세,상해없음,보행자,여,65세,경상
2013122200100443,2013년 12월 22일 22시,일요일,충청북도 진천군 문백면,중상사고,0,1,0,0,차량단독 - 기타,안전운전불이행,건조,맑음,단일로 - 기타,승용,남,41세,중상,,,,
2013122300100009,2013년 12월 23일 00시,월요일,충청북도 청원군 문의면,경상사고,0,0,1,0,차량단독 - 기타,안전운전불이행,건조,맑음,기타 - 기타,기타불명,기타불명,기타불명,기타불명,,,,
2013122300100080,2013년 12월 23일 07시,월요일,충청북도 청주시 상당구 율량동,중상사고,0,1,0,0,차대차 - 측면직각충돌,교차로운행방법위반,건조,맑음,교차로 - 교차로안,화물,남,39세,상해없음,자전거,남,70세,중상
2013122300100081,2013년 12월 23일 07시,월요일,충청북도 충주시 목행동,사망사고,1,0,0,0,차량단독 - 공작물충돌,안전운전불이행,습기,맑음,단일로 - 기타,승용,남,35세,사망,,,,
2013122300100082,2013년 12월 23일 07시,월요일,충청북도 청주시 흥덕구 봉명동,경상사고,0,0,1,0,차대차 - 기타,안전운전불이행,건조,맑음,단일로 - 기타,승용,남,66세,상해없음,승용,여,27세,경상
2013122300100083,2013년 12월 23일 07시,월요일,충청북도 청주시 흥덕구 산남동,경상사고,0,0,1,0,차대차 - 측면직각충돌,중앙선침범,습기,맑음,단일로 - 기타,승용,여,53세,상해없음,승용,남,53세,경상
2013122300100084,2013년 12월 23일 07시,월요일,충청북도 청주시 상당구 용암동,중상사고,0,1,4,0,차대차 - 측면직각충돌,중앙선침범,건조,맑음,교차로 - 교차로부근,기타불명,기타불명,기타불명,기타불명,승용,남,55세,경상
2013122300100085,2013년 12월 23일 07시,월요일,충청북도 청원군 미원면,중상사고,0,1,1,0,차대차 - 측면직각충돌,안전운전불이행,결빙,맑음,단일로 - 기타,화물,남,52세,중상,건설기계,남,42세,경상
2013122300100118,2013년 12월 23일 08시,월요일,충청북도 충주시 문화동,부상신고사고,0,0,0,1,차대차 - 추돌 - 진행중,안전거리미확보,건조,맑음,교차로 - 교차로안,승용,여,46세,부상신고,승용,여,35세,상해없음
2013122300100119,2013년 12월 23일 08시,월요일,충청북도 음성군 대소면,중상사고,0,1,0,0,차량단독 - 기타,안전운전불이행,결빙,흐림,교차로 - 교차로안,승용,남,31세,중상,,,,
2013122300100120,2013년 12월 23일 08시,월요일,충청북도 청주시 흥덕구 봉명동,경상사고,0,0,3,0,차대차 - 추돌 - 주정차중,안전운전불이행,건조,맑음,단일로 - 기타,승용,여,40세,상해없음,화물,남,39세,경상
2013122300100185,2013년 12월 23일 10시,월요일,충청북도 단양군 영춘면,중상사고,0,2,0,0,차대차 - 기타,안전운전불이행,건조,맑음,교차로 - 교차로안,승용,남,24세,중상,승용,남,55세,상해없음
2013122300100186,2013년 12월 23일 10시,월요일,충청북도 진천군 진천읍,경상사고,0,0,1,0,차대차 - 측면직각충돌,교차로운행방법위반,건조,맑음,교차로 - 교차로안,화물,남,39세,상해없음,승용,여,40세,경상
2013122300100212,2013년 12월 23일 11시,월요일,충청북도 청주시 흥덕구 가경동,경상사고,0,0,1,0,차대차 - 기타,안전운전불이행,건조,맑음,교차로 - 교차로부근,승합,남,54세,상해없음,화물,남,44세,경상
2013122300100238,2013년 12월 23일 12시,월요일,충청북도 제천시 고암동,중상사고,0,2,0,0,차대차 - 기타,안전거리미확보,건조,맑음,단일로 - 기타,승용,남,70세,상해없음,화물,남,30세,중상
2013122300100239,2013년 12월 23일 12시,월요일,충청북도 청원군 오송읍,중상사고,0,2,1,0,차대차 - 정면충돌,신호위반,건조,맑음,교차로 - 교차로안,승용,남,43세,상해없음,승용,여,42세,경상
2013122300100281,2013년 12월 23일 13시,월요일,충청북도 청주시 상당구 우암동,경상사고,0,0,2,0,차대차 - 추돌 - 진행중,안전운전불이행,건조,맑음,교차로 - 교차로안,승용,남,43세,상해없음,화물,남,52세,경상
2013122300100282,2013년 12월 23일 13시,월요일,충청북도 보은군 보은읍,중상사고,0,1,0,0,차대차 - 측면직각충돌,안전운전불이행,건조,맑음,교차로 - 교차로안,화물,남,72세,상해없음,원동기,남,68세,중상
2013122300100377,2013년 12월 23일 16시,월요일,충청북도 충주시 목행동,중상사고,0,1,0,0,차대차 - 추돌 - 진행중,직진우회전진행방해,건조,맑음,교차로 - 교차로안,승용,기타불명,기타불명,기타불명,승용,여,44세,중상
2013122300100378,2013년 12월 23일 16시,월요일,충청북도 음성군 감곡면,중상사고,0,1,0,0,차대차 - 기타,안전거리미확보,건조,맑음,단일로 - 기타,건설기계,남,48세,상해없음,승용,남,44세,중상
2013122300100419,2013년 12월 23일 17시,월요일,충청북도 청주시 상당구 북문로2가동,경상사고,0,0,1,0,차대차 - 기타,신호위반,건조,맑음,교차로 - 교차로안,승용,여,39세,상해없음,이륜,남,20세,경상
2013122300100420,2013년 12월 23일 17시,월요일,충청북도 단양군 가곡면,경상사고,0,0,2,0,차대차 - 기타,중앙선침범,건조,맑음,교차로 - 교차로부근,승용,여,53세,경상,화물,남,44세,경상
2013122300100421,2013년 12월 23일 17시,월요일,충청북도 진천군 광혜원면,사망사고,1,0,0,0,차대사람 - 길가장자리구역통행중,안전운전불이행,건조,맑음,단일로 - 기타,화물,남,60세,상해없음,보행자,남,47세,사망
2013122300100469,2013년 12월 23일 18시,월요일,충청북도 제천시 중앙로1가,중상사고,0,2,0,0,차대차 - 기타,안전거리미확보,건조,맑음,단일로 - 기타,승합,남,48세,상해없음,승용,남,50세,중상
2013122300100470,2013년 12월 23일 18시,월요일,충청북도 청주시 흥덕구 운천동,중상사고,0,1,0,0,차대사람 - 횡단중,보행자보호의무위반,건조,맑음,단일로 - 횡단보도상,승용,남,62세,상해없음,보행자,여,60세,중상
2013122300100517,2013년 12월 23일 19시,월요일,충청북도 진천군 진천읍,중상사고,0,2,0,0,차대사람 - 기타,안전운전불이행,건조,맑음,단일로 - 기타,화물,남,76세,상해없음,보행자,남,41세,중상
2013122300100579,2013년 12월 23일 21시,월요일,충청북도 청주시 상당구 석교동,경상사고,0,0,1,0,차대차 - 기타,중앙선침범,건조,맑음,기타 - 기타,승용,남,48세,상해없음,승용,남,24세,경상
2013122300100580,2013년 12월 23일 21시,월요일,충청북도 청주시 흥덕구 복대동,경상사고,0,0,2,0,차대차 - 측면직각충돌,신호위반,건조,맑음,교차로 - 교차로안,승용,여,53세,상해없음,승용,여,54세,경상
2013122300100640,2013년 12월 23일 23시,월요일,충청북도 청원군 오창읍,경상사고,0,0,1,0,차대사람 - 기타,신호위반,건조,맑음,교차로 - 교차로안,승용,남,24세,상해없음,보행자,여,27세,경상
2013122400100056,2013년 12월 24일 02시,화요일,충청북도 청주시 흥덕구 개신동,중상사고,0,1,0,0,차대차 - 측면직각충돌,중앙선침범,건조,맑음,단일로 - 기타,승용,남,28세,상해없음,승용,남,58세,중상
2013122400100083,2013년 12월 24일 04시,화요일,충청북도 청원군 강내면,사망사고,1,0,0,0,차대차 - 정면충돌,중앙선침범,건조,맑음,단일로 - 기타,승용,남,35세,사망,화물,남,46세,상해없음
2013122400100132,2013년 12월 24일 07시,화요일,충청북도 청주시 흥덕구 복대동,중상사고,0,1,0,0,차대차 - 측면직각충돌,신호위반,건조,맑음,교차로 - 교차로안,승용,남,31세,상해없음,승용,여,46세,중상
2013122400100199,2013년 12월 24일 10시,화요일,충청북도 청주시 상당구 주중동,중상사고,0,1,2,0,차대차 - 측면직각충돌,신호위반,건조,맑음,교차로 - 교차로안,화물,남,50세,상해없음,승용,남,38세,중상
2013122400100200,2013년 12월 24일 10시,화요일,충청북도 제천시 청전동,중상사고,0,1,1,0,차대차 - 기타,직진우회전진행방해,건조,맑음,교차로 - 교차로안,화물,남,36세,상해없음,승용,남,48세,경상
2013122400100201,2013년 12월 24일 10시,화요일,충청북도 청주시 상당구 용암동,중상사고,0,2,0,0,차대차 - 기타,안전운전불이행,건조,맑음,기타 - 기타,승용,남,54세,상해없음,원동기,남,71세,중상
2013122400100224,2013년 12월 24일 11시,화요일,충청북도 청주시 상당구 석교동,중상사고,0,1,0,0,차량단독 - 기타,기타,건조,맑음,단일로 - 기타,승합,남,52세,상해없음,,,,
2013122400100246,2013년 12월 24일 12시,화요일,충청북도 청주시 상당구 남문로1가동,중상사고,0,1,0,0,차대차 - 측면직각충돌,안전운전불이행,건조,맑음,교차로 - 교차로안,이륜,남,73세,중상,승용,남,56세,상해없음
2013122400100360,2013년 12월 24일 16시,화요일,충청북도 보은군 수한면,경상사고,0,0,1,0,차대차 - 기타,안전운전불이행,건조,맑음,단일로 - 기타,승용,남,50세,상해없음,승용,남,31세,상해없음
2013122400100385,2013년 12월 24일 17시,화요일,충청북도 진천군 초평면,중상사고,0,1,0,0,차량단독 - 전도전복,안전운전불이행,결빙,흐림,단일로 - 기타,이륜,남,58세,중상,,,,
2013122400100429,2013년 12월 24일 18시,화요일,충청북도 청주시 흥덕구 봉명동,경상사고,0,0,1,0,차대차 - 측면직각충돌,교차로운행방법위반,건조,맑음,단일로 - 기타,승용,남,42세,상해없음,이륜,남,44세,경상
2013122400100610,2013년 12월 24일 22시,화요일,충청북도 영동군 영동읍,경상사고,0,0,2,0,차대차 - 기타,안전운전불이행,건조,맑음,교차로 - 교차로안,화물,남,44세,상해없음,승용,남,44세,경상
2013122400100646,2013년 12월 24일 23시,화요일,충청북도 청주시 상당구 율량동,중상사고,0,1,0,0,차대차 - 측면직각충돌,안전운전불이행,건조,맑음,교차로 - 교차로안,기타불명,기타불명,기타불명,기타불명,자전거,남,16세,중상
2013122400100647,2013년 12월 24일 23시,화요일,충청북도 청주시 상당구 용암동,중상사고,0,3,0,0,차대차 - 기타,안전운전불이행,건조,기타,교차로 - 교차로부근,승용,남,42세,상해없음,승용,여,31세,중상
2013122500100013,2013년 12월 25일 00시,수요일,충청북도 충주시 교현동,경상사고,0,0,2,1,차대차 - 기타,안전운전불이행,건조,맑음,교차로 - 교차로부근,승용,남,18세,부상신고,승용,남,62세,상해없음
2013122500100014,2013년 12월 25일 00시,수요일,충청북도 청주시 흥덕구 가경동,중상사고,0,1,0,0,차대사람 - 횡단중,안전운전불이행,건조,맑음,교차로 - 교차로부근,승용,여,45세,상해없음,보행자,남,31세,중상
2013122500100103,2013년 12월 25일 05시,수요일,충청북도 청주시 흥덕구 사창동,중상사고,0,1,0,0,차량단독 - 공작물충돌,안전운전불이행,건조,맑음,단일로 - 기타,승용,남,31세,기타불명,,,,
2013122500100138,2013년 12월 25일 07시,수요일,충청북도 청원군 강내면,경상사고,0,0,6,0,차대차 - 추돌 - 진행중,안전운전불이행,건조,맑음,교차로 - 교차로안,승용,남,68세,상해없음,승합,남,42세,경상
2013122500100171,2013년 12월 25일 09시,수요일,충청북도 충주시 용산동,경상사고,0,0,1,0,차대차 - 기타,안전운전불이행,건조,맑음,교차로 - 교차로부근,승용,여,42세,상해없음,자전거,남,75세,경상
2013122500100172,2013년 12월 25일 09시,수요일,충청북도 괴산군 괴산읍,경상사고,0,0,2,0,차대차 - 측면직각충돌,안전운전불이행,건조,맑음,교차로 - 교차로안,화물,남,66세,상해없음,승용,여,31세,경상
2013122500100235,2013년 12월 25일 13시,수요일,충청북도 청주시 상당구 북문로3가동,경상사고,0,0,5,0,차대차 - 측면직각충돌,교차로운행방법위반,건조,맑음,교차로 - 교차로안,승용,남,66세,상해없음,승용,남,39세,경상
2013122500100236,2013년 12월 25일 13시,수요일,충청북도 청주시 흥덕구 개신동,중상사고,0,1,0,0,차대차 - 기타,안전운전불이행,건조,맑음,교차로 - 교차로안,승용,남,33세,상해없음,원동기,남,44세,중상
2013122500100237,2013년 12월 25일 13시,수요일,충청북도 청주시 흥덕구 가경동,경상사고,0,0,1,0,차대차 - 추돌 - 주정차중,안전운전불이행,건조,맑음,단일로 - 기타,승용,여,46세,상해없음,승용,여,48세,경상
2013122500100278,2013년 12월 25일 15시,수요일,충청북도 청주시 흥덕구 지동동,중상사고,0,1,10,0,차대차 - 추돌 - 주정차중,안전운전불이행,건조,맑음,단일로 - 기타,승합,남,51세,상해없음,화물,남,59세,경상
2013122500100292,2013년 12월 25일 16시,수요일,충청북도 청주시 상당구 남문로1가동,중상사고,0,1,1,0,차대차 - 기타,안전운전불이행,건조,맑음,교차로 - 교차로부근,승용,남,66세,상해없음,승용,여,30세,중상
2013122500100293,2013년 12월 25일 16시,수요일,충청북도 청주시 흥덕구 개신동,경상사고,0,0,1,0,차대차 - 측면직각충돌,안전운전불이행,건조,맑음,단일로 - 기타,승용,여,28세,경상,승합,남,56세,상해없음
2013122500100318,2013년 12월 25일 17시,수요일,충청북도 괴산군 괴산읍,중상사고,0,1,0,0,차대사람 - 횡단중,안전운전불이행,건조,맑음,교차로 - 교차로안,승용,남,74세,상해없음,보행자,여,61세,중상
2013122500100343,2013년 12월 25일 18시,수요일,충청북도 옥천군 옥천읍,중상사고,0,1,2,0,차대차 - 측면직각충돌,직진우회전진행방해,건조,맑음,교차로 - 교차로안,승용,남,57세,경상,승용,남,54세,경상
2013122500100344,2013년 12월 25일 18시,수요일,충청북도 충주시 대소원면,경상사고,0,0,1,1,차대차 - 추돌 - 진행중,안전운전불이행,건조,맑음,단일로 - 터널,승용,남,32세,상해없음,화물,남,41세,경상
2013122500100381,2013년 12월 25일 19시,수요일,충청북도 제천시 고암동,경상사고,0,0,1,0,차대사람 - 기타,안전운전불이행,건조,맑음,미분류 - 미분류,승용,여,57세,상해없음,보행자,남,45세,경상
2013122500100382,2013년 12월 25일 19시,수요일,충청북도 제천시 화산동,경상사고,0,0,1,0,차대차 - 기타,직진우회전진행방해,건조,맑음,교차로 - 교차로안,승용,남,51세,상해없음,승용,남,23세,경상
2013122500100383,2013년 12월 25일 19시,수요일,충청북도 음성군 삼성면,경상사고,0,0,1,0,차대사람 - 차도통행중,안전운전불이행,건조,맑음,단일로 - 기타,승용,남,36세,상해없음,보행자,남,25세,경상
2013122500100384,2013년 12월 25일 19시,수요일,충청북도 단양군 매포읍,중상사고,0,1,0,0,차대사람 - 횡단중,보행자보호의무위반,건조,맑음,단일로 - 기타,승용,남,42세,상해없음,보행자,남,74세,중상
2013122500100409,2013년 12월 25일 20시,수요일,충청북도 음성군 금왕읍,경상사고,0,0,3,0,차대차 - 기타,신호위반,건조,맑음,교차로 - 교차로안,화물,남,49세,상해없음,승용,남,68세,경상
2013122500100443,2013년 12월 25일 22시,수요일,충청북도 음성군 생극면,중상사고,0,2,0,0,차대차 - 측면직각충돌,신호위반,건조,맑음,교차로 - 교차로안,승용,남,31세,상해없음,승용,남,43세,중상
2013122500100460,2013년 12월 25일 23시,수요일,충청북도 진천군 덕산면,경상사고,0,0,2,0,차대차 - 측면직각충돌,교차로운행방법위반,건조,맑음,교차로 - 교차로안,승용,남,40세,상해없음,승용,남,40세,경상
2013122600100020,2013년 12월 26일 01시,목요일,충청북도 충주시 안림동,경상사고,0,0,1,0,차량단독 - 공작물충돌,안전운전불이행,건조,맑음,단일로 - 기타,승용,남,18세,상해없음,,,,
2013122600100030,2013년 12월 26일 02시,목요일,충청북도 청주시 흥덕구 문암동,중상사고,0,1,0,0,차량단독 - 공작물충돌,안전운전불이행,건조,맑음,단일로 - 기타,승용,여,28세,중상,,,,
2013122600100031,2013년 12월 26일 02시,목요일,충청북도 청원군 옥산면,경상사고,0,0,1,0,차대차 - 추돌 - 진행중,안전운전불이행,건조,맑음,단일로 - 기타,승용,남,22세,경상,화물,남,58세,상해없음
2013122600100086,2013년 12월 26일 07시,목요일,충청북도 청주시 흥덕구 장성동,중상사고,0,1,1,0,차대차 - 추돌 - 진행중,신호위반,건조,맑음,교차로 - 교차로부근,승용,남,47세,경상,승용,남,47세,중상
2013122600100118,2013년 12월 26일 08시,목요일,충청북도 충주시 봉방동,중상사고,0,1,0,0,차대차 - 측면직각충돌,안전거리미확보,건조,흐림,단일로 - 기타,승용,남,57세,상해없음,승용,남,61세,중상
2013122600100152,2013년 12월 26일 09시,목요일,충청북도 음성군 감곡면,경상사고,0,0,1,0,차대차 - 기타,안전거리미확보,건조,흐림,단일로 - 기타,승용,기타불명,기타불명,기타불명,승용,남,56세,경상
2013122600100166,2013년 12월 26일 10시,목요일,충청북도 보은군 보은읍,경상사고,0,0,1,0,차대사람 - 횡단중,보행자보호의무위반,건조,맑음,단일로 - 횡단보도상,승용,남,51세,상해없음,보행자,여,82세,경상
2013122600100167,2013년 12월 26일 10시,목요일,충청북도 청주시 흥덕구 수곡동,경상사고,0,0,2,0,차대차 - 기타,안전거리미확보,건조,맑음,교차로 - 교차로부근,승용,남,83세,경상,승용,남,45세,경상
2013122600100193,2013년 12월 26일 11시,목요일,충청북도 청주시 상당구 사천동,경상사고,0,0,1,0,차대차 - 기타,중앙선침범,건조,맑음,단일로 - 기타,승용,남,47세,상해없음,승용,남,30세,경상
2013122600100194,2013년 12월 26일 11시,목요일,충청북도 충주시 연수동,중상사고,0,1,0,0,차대차 - 측면직각충돌,안전운전불이행,습기,눈,교차로 - 교차로안,화물,남,57세,상해없음,승용,여,44세,중상
2013122600100223,2013년 12월 26일 12시,목요일,충청북도 옥천군 옥천읍,경상사고,0,0,3,0,차대차 - 측면직각충돌,교차로운행방법위반,건조,맑음,교차로 - 교차로안,승용,남,57세,상해없음,승용,남,50세,경상
2013122600100251,2013년 12월 26일 13시,목요일,충청북도 제천시 봉양읍,경상사고,0,0,2,0,차대차 - 기타,안전운전불이행,습기,흐림,단일로 - 기타,승용,남,36세,상해없음,승합,남,70세,경상
2013122600100278,2013년 12월 26일 14시,목요일,충청북도 충주시 교현동,중상사고,0,1,1,0,차대차 - 추돌 - 진행중,안전거리미확보,건조,맑음,단일로 - 기타,승용,남,65세,경상,승용,남,32세,중상
2013122600100279,2013년 12월 26일 14시,목요일,충청북도 제천시 하소동,경상사고,0,0,1,0,차대차 - 기타,직진우회전진행방해,습기,흐림,교차로 - 교차로안,승용,남,39세,상해없음,승용,남,78세,경상
2013122600100298,2013년 12월 26일 15시,목요일,충청북도 충주시 산척면,경상사고,0,0,1,0,차대차 - 측면직각충돌,안전운전불이행,건조,흐림,단일로 - 기타,승용,남,21세,상해없음,승용,여,42세,경상
2013122600100299,2013년 12월 26일 15시,목요일,충청북도 보은군 보은읍,경상사고,0,0,1,0,차대차 - 측면직각충돌,안전운전불이행,습기,눈,기타 - 기타,승용,남,70세,상해없음,자전거,남,68세,경상
2013122600100300,2013년 12월 26일 15시,목요일,충청북도 청주시 흥덕구 사직동,경상사고,0,0,1,0,차대차 - 측면직각충돌,안전운전불이행,건조,맑음,교차로 - 교차로부근,승용,남,63세,상해없음,승용,남,36세,경상
2013122600100301,2013년 12월 26일 15시,목요일,충청북도 청주시 흥덕구 사창동,경상사고,0,0,1,0,차대차 - 측면직각충돌,안전운전불이행,건조,맑음,단일로 - 기타,승용,여,57세,기타불명,승용,남,38세,경상
2013122600100327,2013년 12월 26일 16시,목요일,충청북도 청주시 상당구 용암동,경상사고,0,0,2,0,차대차 - 측면직각충돌,신호위반,습기,비,교차로 - 교차로안,승용,여,48세,경상,승용,남,51세,경상
2013122600100442,2013년 12월 26일 19시,목요일,충청북도 충주시 연수동,중상사고,0,3,0,0,차대차 - 측면직각충돌,신호위반,습기,흐림,교차로 - 교차로안,승용,남,56세,중상,승용,여,53세,중상
2013122600100466,2013년 12월 26일 20시,목요일,충청북도 제천시 영천동,중상사고,0,1,0,0,차대사람 - 기타,안전운전불이행,습기,흐림,단일로 - 기타,화물,남,28세,상해없음,보행자,남,47세,중상
2013122600100467,2013년 12월 26일 20시,목요일,충청북도 청주시 흥덕구 복대동,경상사고,0,0,1,0,차대사람 - 보도통행중,기타,건조,맑음,기타 - 기타,승용,남,56세,상해없음,보행자,남,51세,경상
2013122600100525,2013년 12월 26일 22시,목요일,충청북도 제천시 모산동,경상사고,0,0,2,0,차대차 - 추돌 - 주정차중,안전운전불이행,적설,흐림,교차로 - 교차로부근,화물,남,23세,상해없음,승용,남,57세,경상
2013122600100526,2013년 12월 26일 22시,목요일,충청북도 청주시 흥덕구 사창동,경상사고,0,0,1,0,차대차 - 추돌 - 진행중,차로위반,습기,눈,교차로 - 교차로부근,승용,남,51세,상해없음,승용,남,55세,경상
2013122600100527,2013년 12월 26일 22시,목요일,충청북도 청주시 상당구 용암동,경상사고,0,0,1,0,차대사람 - 기타,안전운전불이행,건조,맑음,교차로 - 교차로부근,승용,여,51세,상해없음,보행자,남,47세,경상
2013122600100528,2013년 12월 26일 22시,목요일,충청북도 음성군 대소면,중상사고,0,1,0,0,차대차 - 추돌 - 진행중,안전운전불이행,건조,맑음,단일로 - 기타,승용,남,43세,상해없음,건설기계,남,41세,중상
2013122600100556,2013년 12월 26일 23시,목요일,충청북도 충주시 교현동,경상사고,0,0,1,0,차대차 - 측면직각충돌,신호위반,건조,흐림,교차로 - 교차로안,승용,남,51세,상해없음,승용,남,43세,경상