사고번호,사고일시,요일,시군구,사고내용,사망자수,중상자수,경상자수,부상신고자수,사고유형,법규위반,노면상태,기상상태,도로형태,가해운전자 차종,가해운전자 성별,가해운전자 연령,가해운전자 상해정도,피해운전자 차종,피해운전자 성별,피해운전자 연령,피해운전자 상해정도
2013122600100557,2013년 12월 26일 23시,목요일,충청북도 청주시 흥덕구 사창동,경상사고,0,0,1,0,차대차 - 측면직각충돌,안전운전불이행,건조,맑음,교차로 - 교차로부근,승용,남,26세,상해없음,승용,여,24세,경상
2013122700100013,2013년 12월 27일 00시,금요일,충청북도 제천시 중앙로2가,중상사고,0,1,0,0,차대사람 - 기타,안전운전불이행,건조,맑음,교차로 - 교차로부근,승용,남,40세,상해없음,보행자,여,57세,중상
2013122700100031,2013년 12월 27일 01시,금요일,충청북도 청주시 상당구 용정동,경상사고,0,0,3,0,차량단독 - 공작물충돌,안전운전불이행,결빙,맑음,단일로 - 기타,승용,남,39세,상해없음,,,,
2013122700100070,2013년 12월 27일 06시,금요일,충청북도 청원군 남이면,경상사고,0,0,3,0,차대차 - 기타,안전운전불이행,건조,맑음,교차로 - 교차로안,승합,남,58세,상해없음,승용,남,58세,경상
2013122700100084,2013년 12월 27일 07시,금요일,충청북도 충주시 목행동,경상사고,0,0,1,0,차대사람 - 보도통행중,안전운전불이행,건조,맑음,기타 - 기타,승용,남,30세,상해없음,보행자,남,53세,경상
2013122700100085,2013년 12월 27일 07시,금요일,충청북도 청주시 흥덕구 사직동,중상사고,0,1,0,0,차대차 - 측면직각충돌,신호위반,습기,맑음,교차로 - 교차로안,승용,남,29세,상해없음,승용,여,32세,중상
2013122700100148,2013년 12월 27일 10시,금요일,충청북도 충주시 대소원면,중상사고,0,3,0,0,차대차 - 추돌 - 진행중,안전운전불이행,건조,맑음,교차로 - 교차로부근,승용,남,30세,상해없음,승용,남,36세,중상
2013122700100173,2013년 12월 27일 11시,금요일,충청북도 청주시 상당구 금천동,중상사고,0,1,0,0,차대차 - 기타,안전운전불이행,건조,맑음,단일로 - 기타,승용,남,67세,상해없음,원동기,남,44세,중상
2013122700100208,2013년 12월 27일 12시,금요일,충청북도 청원군 남이면,경상사고,0,0,5,0,차대차 - 기타,안전운전불이행,건조,맑음,교차로 - 교차로부근,승용,여,49세,상해없음,승합,남,33세,경상
2013122700100209,2013년 12월 27일 12시,금요일,충청북도 충주시 대소원면,경상사고,0,0,2,0,차대차 - 추돌 - 진행중,안전거리미확보,건조,맑음,단일로 - 기타,승용,남,47세,상해없음,승용,남,31세,경상
2013122700100228,2013년 12월 27일 13시,금요일,충청북도 청주시 흥덕구 사직동,중상사고,0,1,0,0,차대차 - 측면직각충돌,안전운전불이행,건조,맑음,교차로 - 교차로안,승용,여,25세,상해없음,자전거,여,61세,중상
2013122700100253,2013년 12월 27일 14시,금요일,충청북도 청주시 흥덕구 산남동,경상사고,0,0,1,0,차량단독 - 기타,안전운전불이행,건조,맑음,단일로 - 기타,승용,남,51세,상해없음,,,,
2013122700100279,2013년 12월 27일 15시,금요일,충청북도 청주시 상당구 석교동,경상사고,0,0,1,0,차대차 - 정면충돌,안전운전불이행,건조,맑음,단일로 - 기타,자전거,남,76세,경상,승용,남,61세,상해없음
2013122700100300,2013년 12월 27일 16시,금요일,충청북도 충주시 달천동,중상사고,0,1,2,0,차대차 - 추돌 - 진행중,안전거리미확보,건조,맑음,단일로 - 교량,승용,남,56세,상해없음,승용,여,48세,중상
2013122700100301,2013년 12월 27일 16시,금요일,충청북도 청주시 흥덕구 사직동,경상사고,0,0,1,0,차대차 - 측면직각충돌,안전거리미확보,건조,맑음,단일로 - 기타,승용,남,67세,상해없음,화물,남,31세,경상
2013122700100331,2013년 12월 27일 17시,금요일,충청북도 청주시 상당구 사천동,중상사고,0,1,1,0,차대차 - 기타,교차로운행방법위반,건조,맑음,교차로 - 교차로안,원동기,남,19세,경상,승용,남,59세,상해없음
2013122700100332,2013년 12월 27일 17시,금요일,충청북도 제천시 청전동,중상사고,0,1,0,0,차대차 - 기타,직진우회전진행방해,건조,맑음,교차로 - 교차로안,승용,남,52세,상해없음,원동기,남,54세,중상
2013122700100333,2013년 12월 27일 17시,금요일,충청북도 청원군 오송읍,경상사고,0,0,1,0,차대차 - 측면직각충돌,신호위반,건조,맑음,교차로 - 교차로안,화물,남,65세,상해없음,승용,여,28세,경상
2013122700100408,2013년 12월 27일 19시,금요일,충청북도 청주시 흥덕구 봉명동,경상사고,0,0,1,0,차대차 - 추돌 - 진행중,안전운전불이행,건조,맑음,단일로 - 기타,승용,여,58세,상해없음,승용,남,36세,경상
2013122700100441,2013년 12월 27일 20시,금요일,충청북도 청원군 오창읍,경상사고,0,0,2,0,차대차 - 측면직각충돌,신호위반,건조,맑음,교차로 - 교차로안,승용,남,39세,상해없음,승용,남,30세,경상
2013122700100442,2013년 12월 27일 20시,금요일,충청북도 제천시 신월동,경상사고,0,0,1,0,차대차 - 기타,안전거리미확보,건조,맑음,단일로 - 기타,승용,남,36세,상해없음,승용,남,28세,경상
2013122700100443,2013년 12월 27일 20시,금요일,충청북도 청주시 흥덕구 복대동,중상사고,0,1,1,0,차대차 - 추돌 - 진행중,차로위반,건조,맑음,단일로 - 기타,승용,여,29세,상해없음,승용,남,61세,경상
2013122700100444,2013년 12월 27일 20시,금요일,충청북도 청주시 상당구 용담동,경상사고,0,0,1,0,차대사람 - 기타,보행자보호의무위반,건조,맑음,단일로 - 횡단보도상,승용,여,54세,상해없음,보행자,남,54세,경상
2013122700100477,2013년 12월 27일 21시,금요일,충청북도 청원군 남이면,경상사고,0,0,2,0,차대차 - 추돌 - 진행중,안전거리미확보,건조,맑음,교차로 - 교차로부근,승용,여,52세,상해없음,승용,남,52세,경상
2013122700100478,2013년 12월 27일 21시,금요일,충청북도 청주시 흥덕구 복대동,경상사고,0,0,1,0,차대사람 - 차도통행중,안전운전불이행,건조,맑음,교차로 - 교차로부근,승용,남,53세,상해없음,보행자,여,59세,경상
2013122700100479,2013년 12월 27일 21시,금요일,충청북도 청주시 상당구 용암동,경상사고,0,0,4,0,차대차 - 측면직각충돌,교차로운행방법위반,건조,맑음,교차로 - 교차로안,승용,남,28세,경상,승용,남,33세,경상
2013122700100514,2013년 12월 27일 22시,금요일,충청북도 청주시 흥덕구 운천동,경상사고,0,0,8,0,차대차 - 추돌 - 주정차중,중앙선침범,건조,맑음,교차로 - 교차로부근,승용,남,48세,상해없음,승용,여,41세,경상
2013122700100550,2013년 12월 27일 23시,금요일,충청북도 청주시 흥덕구 봉명동,경상사고,0,0,1,0,차대차 - 측면직각충돌,안전운전불이행,건조,맑음,단일로 - 기타,승용,여,39세,상해없음,승용,남,52세,상해없음
2013122700100551,2013년 12월 27일 23시,금요일,충청북도 청주시 흥덕구 모충동,중상사고,0,2,0,0,차대차 - 기타,안전운전불이행,건조,맑음,교차로 - 교차로안,승용,남,47세,상해없음,승용,남,57세,중상
2013122800100021,2013년 12월 28일 00시,토요일,충청북도 청주시 상당구 내덕동,경상사고,0,0,1,0,차대차 - 측면직각충돌,교차로운행방법위반,건조,맑음,교차로 - 교차로안,승용,남,64세,상해없음,원동기,남,48세,경상
2013122800100048,2013년 12월 28일 01시,토요일,충청북도 청주시 흥덕구 가경동,중상사고,0,1,0,0,차대차 - 추돌 - 주정차중,중앙선침범,건조,맑음,교차로 - 교차로부근,승용,남,48세,상해없음,승용,남,54세,중상
2013122800100065,2013년 12월 28일 02시,토요일,충청북도 청주시 상당구 율량동,경상사고,0,0,1,0,차대차 - 기타,신호위반,건조,맑음,교차로 - 교차로안,승용,남,56세,상해없음,승용,남,39세,경상
2013122800100066,2013년 12월 28일 02시,토요일,충청북도 청주시 상당구 석교동,중상사고,0,1,3,0,차대차 - 추돌 - 주정차중,안전운전불이행,건조,맑음,교차로 - 교차로부근,승합,남,31세,상해없음,승용,남,38세,중상
2013122800100067,2013년 12월 28일 02시,토요일,충청북도 진천군 진천읍,중상사고,0,1,0,0,차대사람 - 횡단중,안전운전불이행,건조,맑음,교차로 - 교차로안,승용,남,47세,기타불명,보행자,남,40세,중상
2013122800100128,2013년 12월 28일 05시,토요일,충청북도 청주시 흥덕구 모충동,중상사고,0,1,1,0,차대차 - 기타,신호위반,건조,흐림,교차로 - 교차로안,이륜,남,65세,중상,승용,남,29세,경상
2013122800100145,2013년 12월 28일 06시,토요일,충청북도 청주시 상당구 지북동,경상사고,0,0,1,0,차대차 - 측면직각충돌,신호위반,건조,맑음,교차로 - 교차로안,승합,남,59세,상해없음,승용,남,28세,경상
2013122800100160,2013년 12월 28일 07시,토요일,충청북도 제천시 송학면,중상사고,0,2,0,0,차대차 - 기타,중앙선침범,건조,맑음,단일로 - 기타,승용,남,45세,상해없음,승용,남,66세,중상
2013122800100187,2013년 12월 28일 09시,토요일,충청북도 충주시 연수동,경상사고,0,0,1,0,차대차 - 기타,신호위반,건조,맑음,교차로 - 교차로안,승용,여,57세,상해없음,승용,남,51세,경상
2013122800100206,2013년 12월 28일 10시,토요일,충청북도 제천시 강제동,중상사고,0,1,1,0,차대차 - 기타,신호위반,건조,맑음,교차로 - 교차로안,승용,남,53세,경상,화물,남,50세,중상
2013122800100262,2013년 12월 28일 12시,토요일,충청북도 청주시 흥덕구 수곡동,중상사고,0,1,0,0,차량단독 - 기타,기타,건조,맑음,단일로 - 기타,승합,남,49세,상해없음,,,,
2013122800100294,2013년 12월 28일 13시,토요일,충청북도 제천시 백운면,중상사고,0,1,0,0,차대차 - 기타,교차로운행방법위반,적설,맑음,교차로 - 교차로부근,화물,남,80세,상해없음,승용,남,40세,중상
2013122800100295,2013년 12월 28일 13시,토요일,충청북도 청주시 상당구 용정동,경상사고,0,0,3,0,차대차 - 측면직각충돌,교차로운행방법위반,건조,맑음,교차로 - 교차로안,승용,여,33세,경상,승용,남,37세,경상
2013122800100318,2013년 12월 28일 14시,토요일,충청북도 제천시 영천동,경상사고,0,0,1,0,차대차 - 기타,안전운전불이행,건조,맑음,교차로 - 교차로부근,승용,남,75세,상해없음,자전거,남,45세,경상
2013122800100343,2013년 12월 28일 15시,토요일,충청북도 청주시 흥덕구 모충동,중상사고,0,3,0,0,차대차 - 기타,안전운전불이행,건조,맑음,교차로 - 교차로안,승용,남,43세,상해없음,승용,남,36세,중상
2013122800100394,2013년 12월 28일 17시,토요일,충청북도 청주시 상당구 금천동,중상사고,0,1,0,0,차대차 - 측면직각충돌,안전운전불이행,건조,맑음,단일로 - 기타,승용,남,52세,상해없음,원동기,남,19세,중상
2013122800100395,2013년 12월 28일 17시,토요일,충청북도 제천시 명동,중상사고,0,1,0,0,차대사람 - 기타,안전운전불이행,건조,맑음,단일로 - 기타,승용,여,54세,상해없음,보행자,남,57세,중상
2013122800100396,2013년 12월 28일 17시,토요일,충청북도 청원군 남이면,경상사고,0,0,2,0,차대차 - 측면직각충돌,안전운전불이행,건조,맑음,단일로 - 기타,승용,남,29세,상해없음,승용,남,52세,경상
2013122800100397,2013년 12월 28일 17시,토요일,충청북도 청원군 오창읍,경상사고,0,0,5,0,차대차 - 추돌 - 진행중,안전거리미확보,건조,맑음,단일로 - 기타,승용,남,30세,경상,승용,남,54세,상해없음
2013122800100433,2013년 12월 28일 18시,토요일,충청북도 청주시 상당구 주성동,경상사고,0,0,3,0,차대차 - 측면직각충돌,교차로운행방법위반,건조,맑음,교차로 - 교차로안,승용,여,44세,경상,승용,남,37세,경상
2013122800100434,2013년 12월 28일 18시,토요일,충청북도 청주시 상당구 율량동,경상사고,0,0,1,0,차대사람 - 기타,안전운전불이행,건조,맑음,교차로 - 교차로안,승합,남,43세,상해없음,보행자,여,73세,경상
2013122800100471,2013년 12월 28일 19시,토요일,충청북도 청원군 오송읍,경상사고,0,0,3,0,차대차 - 추돌 - 진행중,안전운전불이행,건조,맑음,교차로 - 교차로부근,기타불명,기타불명,기타불명,기타불명,승용,여,30세,경상
2013122800100525,2013년 12월 28일 21시,토요일,충청북도 청주시 흥덕구 분평동,중상사고,0,1,0,0,차대사람 - 기타,안전운전불이행,건조,맑음,단일로 - 기타,승용,남,51세,상해없음,보행자,남,38세,중상
2013122900100008,2013년 12월 29일 00시,일요일,충청북도 청주시 상당구 내덕동,경상사고,0,0,1,0,차대차 - 기타,안전운전불이행,건조,맑음,단일로 - 기타,화물,남,42세,상해없음,승용,남,53세,경상
2013122900100009,2013년 12월 29일 00시,일요일,충청북도 충주시 연수동,경상사고,0,0,1,0,차대차 - 기타,안전거리미확보,건조,맑음,단일로 - 기타,승용,남,50세,상해없음,승용,남,38세,경상
2013122900100010,2013년 12월 29일 00시,일요일,충청북도 청주시 흥덕구 복대동,중상사고,0,1,0,0,차대사람 - 횡단중,안전운전불이행,건조,맑음,단일로 - 기타,승용,남,56세,상해없음,보행자,남,42세,중상
2013122900100032,2013년 12월 29일 01시,일요일,충청북도 제천시 봉양읍,중상사고,0,2,0,0,차대차 - 기타,안전운전불이행,건조,맑음,단일로 - 기타,승용,남,19세,상해없음,승용,남,54세,중상
2013122900100061,2013년 12월 29일 02시,일요일,충청북도 옥천군 옥천읍,중상사고,0,1,0,0,차대사람 - 기타,안전운전불이행,건조,맑음,단일로 - 기타,승용,여,53세,상해없음,보행자,남,24세,중상
2013122900100089,2013년 12월 29일 04시,일요일,충청북도 충주시 앙성면,경상사고,0,0,1,0,차대차 - 기타,안전운전불이행,건조,맑음,단일로 - 기타,승용,남,50세,상해없음,화물,남,52세,경상
2013122900100100,2013년 12월 29일 05시,일요일,충청북도 청주시 흥덕구 사창동,경상사고,0,0,2,0,차대사람 - 길가장자리구역통행중,안전운전불이행,건조,맑음,단일로 - 기타,승용,남,22세,상해없음,보행자,남,21세,경상
2013122900100101,2013년 12월 29일 05시,일요일,충청북도 청주시 흥덕구 송정동,경상사고,0,0,1,0,차량단독 - 기타,안전운전불이행,결빙,맑음,단일로 - 기타,승용,남,63세,상해없음,,,,
2013122900100126,2013년 12월 29일 07시,일요일,충청북도 충주시 달천동,중상사고,0,1,2,0,차대차 - 추돌 - 주정차중,안전운전불이행,건조,맑음,교차로 - 교차로부근,승용,남,29세,상해없음,화물,남,51세,경상
2013122900100127,2013년 12월 29일 07시,일요일,충청북도 청주시 흥덕구 사직동,부상신고사고,0,0,0,1,차대차 - 추돌 - 주정차중,안전운전불이행,결빙,눈,교차로 - 교차로부근,승용,남,24세,부상신고,승용,남,23세,상해없음
2013122900100186,2013년 12월 29일 12시,일요일,충청북도 청주시 흥덕구 사직동,중상사고,0,2,2,0,차대차 - 기타,신호위반,건조,맑음,교차로 - 교차로안,승용,남,56세,상해없음,승용,남,50세,경상
2013122900100204,2013년 12월 29일 13시,일요일,충청북도 청주시 상당구 우암동,경상사고,0,0,1,0,차대차 - 측면직각충돌,신호위반,건조,맑음,교차로 - 교차로안,승용,여,31세,상해없음,승용,남,55세,경상
2013122900100219,2013년 12월 29일 14시,일요일,충청북도 제천시 청풍면,경상사고,0,0,2,0,차대차 - 기타,안전거리미확보,건조,맑음,단일로 - 기타,승용,여,29세,상해없음,승용,남,36세,경상
2013122900100220,2013년 12월 29일 14시,일요일,충청북도 청주시 흥덕구 비하동,중상사고,0,1,4,0,차대차 - 측면직각충돌,교차로운행방법위반,건조,맑음,교차로 - 교차로안,승용,남,57세,경상,승용,남,32세,경상
2013122900100276,2013년 12월 29일 17시,일요일,충청북도 충주시 대소원면,경상사고,0,0,1,0,차대차 - 측면직각충돌,중앙선침범,건조,맑음,교차로 - 교차로안,화물,남,65세,상해없음,승용,남,27세,경상
2013122900100277,2013년 12월 29일 17시,일요일,충청북도 청주시 흥덕구 휴암동,중상사고,0,1,0,0,차대사람 - 횡단중,신호위반,건조,맑음,단일로 - 횡단보도상,승용,여,59세,상해없음,보행자,남,28세,중상
2013122900100278,2013년 12월 29일 17시,일요일,충청북도 청주시 흥덕구 사직동,경상사고,0,0,1,0,차대차 - 기타,안전운전불이행,건조,맑음,단일로 - 기타,자전거,남,62세,상해없음,이륜,남,27세,경상
2013122900100316,2013년 12월 29일 18시,일요일,충청북도 청주시 흥덕구 가경동,경상사고,0,0,1,0,차대차 - 추돌 - 진행중,중앙선침범,건조,맑음,교차로 - 교차로부근,기타불명,기타불명,기타불명,기타불명,이륜,남,31세,경상
2013122900100317,2013년 12월 29일 18시,일요일,충청북도 청주시 흥덕구 수곡동,중상사고,0,1,0,0,차대사람 - 기타,안전운전불이행,건조,맑음,교차로 - 교차로안,승용,여,46세,상해없음,보행자,남,53세,중상
2013122900100354,2013년 12월 29일 19시,일요일,충청북도 청주시 흥덕구 사창동,부상신고사고,0,0,0,1,차대차 - 추돌 - 진행중,신호위반,건조,맑음,교차로 - 교차로안,이륜,남,23세,부상신고,승용,남,37세,상해없음
2013122900100407,2013년 12월 29일 21시,일요일,충청북도 청주시 상당구 금천동,경상사고,0,0,1,0,차대사람 - 횡단중,안전운전불이행,건조,맑음,교차로 - 교차로안,원동기,남,49세,상해없음,보행자,남,6세,경상
2013122900100430,2013년 12월 29일 22시,일요일,충청북도 청주시 상당구 대성동,경상사고,0,0,1,0,차대사람 - 횡단중,보행자보호의무위반,건조,맑음,교차로 - 교차로안,승용,남,29세,상해없음,보행자,남,44세,경상
2013123000100007,2013년 12월 30일 00시,월요일,충청북도 충주시 수안보면,경상사고,0,0,1,0,차대사람 - 기타,안전운전불이행,습기,흐림,단일로 - 기타,승용,남,34세,상해없음,보행자,남,50세,경상
2013123000100015,2013년 12월 30일 01시,월요일,충청북도 청주시 흥덕구 개신동,중상사고,0,1,0,0,차대사람 - 횡단중,안전운전불이행,건조,맑음,교차로 - 교차로안,승용,남,58세,상해없음,보행자,남,52세,중상
2013123000100047,2013년 12월 30일 05시,월요일,충청북도 청주시 상당구 용암동,경상사고,0,0,1,0,차대차 - 측면직각충돌,중앙선침범,건조,맑음,단일로 - 기타,승용,남,33세,상해없음,승용,남,46세,경상
2013123000100161,2013년 12월 30일 10시,월요일,충청북도 음성군 감곡면,경상사고,0,0,1,0,차대사람 - 보도통행중,기타,건조,맑음,단일로 - 횡단보도부근,화물,남,41세,상해없음,보행자,남,73세,경상
2013123000100188,2013년 12월 30일 11시,월요일,충청북도 청주시 상당구 우암동,중상사고,0,1,0,0,차대차 - 기타,안전운전불이행,건조,맑음,교차로 - 교차로안,승용,여,49세,상해없음,자전거,남,62세,중상
2013123000100215,2013년 12월 30일 12시,월요일,충청북도 청원군 남이면,경상사고,0,0,1,0,차대차 - 측면직각충돌,안전거리미확보,건조,맑음,단일로 - 기타,원동기,남,67세,경상,승용,여,47세,상해없음
2013123000100271,2013년 12월 30일 14시,월요일,충청북도 청주시 흥덕구 복대동,경상사고,0,0,2,0,차대차 - 추돌 - 주정차중,안전운전불이행,건조,맑음,미분류 - 미분류,승용,남,59세,상해없음,승용,남,60세,경상
2013123000100272,2013년 12월 30일 14시,월요일,충청북도 청주시 상당구 방서동,경상사고,0,0,1,0,차량단독 - 기타,기타,건조,맑음,단일로 - 기타,승합,남,55세,상해없음,,,,
2013123000100297,2013년 12월 30일 15시,월요일,충청북도 음성군 대소면,중상사고,0,1,2,0,차대차 - 기타,교차로운행방법위반,건조,맑음,교차로 - 교차로안,승용,여,43세,경상,승용,여,26세,경상
2013123000100358,2013년 12월 30일 17시,월요일,충청북도 청주시 상당구 우암동,중상사고,0,1,1,0,차대차 - 기타,신호위반,건조,맑음,교차로 - 교차로안,승용,여,52세,상해없음,승용,남,62세,중상
2013123000100359,2013년 12월 30일 17시,월요일,충청북도 충주시 봉방동,중상사고,0,1,0,0,차대사람 - 기타,안전운전불이행,건조,맑음,교차로 - 교차로안,특수,남,57세,상해없음,보행자,여,78세,중상
2013123000100360,2013년 12월 30일 17시,월요일,충청북도 충주시 금릉동,경상사고,0,0,3,0,차대차 - 추돌 - 진행중,안전운전불이행,건조,맑음,단일로 - 기타,승용,여,35세,상해없음,승용,여,45세,경상
2013123000100361,2013년 12월 30일 17시,월요일,충청북도 음성군 삼성면,경상사고,0,0,1,0,차대차 - 기타,중앙선침범,건조,맑음,단일로 - 기타,승용,남,34세,상해없음,화물,남,43세,경상
2013123000100410,2013년 12월 30일 18시,월요일,충청북도 옥천군 옥천읍,중상사고,0,1,0,0,차대사람 - 횡단중,안전운전불이행,건조,맑음,교차로 - 교차로안,화물,남,38세,상해없음,보행자,남,74세,중상
2013123000100411,2013년 12월 30일 18시,월요일,충청북도 진천군 이월면,경상사고,0,0,1,0,차대사람 - 기타,안전운전불이행,건조,맑음,단일로 - 기타,승용,남,49세,상해없음,보행자,남,29세,경상
2013123000100450,2013년 12월 30일 19시,월요일,충청북도 음성군 삼성면,중상사고,0,1,2,0,차대차 - 기타,기타,건조,맑음,단일로 - 기타,승용,남,53세,경상,승용,여,59세,상해없음
2013123000100495,2013년 12월 30일 20시,월요일,충청북도 청주시 흥덕구 수곡동,경상사고,0,0,4,0,차대차 - 추돌 - 진행중,안전운전불이행,건조,맑음,단일로 - 기타,승용,남,52세,상해없음,승용,남,41세,경상
2013123000100535,2013년 12월 30일 21시,월요일,충청북도 청주시 상당구 탑동,경상사고,0,0,3,0,차대차 - 측면직각충돌,안전운전불이행,건조,맑음,교차로 - 교차로부근,승용,남,36세,경상,승용,남,43세,경상
2013123000100618,2013년 12월 30일 23시,월요일,충청북도 청주시 상당구 서운동,중상사고,0,2,3,0,차대차 - 기타,안전운전불이행,건조,맑음,교차로 - 교차로부근,화물,남,45세,상해없음,승용,여,24세,경상
2013123000100619,2013년 12월 30일 23시,월요일,충청북도 청주시 흥덕구 개신동,경상사고,0,0,2,0,차대차 - 추돌 - 진행중,안전운전불이행,건조,맑음,단일로 - 기타,승용,여,35세,경상,승용,남,48세,경상
2013123000100620,2013년 12월 30일 23시,월요일,충청북도 청주시 상당구 명암동,중상사고,0,1,0,0,차대차 - 기타,안전운전불이행,건조,맑음,단일로 - 기타,승용,남,37세,상해없음,승용,남,46세,중상
2013123100100041,2013년 12월 31일 01시,화요일,충청북도 청원군 내수읍,경상사고,0,0,1,0,차대차 - 기타,신호위반,건조,맑음,교차로 - 교차로안,승용,남,48세,상해없음,승용,남,55세,경상
2013123100100042,2013년 12월 31일 01시,화요일,충청북도 충주시 교현동,중상사고,0,1,1,0,차대차 - 추돌 - 진행중,안전운전불이행,건조,맑음,교차로 - 교차로부근,승용,남,40세,상해없음,승용,남,44세,중상
2013123100100060,2013년 12월 31일 02시,화요일,충청북도 청주시 상당구 북문로2가동,중상사고,0,1,0,0,차대사람 - 기타,보행자보호의무위반,건조,맑음,교차로 - 교차로부근,승용,남,49세,상해없음,보행자,남,27세,중상
2013123100100077,2013년 12월 31일 03시,화요일,충청북도 청주시 흥덕구 가경동,경상사고,0,0,1,0,차대차 - 측면직각충돌,신호위반,건조,맑음,교차로 - 교차로안,승용,남,32세,상해없음,승용,남,28세,경상
2013123100100169,2013년 12월 31일 08시,화요일,충청북도 충주시 주덕읍,경상사고,0,0,3,0,차대차 - 측면직각충돌,교차로운행방법위반,습기,맑음,교차로 - 교차로안,승용,남,77세,상해없음,승용,여,44세,상해없음
2013123100100170,2013년 12월 31일 08시,화요일,충청북도 제천시 하소동,경상사고,0,0,1,0,차대차 - 측면직각충돌,신호위반,건조,맑음,교차로 - 교차로안,승용,남,77세,상해없음,승용,남,30세,경상
2013123100100193,2013년 12월 31일 09시,화요일,충청북도 충주시 신니면,부상신고사고,0,0,0,1,차량단독 - 공작물충돌,안전운전불이행,건조,맑음,단일로 - 기타,화물,남,44세,부상신고,,,,
2013123100100194,2013년 12월 31일 09시,화요일,충청북도 제천시 의림동,경상사고,0,0,2,0,차대차 - 기타,안전운전불이행,습기,맑음,교차로 - 교차로부근,화물,남,51세,상해없음,승용,여,47세,경상
2013123100100217,2013년 12월 31일 10시,화요일,충청북도 청주시 상당구 금천동,경상사고,0,0,2,0,차대차 - 기타,안전운전불이행,건조,맑음,교차로 - 교차로안,화물,남,52세,상해없음,승용,여,61세,경상
2013123100100239,2013년 12월 31일 11시,화요일,충청북도 충주시 봉방동,경상사고,0,0,1,0,차대사람 - 기타,안전운전불이행,건조,맑음,교차로 - 교차로부근,화물,남,53세,상해없음,보행자,남,60세,경상
2013123100100266,2013년 12월 31일 12시,화요일,충청북도 충주시 단월동,중상사고,0,1,0,0,차대차 - 측면직각충돌,신호위반,건조,맑음,교차로 - 교차로안,승용,남,33세,중상,승용,남,45세,상해없음
2013123100100267,2013년 12월 31일 12시,화요일,충청북도 증평군 증평읍,경상사고,0,0,4,0,차대차 - 측면직각충돌,신호위반,건조,맑음,교차로 - 교차로안,승용,남,28세,상해없음,승용,여,52세,경상
2013123100100371,2013년 12월 31일 16시,화요일,충청북도 충주시 교현동,중상사고,0,2,0,0,차대차 - 측면직각충돌,직진우회전진행방해,건조,맑음,교차로 - 교차로안,승용,여,40세,상해없음,승용,남,25세,중상
2013123100100372,2013년 12월 31일 16시,화요일,충청북도 청주시 흥덕구 가경동,경상사고,0,0,1,0,차대차 - 측면직각충돌,중앙선침범,건조,맑음,교차로 - 교차로부근,승합,여,53세,상해없음,승합,남,45세,경상
2013123100100400,2013년 12월 31일 17시,화요일,충청북도 청주시 흥덕구 복대동,경상사고,0,0,1,0,차대차 - 추돌 - 진행중,안전운전불이행,건조,맑음,교차로 - 교차로안,자전거,여,64세,경상,승용,남,53세,상해없음
2013123100100446,2013년 12월 31일 18시,화요일,충청북도 청주시 흥덕구 복대동,경상사고,0,0,2,0,차대차 - 정면충돌,안전거리미확보,건조,맑음,단일로 - 기타,승용,여,56세,상해없음,승용,남,50세,경상
2013123100100503,2013년 12월 31일 19시,화요일,충청북도 청주시 상당구 금천동,경상사고,0,0,1,0,차대차 - 추돌 - 진행중,안전운전불이행,건조,맑음,교차로 - 교차로부근,승용,남,35세,상해없음,이륜,남,29세,경상
2013123100100504,2013년 12월 31일 19시,화요일,충청북도 단양군 매포읍,중상사고,0,1,1,0,차대차 - 기타,직진우회전진행방해,건조,맑음,교차로 - 교차로안,승용,남,30세,상해없음,승용,남,57세,중상
2013123100100505,2013년 12월 31일 19시,화요일,충청북도 청주시 흥덕구 성화동,경상사고,0,0,2,0,차대차 - 추돌 - 주정차중,안전운전불이행,건조,맑음,교차로 - 교차로부근,승용,남,26세,경상,화물,남,42세,경상
2013123100100506,2013년 12월 31일 19시,화요일,충청북도 청주시 상당구 금천동,사망사고,1,0,0,0,차대사람 - 횡단중,안전운전불이행,건조,맑음,교차로 - 교차로안,화물,남,72세,상해없음,보행자,여,53세,사망
2013123100100556,2013년 12월 31일 20시,화요일,충청북도 제천시 강제동,경상사고,0,0,1,0,차대차 - 기타,안전운전불이행,건조,맑음,단일로 - 기타,승용,남,41세,상해없음,승용,남,47세,경상
2013123100100557,2013년 12월 31일 20시,화요일,충청북도 제천시 청전동,경상사고,0,0,2,0,차대차 - 기타,중앙선침범,건조,맑음,단일로 - 기타,승용,남,47세,상해없음,승용,남,66세,경상
2013123100100587,2013년 12월 31일 21시,화요일,충청북도 청주시 흥덕구 복대동,경상사고,0,0,1,0,차량단독 - 기타,안전운전불이행,건조,맑음,단일로 - 기타,승용,남,66세,상해없음,,,,
2013123100100659,2013년 12월 31일 23시,화요일,충청북도 청주시 흥덕구 운천동,부상신고사고,0,0,0,1,차대사람 - 길가장자리구역통행중,안전운전불이행,건조,맑음,단일로 - 기타,기타불명,기타불명,기타불명,기타불명,보행자,남,36세,부상신고